11.319 0.000241503
11.0265 9.94337e-08
11.0265 -3.98968e-08
11.0264 -3.99421e-09
11.0265 -3.98968e-08
11.1517 7.50505e-05
11.0265 3.80193e-08
11.0265 5.05551e-12
11.0265 -5.05285e-12
11.0265 0
11.0265 0
11.0265 -3.99039e-09
11.0266 -3.98586e-08
11.1518 7.51162e-05
11.0266 3.79499e-08
11.0266 5.03708e-12
11.0266 -5.03464e-12
11.0266 0
11.0266 0
11.0266 -3.98657e-09
11.0267 -3.98204e-08
11.1519 7.51818e-05
11.0267 3.78806e-08
11.0267 5.01843e-12
11.0267 -5.01599e-12
11.0267 0
11.0267 0
11.0267 -3.98276e-09
11.0268 -3.97823e-08
11.152 7.52473e-05
11.0268 3.78115e-08
11.0268 4.99978e-12
11.0268 -4.99711e-12
11.0268 0
11.0268 0
11.0268 -3.97894e-09
11.0268 -3.97442e-08
11.1521 7.53129e-05
11.0269 3.77425e-08
11.0269 4.98157e-12
11.0269 -4.97891e-12
11.0269 0
11.0269 0
11.0269 -3.97513e-09
11.0269 -3.97061e-08
11.1522 7.53784e-05
11.027 3.76737e-08
11.027 4.96336e-12
11.027 -4.96092e-12
11.027 2.22045e-16
11.027 -2.22045e-16
11.027 2.22045e-16
11.027 -3.9668e-08
11.027 -2.22045e-16
11.027 0
11.027 0
11.027 -3.97132e-09
11.027 -3.9668e-08
11.1523 7.54439e-05
11.0271 3.76051e-08
11.0271 4.94538e-12
11.0271 -4.94293e-12
11.0271 0
11.0271 0
11.0271 -3.96752e-09
11.0271 -3.96299e-08
11.1524 7.55093e-05
11.0272 3.75366e-08
11.0272 4.92695e-12
11.0272 -4.92451e-12
11.0272 2.22045e-16
11.0272 0
11.0272 0
11.0272 -3.96372e-09
11.0272 -3.95919e-08
11.1525 7.55747e-05
11.0273 3.74683e-08
11.0273 4.90918e-12
11.0273 -4.90696e-12
11.0273 -2.22045e-16
11.0273 2.22045e-16
11.0273 2.22045e-16
11.0273 2.22045e-16
11.0273 -3.95539e-08
11.0273 0
11.0273 0
11.0273 -3.95991e-09
11.0273 -3.95539e-08
11.1526 7.56401e-05
11.0274 3.74001e-08
11.0274 4.89098e-12
11.0274 -4.88853e-12
11.0274 0
11.0274 0
11.0274 -3.95612e-09
11.0274 -3.95159e-08
11.1527 7.57055e-05
11.0275 3.73321e-08
11.0275 4.87321e-12
11.0275 -4.87077e-12
11.0275 0
11.0275 0
11.0275 -3.95232e-09
11.0275 -3.9478e-08
11.1528 7.57708e-05
11.0276 3.72643e-08
11.0276 4.85545e-12
11.0276 -4.85301e-12
11.0276 -2.22045e-16
11.0276 2.22045e-16
11.0276 2.22045e-16
11.0276 2.22045e-16
11.0276 -3.94401e-08
11.0276 -2.22045e-16
11.0276 0
11.0276 0
11.0276 -3.94853e-09
11.0276 -3.94401e-08
11.1529 7.58361e-05
11.0277 3.71966e-08
11.0277 4.83769e-12
11.0277 -4.83547e-12
11.0277 0
11.0277 0
11.0277 -3.94473e-09
11.0277 -3.94022e-08
11.153 7.59013e-05
11.0278 3.71291e-08
11.0277 4.81992e-12
11.0277 -4.8177e-12
11.0277 0
11.0277 0
11.0278 -3.94095e-09
11.0278 -3.93643e-08
11.1531 7.59666e-05
11.0279 3.70617e-08
11.0278 4.80216e-12
11.0278 -4.79972e-12
11.0278 -2.22045e-16
11.0278 2.22045e-16
11.0278 0
11.0278 0
11.0278 -3.93716e-09
11.0279 -3.93264e-08
11.1532 7.60318e-05
11.028 3.69944e-08
11.0279 4.78484e-12
11.0279 -4.78262e-12
11.0279 0
11.0279 0
11.0279 -3.93338e-09
11.028 -3.92886e-08
11.1533 7.60969e-05
11.0281 3.69274e-08
11.028 4.76708e-12
11.028 -4.76441e-12
11.028 -2.22045e-16
11.028 2.22045e-16
11.028 2.22045e-16
11.028 2.22045e-16
11.0281 -3.92508e-08
11.028 0
11.028 0
11.028 -3.92959e-09
11.0281 -3.92508e-08
11.1534 7.6162e-05
11.0282 3.68604e-08
11.0281 4.74976e-12
11.0281 -4.74731e-12
11.0281 -2.22045e-16
11.0281 4.44089e-16
11.0281 0
11.0281 0
11.0281 -3.92581e-09
11.0282 -3.9213e-08
11.1535 7.62271e-05
11.0283 3.67937e-08
11.0282 4.73221e-12
11.0282 -4.72977e-12
11.0282 0
11.0282 0
11.0282 -3.92204e-09
11.0283 -3.91752e-08
11.1535 7.62922e-05
11.0284 3.6727e-08
11.0283 4.7149e-12
11.0283 -4.71223e-12
11.0283 2.22045e-16
11.0283 -2.22045e-16
11.0283 2.22045e-16
11.0284 -3.91375e-08
11.0283 -2.22045e-16
11.0283 -2.22045e-16
11.0283 -2.22045e-16
11.0284 -3.91375e-08
11.1536 7.63572e-05
11.0284 3.66606e-08
11.0284 4.6978e-12
11.0284 -4.69536e-12
11.0284 0
11.0284 0
11.0284 -3.91449e-09
11.0285 -3.90998e-08
11.1537 7.64222e-05
11.0285 3.65942e-08
11.0285 4.68092e-12
11.0285 -4.6787e-12
11.0285 -2.22045e-16
11.0285 2.22045e-16
11.0285 2.22045e-16
11.0285 2.22045e-16
11.0286 -3.90621e-08
11.0285 -2.22045e-16
11.0285 0
11.0285 0
11.0285 -3.91072e-09
11.0286 -3.90621e-08
11.1538 7.64872e-05
11.0286 3.65281e-08
11.0286 4.6636e-12
11.0286 -4.66094e-12
11.0286 0
11.0286 0
11.0286 -3.90695e-09
11.0287 -3.90244e-08
11.1539 7.65521e-05
11.0287 3.6462e-08
11.0287 4.64673e-12
11.0287 -4.64451e-12
11.0287 2.22045e-16
11.0287 2.22045e-16
11.0287 -4.44089e-16
11.0287 -2.22045e-16
11.0287 2.22045e-16
11.0288 -3.89868e-08
11.0287 -2.22045e-16
11.0287 -2.22045e-16
11.0287 -2.22045e-16
11.0288 -3.89868e-08
11.154 7.6617e-05
11.0288 3.63962e-08
11.0288 4.62985e-12
11.0288 -4.62763e-12
11.0288 -2.22045e-16
11.0288 4.44089e-16
11.0288 2.22045e-16
11.0288 2.22045e-16
11.0289 -3.89492e-08
11.0288 0
11.0288 0
11.0288 -3.89943e-09
11.0289 -3.89492e-08
11.1541 7.66819e-05
11.0289 3.63304e-08
11.0289 4.61298e-12
11.0289 -4.61098e-12
11.0289 2.22045e-16
11.0289 -2.22045e-16
11.0289 2.22045e-16
11.029 -3.89116e-08
11.0289 -2.22045e-16
11.0289 -2.22045e-16
11.0289 -2.22045e-16
11.029 -3.89116e-08
11.1542 7.67467e-05
11.029 3.62649e-08
11.029 4.5961e-12
11.029 -4.59388e-12
11.029 0
11.029 0
11.029 -3.89191e-09
11.0291 -3.8874e-08
11.1543 7.68116e-05
11.0291 3.61994e-08
11.0291 4.57945e-12
11.0291 -4.57745e-12
11.0291 0
11.0291 0
11.0291 -3.88815e-09
11.0291 -3.88365e-08
11.1544 7.68763e-05
11.0292 3.61341e-08
11.0292 4.56279e-12
11.0292 -4.56057e-12
11.0292 0
11.0292 0
11.0292 -3.8844e-09
11.0292 -3.8799e-08
11.1545 7.69411e-05
11.0293 3.6069e-08
11.0293 4.54636e-12
11.0293 -4.54436e-12
11.0293 -2.22045e-16
11.0293 4.44089e-16
11.0293 2.22045e-16
11.0293 2.22045e-16
11.0293 -3.87615e-08
11.0293 -2.22045e-16
11.0293 0
11.0293 0
11.0293 -3.88065e-09
11.0293 -3.87615e-08
11.1546 7.70058e-05
11.0294 3.6004e-08
11.0294 4.52971e-12
11.0294 -4.52749e-12
11.0294 0
11.0294 0
11.0294 -3.8769e-09
11.0294 -3.8724e-08
11.1547 7.70705e-05
11.0295 3.59392e-08
11.0295 4.51306e-12
11.0295 -4.51084e-12
11.0295 0
11.0295 0
11.0295 -3.87316e-09
11.0295 -3.86865e-08
11.1548 7.71351e-05
11.0296 3.58745e-08
11.0296 4.49663e-12
11.0296 -4.4944e-12
11.0296 2.22045e-16
11.0296 0
11.0296 0
11.0296 -3.86941e-09
11.0296 -3.86491e-08
11.1549 7.71997e-05
11.0297 3.58099e-08
11.0297 4.48042e-12
11.0297 -4.47842e-12
11.0297 0
11.0297 0
11.0297 -3.86567e-09
11.0297 -3.86117e-08
11.155 7.72643e-05
11.0298 3.57455e-08
11.0298 4.46421e-12
11.0298 -4.46221e-12
11.0298 -2.22045e-16
11.0298 4.44089e-16
11.0298 0
11.0298 0
11.0298 -3.86193e-09
11.0298 -3.85743e-08
11.1551 7.73289e-05
11.0299 3.56812e-08
11.0298 4.448e-12
11.0298 -4.446e-12
11.0298 -2.22045e-16
11.0298 4.44089e-16
11.0298 2.22045e-16
11.0298 2.22045e-16
11.0299 -3.8537e-08
11.0298 -2.22045e-16
11.0298 2.22045e-16
11.0298 -2.22045e-16
11.0299 -3.8537e-08
11.1552 7.73934e-05
11.03 3.56171e-08
11.0299 4.43179e-12
11.0299 -4.42957e-12
11.0299 2.22045e-16
11.0299 -2.22045e-16
11.0299 2.22045e-16
11.03 -3.84996e-08
11.0299 0
11.0299 0
11.0299 -3.85446e-09
11.03 -3.84996e-08
11.1553 7.74579e-05
11.0301 3.55531e-08
11.03 4.4158e-12
11.03 -4.4138e-12
11.03 0
11.03 0
11.03 -3.85073e-09
11.0301 -3.84623e-08
11.1554 7.75224e-05
11.0302 3.54893e-08
11.0301 4.39981e-12
11.0301 -4.39759e-12
11.0301 -2.22045e-16
11.0301 2.22045e-16
11.0301 2.22045e-16
11.0301 2.22045e-16
11.0302 -3.8425e-08
11.0301 0
11.0301 0
11.0301 -3.847e-09
11.0302 -3.8425e-08
11.1555 7.75868e-05
11.0303 3.54256e-08
11.0302 4.38383e-12
11.0302 -4.38183e-12
11.0302 -2.22045e-16
11.0302 4.44089e-16
11.0302 2.22045e-16
11.0302 2.22045e-16
11.0303 -3.83878e-08
11.0302 -2.22045e-16
11.0302 2.22045e-16
11.0302 -2.22045e-16
11.0303 -3.83878e-08
11.1556 7.76512e-05
11.0303 3.5362e-08
11.0303 4.36784e-12
11.0303 -4.36584e-12
11.0303 2.22045e-16
11.0303 -2.22045e-16
11.0303 2.22045e-16
11.0304 -3.83505e-08
11.0303 -2.22045e-16
11.0303 0
11.0303 0
11.0303 -3.83955e-09
11.0304 -3.83505e-08
11.1557 7.77156e-05
11.0304 3.52986e-08
11.0304 4.35207e-12
11.0304 -4.34985e-12
11.0304 0
11.0304 0
11.0304 -3.83583e-09
11.0305 -3.83133e-08
11.1557 7.77799e-05
11.0305 3.52353e-08
11.0305 4.33631e-12
11.0305 -4.33409e-12
11.0305 -2.22045e-16
11.0305 2.22045e-16
11.0305 2.22045e-16
11.0305 2.22045e-16
11.0306 -3.82761e-08
11.0305 2.22045e-16
11.0305 -2.22045e-16
11.0305 -2.22045e-16
11.0305 -2.22045e-16
11.0306 -3.82761e-08
11.1558 7.78442e-05
11.0306 3.51721e-08
11.0306 4.32099e-12
11.0306 -4.31899e-12
11.0306 0
11.0306 0
11.0306 -3.82839e-09
11.0307 -3.8239e-08
11.1559 7.79085e-05
11.0307 3.51091e-08
11.0307 4.30522e-12
11.0307 -4.30345e-12
11.0307 0
11.0307 0
11.0307 -3.82467e-09
11.0308 -3.82018e-08
11.156 7.79728e-05
11.0308 3.50463e-08
11.0308 4.28946e-12
11.0308 -4.28746e-12
11.0308 0
11.0308 0
11.0308 -3.82096e-09
11.0309 -3.81647e-08
11.1561 7.8037e-05
11.0309 3.49836e-08
11.0309 4.27391e-12
11.0309 -4.27192e-12
11.0309 0
11.0309 0
11.0309 -3.81725e-09
11.0309 -3.81276e-08
11.1562 7.81012e-05
11.031 3.4921e-08
11.031 4.25837e-12
11.031 -4.25637e-12
11.031 2.22045e-16
11.031 0
11.031 0
11.031 -3.81354e-09
11.031 -3.80905e-08
11.1563 7.81653e-05
11.0311 3.48585e-08
11.0311 4.24305e-12
11.0311 -4.24127e-12
11.0311 2.22045e-16
11.0311 0
11.0311 0
11.0311 -3.80983e-09
11.0311 -3.80534e-08
11.1564 7.82294e-05
11.0312 3.47962e-08
11.0312 4.22817e-12
11.0312 -4.2264e-12
11.0312 0
11.0312 0
11.0312 -3.80613e-09
11.0312 -3.80164e-08
11.1565 7.82935e-05
11.0313 3.4734e-08
11.0313 4.21263e-12
11.0313 -4.21063e-12
11.0313 -2.22045e-16
11.0313 2.22045e-16
11.0313 2.22045e-16
11.0313 2.22045e-16
11.0313 -3.79794e-08
11.0313 -2.22045e-16
11.0313 0
11.0313 0
11.0313 -3.80243e-09
11.0313 -3.79794e-08
11.1566 7.83576e-05
11.0314 3.4672e-08
11.0314 4.19731e-12
11.0314 -4.19531e-12
11.0314 0
11.0314 0
11.0314 -3.79873e-09
11.0314 -3.79424e-08
11.1567 7.84216e-05
11.0315 3.46101e-08
11.0315 4.18221e-12
11.0315 -4.18043e-12
11.0315 -2.22045e-16
11.0315 4.44089e-16
11.0315 0
11.0315 0
11.0315 -3.79503e-09
11.0315 -3.79055e-08
11.1568 7.84856e-05
11.0316 3.45483e-08
11.0315 4.16711e-12
11.0315 -4.16533e-12
11.0315 0
11.0315 0
11.0316 -3.79134e-09
11.0316 -3.78685e-08
11.1569 7.85496e-05
11.0317 3.44867e-08
11.0316 4.15179e-12
11.0316 -4.14957e-12
11.0316 2.22045e-16
11.0316 0
11.0316 0
11.0316 -3.78765e-09
11.0317 -3.78316e-08
11.157 7.86135e-05
11.0318 3.44252e-08
11.0317 4.13691e-12
11.0317 -4.13491e-12
11.0317 0
11.0317 0
11.0317 -3.78395e-09
11.0318 -3.77947e-08
11.1571 7.86775e-05
11.0319 3.43638e-08
11.0318 4.12226e-12
11.0318 -4.12048e-12
11.0318 0
11.0318 0
11.0318 -3.78027e-09
11.0319 -3.77578e-08
11.1572 7.87413e-05
11.032 3.43025e-08
11.0319 4.10738e-12
11.0319 -4.1056e-12
11.0319 0
11.0319 0
11.0319 -3.77658e-09
11.032 -3.7721e-08
11.1573 7.88052e-05
11.032 3.42414e-08
11.032 4.0925e-12
11.032 -4.09073e-12
11.032 0
11.032 0
11.032 -3.7729e-09
11.0321 -3.76842e-08
11.1574 7.8869e-05
11.0321 3.41805e-08
11.0321 4.07785e-12
11.0321 -4.07607e-12
11.0321 -2.22045e-16
11.0321 4.44089e-16
11.0321 2.22045e-16
11.0321 2.22045e-16
11.0322 -3.76474e-08
11.0321 -2.22045e-16
11.0321 0
11.0321 0
11.0321 -3.76922e-09
11.0322 -3.76474e-08
11.1575 7.89328e-05
11.0322 3.41196e-08
11.0322 4.06319e-12
11.0322 -4.06142e-12
11.0322 0
11.0322 0
11.0322 -3.76554e-09
11.0323 -3.76106e-08
11.1575 7.89965e-05
11.0323 3.40589e-08
11.0323 4.04854e-12
11.0323 -4.04676e-12
11.0323 0
11.0323 0
11.0323 -3.76186e-09
11.0324 -3.75738e-08
11.1576 7.90603e-05
11.0324 3.39983e-08
11.0324 4.03388e-12
11.0324 -4.03211e-12
11.0324 0
11.0324 0
11.0324 -3.75819e-09
11.0325 -3.75371e-08
11.1577 7.9124e-05
11.0325 3.39379e-08
11.0325 4.01967e-12
11.0325 -4.01812e-12
11.0325 -2.22045e-16
11.0325 2.22045e-16
11.0325 2.22045e-16
11.0325 2.22045e-16
11.0325 -3.75004e-08
11.0325 -2.22045e-16
11.0325 0
11.0325 0
11.0325 -3.75451e-09
11.0325 -3.75004e-08
11.1578 7.91876e-05
11.0326 3.38776e-08
11.0326 4.0048e-12
11.0326 -4.00302e-12
11.0326 0
11.0326 0
11.0326 -3.75084e-09
11.0326 -3.74637e-08
11.1579 7.92513e-05
11.0327 3.38174e-08
11.0327 3.99059e-12
11.0327 -3.98881e-12
11.0327 2.22045e-16
11.0327 -2.22045e-16
11.0327 2.22045e-16
11.0327 -3.7427e-08
11.0327 -2.22045e-16
11.0327 -2.22045e-16
11.0327 -2.22045e-16
11.0327 -3.7427e-08
11.158 7.93149e-05
11.0328 3.37573e-08
11.0328 3.97615e-12
11.0328 -3.97438e-12
11.0328 0
11.0328 0
11.0328 -3.74351e-09
11.0328 -3.73904e-08
11.1581 7.93785e-05
11.0329 3.36974e-08
11.0329 3.96194e-12
11.0329 -3.96017e-12
11.0329 0
11.0329 0
11.0329 -3.73985e-09
11.0329 -3.73537e-08
11.1582 7.9442e-05
11.033 3.36376e-08
11.033 3.94773e-12
11.033 -3.94595e-12
11.033 -2.22045e-16
11.033 4.44089e-16
11.033 0
11.033 0
11.033 -3.73619e-09
11.033 -3.73171e-08
11.1583 7.95055e-05
11.0331 3.35779e-08
11.033 3.93352e-12
11.033 -3.93174e-12
11.033 0
11.033 0
11.033 -3.73253e-09
11.0331 -3.72806e-08
11.1584 7.9569e-05
11.0332 3.35184e-08
11.0331 3.91931e-12
11.0331 -3.91753e-12
11.0331 2.22045e-16
11.0331 -2.22045e-16
11.0331 2.22045e-16
11.0332 -3.7244e-08
11.0331 -2.22045e-16
11.0331 0
11.0331 0
11.0331 -3.72887e-09
11.0332 -3.7244e-08
11.1585 7.96325e-05
11.0333 3.3459e-08
11.0332 3.90554e-12
11.0332 -3.90399e-12
11.0332 -2.22045e-16
11.0332 4.44089e-16
11.0332 0
11.0332 0
11.0332 -3.72522e-09
11.0333 -3.72075e-08
11.1586 7.96959e-05
11.0334 3.33997e-08
11.0333 3.89133e-12
11.0333 -3.88956e-12
11.0333 2.22045e-16
11.0333 -2.22045e-16
11.0333 2.22045e-16
11.0334 -3.7171e-08
11.0333 0
11.0333 0
11.0333 -3.72157e-09
11.0334 -3.7171e-08
11.1587 7.97593e-05
11.0334 3.33405e-08
11.0334 3.87756e-12
11.0334 -3.87601e-12
11.0334 2.22045e-16
11.0334 -4.44089e-16
11.0334 2.22045e-16
11.0335 -3.71345e-08
11.0334 -2.22045e-16
11.0334 -2.22045e-16
11.0334 -2.22045e-16
11.0335 -3.71345e-08
11.1588 7.98227e-05
11.0335 3.32815e-08
11.0335 3.86335e-12
11.0335 -3.86158e-12
11.0335 0
11.0335 0
11.0335 -3.71427e-09
11.0336 -3.7098e-08
11.1589 7.9886e-05
11.0336 3.32225e-08
11.0336 3.84959e-12
11.0336 -3.84759e-12
11.0336 2.22045e-16
11.0336 -2.22045e-16
11.0336 2.22045e-16
11.0337 -3.70616e-08
11.0336 -2.22045e-16
11.0336 -2.22045e-16
11.0336 -2.22045e-16
11.0337 -3.70616e-08
11.159 7.99493e-05
11.0337 3.31637e-08
11.0337 3.83582e-12
11.0337 -3.83404e-12
11.0337 0
11.0337 0
11.0337 -3.70698e-09
11.0338 -3.70251e-08
11.159 8.00126e-05
11.0338 3.31051e-08
11.0338 3.82228e-12
11.0338 -3.82072e-12
11.0338 0
11.0338 0
11.0338 -3.70334e-09
11.0338 -3.69887e-08
11.1591 8.00759e-05
11.0339 3.30465e-08
11.0339 3.80851e-12
11.0339 -3.80695e-12
11.0339 2.22045e-16
11.0339 -2.22045e-16
11.0339 2.22045e-16
11.0339 -3.69524e-08
11.0339 -2.22045e-16
11.0339 -2.22045e-16
11.0339 -2.22045e-16
11.0339 -3.69524e-08
11.1592 8.01391e-05
11.034 3.29881e-08
11.034 3.79474e-12
11.034 -3.79319e-12
11.034 -2.22045e-16
11.034 4.44089e-16
11.034 2.22045e-16
11.034 2.22045e-16
11.034 -3.6916e-08
11.034 -2.22045e-16
11.034 2.22045e-16
11.034 -2.22045e-16
11.034 -3.6916e-08
11.1593 8.02023e-05
11.0341 3.29298e-08
11.0341 3.7812e-12
11.0341 -3.77964e-12
11.0341 0
11.0341 0
11.0341 -3.69243e-09
11.0341 -3.68797e-08
11.1594 8.02655e-05
11.0342 3.28717e-08
11.0342 3.76765e-12
11.0342 -3.76632e-12
11.0342 0
11.0342 0
11.0342 -3.6888e-09
11.0342 -3.68434e-08
11.1595 8.03286e-05
11.0343 3.28136e-08
11.0343 3.75411e-12
11.0343 -3.75233e-12
11.0343 0
11.0343 0
11.0343 -3.68517e-09
11.0343 -3.68071e-08
11.1596 8.03917e-05
11.0344 3.27557e-08
11.0343 3.74079e-12
11.0343 -3.73923e-12
11.0343 0
11.0343 0
11.0344 -3.68154e-09
11.0344 -3.67708e-08
11.1597 8.04548e-05
11.0345 3.26979e-08
11.0344 3.72746e-12
11.0344 -3.72569e-12
11.0344 -2.22045e-16
11.0344 2.22045e-16
11.0344 2.22045e-16
11.0344 2.22045e-16
11.0345 -3.67346e-08
11.0344 -2.22045e-16
11.0344 -2.22045e-16
11.0344 -2.22045e-16
11.0345 -3.67346e-08
11.1598 8.05178e-05
11.0346 3.26402e-08
11.0345 3.71414e-12
11.0345 -3.71236e-12
11.0345 0
11.0345 0
11.0345 -3.67429e-09
11.0346 -3.66983e-08
11.1599 8.05808e-05
11.0346 3.25826e-08
11.0346 3.70082e-12
11.0346 -3.69904e-12
11.0346 -2.22045e-16
11.0346 2.22045e-16
11.0346 2.22045e-16
11.0346 2.22045e-16
11.0347 -3.66621e-08
11.0346 0
11.0346 0
11.0346 -3.67067e-09
11.0347 -3.66621e-08
11.16 8.06438e-05
11.0347 3.25252e-08
11.0347 3.68749e-12
11.0347 -3.68616e-12
11.0347 2.22045e-16
11.0347 -2.22045e-16
11.0347 2.22045e-16
11.0348 -3.6626e-08
11.0347 -2.22045e-16
11.0347 0
11.0347 0
11.0347 -3.66705e-09
11.0348 -3.6626e-08
11.1601 8.07068e-05
11.0348 3.24679e-08
11.0348 3.67417e-12
11.0348 -3.6724e-12
11.0348 2.22045e-16
11.0348 -2.22045e-16
11.0348 2.22045e-16
11.0349 -3.65898e-08
11.0348 -2.22045e-16
11.0348 0
11.0348 0
11.0348 -3.66344e-09
11.0349 -3.65898e-08
11.1602 8.07697e-05
11.0349 3.24107e-08
11.0349 3.66129e-12
11.0349 -3.65974e-12
11.0349 0
11.0349 0
11.0349 -3.65982e-09
11.035 -3.65537e-08
11.1603 8.08326e-05
11.035 3.23536e-08
11.035 3.64797e-12
11.035 -3.64619e-12
11.035 2.22045e-16
11.035 0
11.035 0
11.035 -3.65621e-09
11.0351 -3.65175e-08
11.1604 8.08955e-05
11.0351 3.22967e-08
11.0351 3.63531e-12
11.0351 -3.63376e-12
11.0351 -2.22045e-16
11.0351 6.66134e-16
11.0351 0
11.0351 0
11.0351 -3.6526e-09
11.0351 -3.64815e-08
11.1604 8.09583e-05
11.0352 3.22398e-08
11.0352 3.62221e-12
11.0352 -3.62066e-12
11.0352 2.22045e-16
11.0352 -2.22045e-16
11.0352 2.22045e-16
11.0352 -3.64454e-08
11.0352 -2.22045e-16
11.0352 -2.22045e-16
11.0352 -2.22045e-16
11.0352 -3.64454e-08
11.1605 8.10211e-05
11.0353 3.21831e-08
11.0353 3.60934e-12
11.0353 -3.608e-12
11.0353 2.22045e-16
11.0353 0
11.0353 0
11.0353 -3.64539e-09
11.0353 -3.64093e-08
11.1606 8.10839e-05
11.0354 3.21265e-08
11.0354 3.59646e-12
11.0354 -3.59512e-12
11.0354 -2.22045e-16
11.0354 4.44089e-16
11.0354 2.22045e-16
11.0354 2.22045e-16
11.0354 -3.63733e-08
11.0354 -2.22045e-16
11.0354 2.22045e-16
11.0354 -2.22045e-16
11.0354 -3.63733e-08
11.1607 8.11467e-05
11.0355 3.207e-08
11.0355 3.58358e-12
11.0355 -3.58202e-12
11.0355 0
11.0355 0
11.0355 -3.63818e-09
11.0355 -3.63373e-08
11.1608 8.12094e-05
11.0356 3.20136e-08
11.0355 3.57092e-12
11.0355 -3.56937e-12
11.0355 0
11.0355 0
11.0355 -3.63458e-09
11.0356 -3.63013e-08
11.1609 8.12721e-05
11.0357 3.19574e-08
11.0356 3.55804e-12
11.0356 -3.55649e-12
11.0356 0
11.0356 0
11.0356 -3.63099e-09
11.0357 -3.62654e-08
11.161 8.13348e-05
11.0358 3.19012e-08
11.0357 3.54539e-12
11.0357 -3.54405e-12
11.0357 0
11.0357 0
11.0357 -3.62739e-09
11.0358 -3.62294e-08
11.1611 8.13974e-05
11.0358 3.18452e-08
11.0358 3.53295e-12
11.0358 -3.53162e-12
11.0358 -2.22045e-16
11.0358 4.44089e-16
11.0358 2.22045e-16
11.0358 2.22045e-16
11.0359 -3.61935e-08
11.0358 -2.22045e-16
11.0358 2.22045e-16
11.0358 -2.22045e-16
11.0359 -3.61935e-08
11.1612 8.146e-05
11.0359 3.17893e-08
11.0359 3.5203e-12
11.0359 -3.51874e-12
11.0359 0
11.0359 0
11.0359 -3.62021e-09
11.036 -3.61576e-08
11.1613 8.15226e-05
11.036 3.17335e-08
11.036 3.50786e-12
11.036 -3.50675e-12
11.036 0
11.036 0
11.036 -3.61662e-09
11.0361 -3.61217e-08
11.1614 8.15852e-05
11.0361 3.16779e-08
11.0361 3.4952e-12
11.0361 -3.49387e-12
11.0361 2.22045e-16
11.0361 -2.22045e-16
11.0361 2.22045e-16
11.0362 -3.60859e-08
11.0361 0
11.0361 0
11.0361 -3.61303e-09
11.0362 -3.60859e-08
11.1615 8.16477e-05
11.0362 3.16223e-08
11.0362 3.48277e-12
11.0362 -3.48144e-12
11.0362 0
11.0362 0
11.0362 -3.60945e-09
11.0362 -3.605e-08
11.1616 8.17102e-05
11.0363 3.15669e-08
11.0363 3.47056e-12
11.0363 -3.469e-12
11.0363 -2.22045e-16
11.0363 2.22045e-16
11.0363 0
11.0363 0
11.0363 -3.60587e-09
11.0363 -3.60142e-08
11.1616 8.17727e-05
11.0364 3.15115e-08
11.0364 3.45812e-12
11.0364 -3.45657e-12
11.0364 -2.22045e-16
11.0364 4.44089e-16
11.0364 0
11.0364 0
11.0364 -3.60229e-09
11.0364 -3.59784e-08
11.1617 8.18351e-05
11.0365 3.14563e-08
11.0365 3.44591e-12
11.0365 -3.44458e-12
11.0365 0
11.0365 0
11.0365 -3.59871e-09
11.0365 -3.59427e-08
11.1618 8.18975e-05
11.0366 3.14012e-08
11.0366 3.43348e-12
11.0366 -3.43214e-12
11.0366 -2.22045e-16
11.0366 6.66134e-16
11.0366 2.22045e-16
11.0366 2.22045e-16
11.0366 -3.59069e-08
11.0366 -2.22045e-16
11.0366 0
11.0366 0
11.0366 -3.59513e-09
11.0366 -3.59069e-08
11.1619 8.19599e-05
11.0367 3.13462e-08
11.0366 3.42126e-12
11.0366 -3.41993e-12
11.0366 2.22045e-16
11.0366 -2.22045e-16
11.0366 2.22045e-16
11.0367 -3.58712e-08
11.0366 -2.22045e-16
11.0366 0
11.0366 0
11.0366 -3.59156e-09
11.0367 -3.58712e-08
11.162 8.20223e-05
11.0368 3.12913e-08
11.0367 3.40905e-12
11.0367 -3.40772e-12
11.0367 0
11.0367 0
11.0367 -3.58799e-09
11.0368 -3.58355e-08
11.1621 8.20846e-05
11.0369 3.12366e-08
11.0368 3.39728e-12
11.0368 -3.39617e-12
11.0368 0
11.0368 0
11.0368 -3.58442e-09
11.0369 -3.57998e-08
11.1622 8.21469e-05
11.0369 3.11819e-08
11.0369 3.38507e-12
11.0369 -3.38374e-12
11.0369 0
11.0369 0
11.0369 -3.58085e-09
11.037 -3.57641e-08
11.1623 8.22092e-05
11.037 3.11274e-08
11.037 3.37308e-12
11.037 -3.37175e-12
11.037 0
11.037 0
11.037 -3.57729e-09
11.0371 -3.57285e-08
11.1624 8.22714e-05
11.0371 3.10729e-08
11.0371 3.36087e-12
11.0371 -3.35976e-12
11.0371 0
11.0371 0
11.0371 -3.57372e-09
11.0372 -3.56929e-08
11.1625 8.23336e-05
11.0372 3.10186e-08
11.0372 3.3491e-12
11.0372 -3.34777e-12
11.0372 0
11.0372 0
11.0372 -3.57016e-09
11.0373 -3.56573e-08
11.1626 8.23958e-05
11.0373 3.09644e-08
11.0373 3.33711e-12
11.0373 -3.33578e-12
11.0373 0
11.0373 0
11.0373 -3.5666e-09
11.0373 -3.56217e-08
11.1627 8.2458e-05
11.0374 3.09103e-08
11.0374 3.32512e-12
11.0374 -3.32356e-12
11.0374 -2.22045e-16
11.0374 4.44089e-16
11.0374 0
11.0374 0
11.0374 -3.56305e-09
11.0374 -3.55861e-08
11.1627 8.25201e-05
11.0375 3.08563e-08
11.0375 3.31357e-12
11.0375 -3.31224e-12
11.0375 0
11.0375 0
11.0375 -3.55949e-09
11.0375 -3.55506e-08
11.1628 8.25822e-05
11.0376 3.08025e-08
11.0376 3.30203e-12
11.0376 -3.30092e-12
11.0376 0
11.0376 0
11.0376 -3.55594e-09
11.0376 -3.55151e-08
11.1629 8.26443e-05
11.0377 3.07487e-08
11.0376 3.29003e-12
11.0376 -3.2887e-12
11.0376 0
11.0376 0
11.0377 -3.55239e-09
11.0377 -3.54796e-08
11.163 8.27063e-05
11.0378 3.0695e-08
11.0377 3.27849e-12
11.0377 -3.27716e-12
11.0377 -2.22045e-16
11.0377 2.22045e-16
11.0377 0
11.0377 0
11.0377 -3.54884e-09
11.0378 -3.54441e-08
11.1631 8.27683e-05
11.0379 3.06415e-08
11.0378 3.26672e-12
11.0378 -3.26539e-12
11.0378 -2.22045e-16
11.0378 6.66134e-16
11.0378 0
11.0378 0
11.0378 -3.5453e-09
11.0379 -3.54086e-08
11.1632 8.28303e-05
11.0379 3.0588e-08
11.0379 3.25495e-12
11.0379 -3.25362e-12
11.0379 2.22045e-16
11.0379 0
11.0379 0
11.0379 -3.54175e-09
11.038 -3.53732e-08
11.1633 8.28923e-05
11.038 3.05347e-08
11.038 3.24385e-12
11.038 -3.24274e-12
11.038 -2.22045e-16
11.038 2.22045e-16
11.038 2.22045e-16
11.038 2.22045e-16
11.0381 -3.53378e-08
11.038 0
11.038 0
11.038 -3.53821e-09
11.0381 -3.53378e-08
11.1634 8.29542e-05
11.0381 3.04815e-08
11.0381 3.2323e-12
11.0381 -3.23097e-12
11.0381 0
11.0381 0
11.0381 -3.53467e-09
11.0382 -3.53024e-08
11.1635 8.30161e-05
11.0382 3.04283e-08
11.0382 3.22076e-12
11.0382 -3.21942e-12
11.0382 -2.22045e-16
11.0382 4.44089e-16
11.0382 0
11.0382 0
11.0382 -3.53113e-09
11.0383 -3.5267e-08
11.1636 8.3078e-05
11.0383 3.03753e-08
11.0383 3.20943e-12
11.0383 -3.20832e-12
11.0383 0
11.0383 0
11.0383 -3.5276e-09
11.0383 -3.52317e-08
11.1637 8.31398e-05
11.0384 3.03224e-08
11.0384 3.19789e-12
11.0384 -3.19678e-12
11.0384 -2.22045e-16
11.0384 4.44089e-16
11.0384 2.22045e-16
11.0384 2.22045e-16
11.0384 -3.51964e-08
11.0384 -2.22045e-16
11.0384 0
11.0384 0
11.0384 -3.52406e-09
11.0384 -3.51964e-08
11.1638 8.32017e-05
11.0385 3.02696e-08
11.0385 3.18656e-12
11.0385 -3.18523e-12
11.0385 -2.22045e-16
11.0385 4.44089e-16
11.0385 0
11.0385 0
11.0385 -3.52053e-09
11.0385 -3.51611e-08
11.1638 8.32635e-05
11.0386 3.02169e-08
11.0386 3.17546e-12
11.0386 -3.17435e-12
11.0386 2.22045e-16
11.0386 -2.22045e-16
11.0386 2.22045e-16
11.0386 -3.51258e-08
11.0386 -2.22045e-16
11.0386 0
11.0386 0
11.0386 -3.517e-09
11.0386 -3.51258e-08
11.1639 8.33252e-05
11.0387 3.01643e-08
11.0386 3.16436e-12
11.0386 -3.16347e-12
11.0386 0
11.0386 0
11.0386 -3.51348e-09
11.0387 -3.50905e-08
11.164 8.3387e-05
11.0388 3.01119e-08
11.0387 3.15281e-12
11.0387 -3.15148e-12
11.0387 0
11.0387 0
11.0387 -3.50995e-09
11.0388 -3.50553e-08
11.1641 8.34487e-05
11.0388 3.00595e-08
11.0388 3.14171e-12
11.0388 -3.14038e-12
11.0388 0
11.0388 0
11.0388 -3.50643e-09
11.0389 -3.502e-08
11.1642 8.35104e-05
11.0389 3.00072e-08
11.0389 3.13061e-12
11.0389 -3.12927e-12
11.0389 0
11.0389 0
11.0389 -3.50291e-09
11.039 -3.49848e-08
11.1643 8.3572e-05
11.039 2.9955e-08
11.039 3.11973e-12
11.039 -3.11862e-12
11.039 -2.22045e-16
11.039 4.44089e-16
11.039 2.22045e-16
11.039 2.22045e-16
11.0391 -3.49496e-08
11.039 2.22045e-16
11.039 -4.44089e-16
11.039 -2.22045e-16
11.039 -2.22045e-16
11.0391 -3.49496e-08
11.1644 8.36336e-05
11.0391 2.9903e-08
11.0391 3.1084e-12
11.0391 -3.10707e-12
11.0391 0
11.0391 0
11.0391 -3.49587e-09
11.0392 -3.49145e-08
11.1645 8.36953e-05
11.0392 2.9851e-08
11.0392 3.09774e-12
11.0392 -3.09663e-12
11.0392 2.22045e-16
11.0392 -2.22045e-16
11.0392 2.22045e-16
11.0392 -3.48793e-08
11.0392 0
11.0392 0
11.0392 -3.49235e-09
11.0392 -3.48793e-08
11.1646 8.37568e-05
11.0393 2.97991e-08
11.0393 3.08664e-12
11.0393 -3.08531e-12
11.0393 0
11.0393 0
11.0393 -3.48884e-09
11.0393 -3.48442e-08
11.1647 8.38184e-05
11.0394 2.97474e-08
11.0394 3.07598e-12
11.0394 -3.07487e-12
11.0394 -2.22045e-16
11.0394 2.22045e-16
11.0394 2.22045e-16
11.0394 2.22045e-16
11.0394 -3.48091e-08
11.0394 -2.22045e-16
11.0394 2.22045e-16
11.0394 -2.22045e-16
11.0394 -3.48091e-08
11.1648 8.38799e-05
11.0395 2.96957e-08
11.0395 3.06488e-12
11.0395 -3.06355e-12
11.0395 0
11.0395 0
11.0395 -3.48182e-09
11.0395 -3.4774e-08
11.1648 8.39414e-05
11.0396 2.96442e-08
11.0395 3.05422e-12
11.0395 -3.05311e-12
11.0395 -2.22045e-16
11.0395 2.22045e-16
11.0395 2.22045e-16
11.0395 2.22045e-16
11.0396 -3.4739e-08
11.0395 0
11.0395 0
11.0396 -3.47831e-09
11.0396 -3.4739e-08
11.1649 8.40029e-05
11.0397 2.95927e-08
11.0396 3.04312e-12
11.0396 -3.04179e-12
11.0396 2.22045e-16
11.0396 -2.22045e-16
11.0396 2.22045e-16
11.0397 -3.47039e-08
11.0396 -2.22045e-16
11.0396 0
11.0396 0
11.0396 -3.47481e-09
11.0397 -3.47039e-08
11.165 8.40643e-05
11.0397 2.95414e-08
11.0397 3.03246e-12
11.0397 -3.03113e-12
11.0397 2.22045e-16
11.0397 -2.22045e-16
11.0397 2.22045e-16
11.0398 -3.46689e-08
11.0397 -2.22045e-16
11.0397 0
11.0397 0
11.0397 -3.47131e-09
11.0398 -3.46689e-08
11.1651 8.41257e-05
11.0398 2.94901e-08
11.0398 3.02203e-12
11.0398 -3.02092e-12
11.0398 0
11.0398 0
11.0398 -3.46781e-09
11.0399 -3.46339e-08
11.1652 8.41871e-05
11.0399 2.9439e-08
11.0399 3.01159e-12
11.0399 -3.0107e-12
11.0399 0
11.0399 0
11.0399 -3.46431e-09
11.04 -3.45989e-08
11.1653 8.42484e-05
11.04 2.9388e-08
11.04 3.00049e-12
11.04 -2.99916e-12
11.04 2.22045e-16
11.04 -2.22045e-16
11.04 2.22045e-16
11.0401 -3.4564e-08
11.04 -2.22045e-16
11.04 0
11.04 0
11.04 -3.46081e-09
11.0401 -3.4564e-08
11.1654 8.43098e-05
11.0401 2.9337e-08
11.0401 2.99005e-12
11.0401 -2.98894e-12
11.0401 0
11.0401 0
11.0401 -3.45732e-09
11.0401 -3.4529e-08
11.1655 8.43711e-05
11.0402 2.92862e-08
11.0402 2.97962e-12
11.0402 -2.97873e-12
11.0402 2.22045e-16
11.0402 -2.22045e-16
11.0402 2.22045e-16
11.0402 -3.44941e-08
11.0402 0
11.0402 0
11.0402 -3.45382e-09
11.0402 -3.44941e-08
11.1656 8.44324e-05
11.0403 2.92354e-08
11.0403 2.96918e-12
11.0403 -2.96807e-12
11.0403 0
11.0403 0
11.0403 -3.45033e-09
11.0403 -3.44592e-08
11.1657 8.44936e-05
11.0404 2.91848e-08
11.0404 2.95874e-12
11.0404 -2.95763e-12
11.0404 0
11.0404 0
11.0404 -3.44684e-09
11.0404 -3.44243e-08
11.1657 8.45548e-05
11.0405 2.91343e-08
11.0404 2.94809e-12
11.0404 -2.94698e-12
11.0404 0
11.0404 0
11.0404 -3.44336e-09
11.0405 -3.43895e-08
11.1658 8.4616e-05
11.0406 2.90838e-08
11.0405 2.93787e-12
11.0405 -2.93698e-12
11.0405 2.22045e-16
11.0405 -2.22045e-16
11.0405 2.22045e-16
11.0406 -3.43546e-08
11.0405 -2.22045e-16
11.0405 -2.22045e-16
11.0405 -2.22045e-16
11.0406 -3.43546e-08
11.1659 8.46772e-05
11.0406 2.90335e-08
11.0406 2.92744e-12
11.0406 -2.92633e-12
11.0406 -2.22045e-16
11.0406 2.22045e-16
11.0406 2.22045e-16
11.0406 2.22045e-16
11.0407 -3.43198e-08
11.0406 0
11.0406 0
11.0406 -3.43639e-09
11.0407 -3.43198e-08
11.166 8.47383e-05
11.0407 2.89832e-08
11.0407 2.91722e-12
11.0407 -2.91611e-12
11.0407 0
11.0407 0
11.0407 -3.43291e-09
11.0408 -3.4285e-08
11.1661 8.47994e-05
11.0408 2.89331e-08
11.0408 2.90701e-12
11.0408 -2.9059e-12
11.0408 -2.22045e-16
11.0408 2.22045e-16
11.0408 2.22045e-16
11.0408 2.22045e-16
11.0409 -3.42503e-08
11.0408 -2.22045e-16
11.0408 0
11.0408 0
11.0408 -3.42943e-09
11.0409 -3.42503e-08
11.1662 8.48605e-05
11.0409 2.8883e-08
11.0409 2.89635e-12
11.0409 -2.89524e-12
11.0409 2.22045e-16
11.0409 -2.22045e-16
11.0409 2.22045e-16
11.041 -3.42155e-08
11.0409 -2.22045e-16
11.0409 -2.22045e-16
11.0409 -2.22045e-16
11.041 -3.42155e-08
11.1663 8.49216e-05
11.041 2.88331e-08
11.041 2.88636e-12
11.041 -2.88525e-12
11.041 0
11.041 0
11.041 -3.42248e-09
11.041 -3.41808e-08
11.1664 8.49826e-05
11.0411 2.87832e-08
11.0411 2.87614e-12
11.0411 -2.87481e-12
11.0411 -2.22045e-16
11.0411 4.44089e-16
11.0411 2.22045e-16
11.0411 2.22045e-16
11.0411 -3.4146e-08
11.0411 -2.22045e-16
11.0411 0
11.0411 0
11.0411 -3.41901e-09
11.0411 -3.4146e-08
11.1665 8.50436e-05
11.0412 2.87335e-08
11.0412 2.86593e-12
11.0412 -2.86504e-12
11.0412 2.22045e-16
11.0412 -2.22045e-16
11.0412 2.22045e-16
11.0412 -3.41113e-08
11.0412 -2.22045e-16
11.0412 0
11.0412 0
11.0412 -3.41554e-09
11.0412 -3.41113e-08
11.1666 8.51046e-05
11.0413 2.86838e-08
11.0412 2.85594e-12
11.0412 -2.85483e-12
11.0412 -2.22045e-16
11.0412 4.44089e-16
11.0412 0
11.0412 0
11.0413 -3.41207e-09
11.0413 -3.40767e-08
11.1666 8.51656e-05
11.0414 2.86342e-08
11.0413 2.84595e-12
11.0413 -2.84484e-12
11.0413 2.22045e-16
11.0413 -2.22045e-16
11.0413 2.22045e-16
11.0414 -3.4042e-08
11.0413 0
11.0413 0
11.0413 -3.4086e-09
11.0414 -3.4042e-08
11.1667 8.52265e-05
11.0414 2.85848e-08
11.0414 2.83595e-12
11.0414 -2.83507e-12
11.0414 2.22045e-16
11.0414 -2.22045e-16
11.0414 2.22045e-16
11.0415 -3.40074e-08
11.0414 -2.22045e-16
11.0414 -2.22045e-16
11.0414 -2.22045e-16
11.0415 -3.40074e-08
11.1668 8.52874e-05
11.0415 2.85354e-08
11.0415 2.82596e-12
11.0415 -2.82507e-12
11.0415 2.22045e-16
11.0415 -2.22045e-16
11.0415 2.22045e-16
11.0416 -3.39728e-08
11.0415 -2.22045e-16
11.0415 0
11.0415 0
11.0415 -3.40168e-09
11.0416 -3.39728e-08
11.1669 8.53483e-05
11.0416 2.84861e-08
11.0416 2.81575e-12
11.0416 -2.81442e-12
11.0416 2.22045e-16
11.0416 -2.22045e-16
11.0416 2.22045e-16
11.0417 -3.39382e-08
11.0416 -2.22045e-16
11.0416 0
11.0416 0
11.0416 -3.39821e-09
11.0417 -3.39382e-08
11.167 8.54091e-05
11.0417 2.84369e-08
11.0417 2.8062e-12
11.0417 -2.80553e-12
11.0417 2.22045e-16
11.0417 0
11.0417 0
11.0417 -3.39476e-09
11.0418 -3.39036e-08
11.1671 8.54699e-05
11.0418 2.83878e-08
11.0418 2.79621e-12
11.0418 -2.79532e-12
11.0418 0
11.0418 0
11.0418 -3.3913e-09
11.0418 -3.3869e-08
11.1672 8.55307e-05
11.0419 2.83389e-08
11.0419 2.78644e-12
11.0419 -2.78533e-12
11.0419 0
11.0419 0
11.0419 -3.38784e-09
11.0419 -3.38345e-08
11.1673 8.55915e-05
11.042 2.829e-08
11.042 2.77645e-12
11.042 -2.77534e-12
11.042 0
11.042 0
11.042 -3.38439e-09
11.042 -3.38e-08
11.1674 8.56522e-05
11.0421 2.82412e-08
11.042 2.7669e-12
11.042 -2.76601e-12
11.042 0
11.042 0
11.0421 -3.38094e-09
11.0421 -3.37655e-08
11.1675 8.5713e-05
11.0422 2.81924e-08
11.0421 2.75713e-12
11.0421 -2.75624e-12
11.0421 0
11.0421 0
11.0421 -3.37749e-09
11.0422 -3.3731e-08
11.1675 8.57736e-05
11.0422 2.81438e-08
11.0422 2.74758e-12
11.0422 -2.74669e-12
11.0422 2.22045e-16
11.0422 -2.22045e-16
11.0422 2.22045e-16
11.0423 -3.36965e-08
11.0422 -2.22045e-16
11.0422 0
11.0422 0
11.0422 -3.37405e-09
11.0423 -3.36965e-08
11.1676 8.58343e-05
11.0423 2.80953e-08
11.0423 2.73803e-12
11.0423 -2.73714e-12
11.0423 0
11.0423 0
11.0423 -3.3706e-09
11.0424 -3.36621e-08
11.1677 8.58949e-05
11.0424 2.80469e-08
11.0424 2.72826e-12
11.0424 -2.72737e-12
11.0424 0
11.0424 0
11.0424 -3.36716e-09
11.0425 -3.36277e-08
11.1678 8.59555e-05
11.0425 2.79985e-08
11.0425 2.71849e-12
11.0425 -2.71716e-12
11.0425 0
11.0425 0
11.0425 -3.36372e-09
11.0426 -3.35933e-08
11.1679 8.60161e-05
11.0426 2.79503e-08
11.0426 2.70917e-12
11.0426 -2.70828e-12
11.0426 2.22045e-16
11.0426 -2.22045e-16
11.0426 2.22045e-16
11.0426 -3.35589e-08
11.0426 -2.22045e-16
11.0426 0
11.0426 0
11.0426 -3.36028e-09
11.0426 -3.35589e-08
11.168 8.60767e-05
11.0427 2.79022e-08
11.0427 2.6994e-12
11.0427 -2.69829e-12
11.0427 2.22045e-16
11.0427 -2.22045e-16
11.0427 2.22045e-16
11.0427 -3.35245e-08
11.0427 0
11.0427 0
11.0427 -3.35684e-09
11.0427 -3.35245e-08
11.1681 8.61372e-05
11.0428 2.78541e-08
11.0428 2.69029e-12
11.0428 -2.68918e-12
11.0428 -2.22045e-16
11.0428 4.44089e-16
11.0428 2.22045e-16
11.0428 2.22045e-16
11.0428 -3.34902e-08
11.0428 -2.22045e-16
11.0428 0
11.0428 0
11.0428 -3.35341e-09
11.0428 -3.34902e-08
11.1682 8.61977e-05
11.0429 2.78061e-08
11.0428 2.68074e-12
11.0428 -2.67986e-12
11.0428 0
11.0428 0
11.0429 -3.34997e-09
11.0429 -3.34559e-08
11.1683 8.62582e-05
11.043 2.77583e-08
11.0429 2.6712e-12
11.0429 -2.67009e-12
11.0429 2.22045e-16
11.0429 -2.22045e-16
11.0429 2.22045e-16
11.043 -3.34216e-08
11.0429 -2.22045e-16
11.0429 0
11.0429 0
11.0429 -3.34654e-09
11.043 -3.34216e-08
11.1683 8.63187e-05
11.043 2.77105e-08
11.043 2.66187e-12
11.043 -2.66098e-12
11.043 2.22045e-16
11.043 -2.22045e-16
11.043 2.22045e-16
11.0431 -3.33873e-08
11.043 -2.22045e-16
11.043 -2.22045e-16
11.043 -2.22045e-16
11.0431 -3.33873e-08
11.1684 8.63791e-05
11.0431 2.76628e-08
11.0431 2.65232e-12
11.0431 -2.65143e-12
11.0431 2.22045e-16
11.0431 0
11.0431 0
11.0431 -3.33969e-09
11.0432 -3.3353e-08
11.1685 8.64395e-05
11.0432 2.76152e-08
11.0432 2.64322e-12
11.0432 -2.64233e-12
11.0432 0
11.0432 0
11.0432 -3.33626e-09
11.0433 -3.33188e-08
11.1686 8.64999e-05
11.0433 2.75677e-08
11.0433 2.63389e-12
11.0433 -2.633e-12
11.0433 0
11.0433 0
11.0433 -3.33284e-09
11.0433 -3.32845e-08
11.1687 8.65602e-05
11.0434 2.75203e-08
11.0434 2.62457e-12
11.0434 -2.62368e-12
11.0434 2.22045e-16
11.0434 -2.22045e-16
11.0434 2.22045e-16
11.0434 -3.32503e-08
11.0434 -2.22045e-16
11.0434 0
11.0434 0
11.0434 -3.32942e-09
11.0434 -3.32503e-08
11.1688 8.66205e-05
11.0435 2.74729e-08
11.0435 2.61546e-12
11.0435 -2.61458e-12
11.0435 2.22045e-16
11.0435 -2.22045e-16
11.0435 2.22045e-16
11.0435 -3.32161e-08
11.0435 -2.22045e-16
11.0435 0
11.0435 0
11.0435 -3.326e-09
11.0435 -3.32161e-08
11.1689 8.66808e-05
11.0436 2.74257e-08
11.0436 2.60614e-12
11.0436 -2.60481e-12
11.0436 0
11.0436 0
11.0436 -3.32258e-09
11.0436 -3.3182e-08
11.169 8.67411e-05
11.0437 2.73785e-08
11.0436 2.59726e-12
11.0436 -2.59637e-12
11.0436 0
11.0436 0
11.0436 -3.31916e-09
11.0437 -3.31478e-08
11.1691 8.68014e-05
11.0437 2.73315e-08
11.0437 2.58793e-12
11.0437 -2.58682e-12
11.0437 -2.22045e-16
11.0437 6.66134e-16
11.0437 2.22045e-16
11.0437 2.22045e-16
11.0438 -3.31137e-08
11.0437 2.22045e-16
11.0437 -4.44089e-16
11.0437 0
11.0437 0
11.0437 -3.31575e-09
11.0438 -3.31137e-08
11.1691 8.68616e-05
11.0438 2.72845e-08
11.0438 2.57883e-12
11.0438 -2.57772e-12
11.0438 -2.22045e-16
11.0438 4.44089e-16
11.0438 2.22045e-16
11.0438 2.22045e-16
11.0439 -3.30796e-08
11.0438 -2.22045e-16
11.0438 2.22045e-16
11.0438 -2.22045e-16
11.0439 -3.30796e-08
11.1692 8.69218e-05
11.0439 2.72376e-08
11.0439 2.56994e-12
11.0439 -2.56906e-12
11.0439 2.22045e-16
11.0439 -2.22045e-16
11.0439 2.22045e-16
11.044 -3.30455e-08
11.0439 -2.22045e-16
11.0439 -2.22045e-16
11.0439 -2.22045e-16
11.044 -3.30455e-08
11.1693 8.69819e-05
11.044 2.71908e-08
11.044 2.56084e-12
11.044 -2.55995e-12
11.044 2.22045e-16
11.044 0
11.044 0
11.044 -3.30552e-09
11.0441 -3.30114e-08
11.1694 8.70421e-05
11.0441 2.71441e-08
11.0441 2.55196e-12
11.0441 -2.55107e-12
11.0441 2.22045e-16
11.0441 -2.22045e-16
11.0441 2.22045e-16
11.0441 -3.29774e-08
11.0441 -2.22045e-16
11.0441 0
11.0441 0
11.0441 -3.30211e-09
11.0441 -3.29774e-08
11.1695 8.71022e-05
11.0442 2.70975e-08
11.0442 2.54308e-12
11.0442 -2.54219e-12
11.0442 2.22045e-16
11.0442 -2.22045e-16
11.0442 2.22045e-16
11.0442 -3.29433e-08
11.0442 0
11.0442 0
11.0442 -3.29871e-09
11.0442 -3.29433e-08
11.1696 8.71623e-05
11.0443 2.7051e-08
11.0443 2.5342e-12
11.0443 -2.53331e-12
11.0443 0
11.0443 0
11.0443 -3.29531e-09
11.0443 -3.29093e-08
11.1697 8.72224e-05
11.0444 2.70045e-08
11.0443 2.52554e-12
11.0443 -2.52443e-12
11.0443 0
11.0443 0
11.0443 -3.29191e-09
11.0444 -3.28753e-08
11.1698 8.72824e-05
11.0445 2.69582e-08
11.0444 2.51665e-12
11.0444 -2.51599e-12
11.0444 2.22045e-16
11.0444 -2.22045e-16
11.0444 2.22045e-16
11.0445 -3.28414e-08
11.0444 -2.22045e-16
11.0444 0
11.0444 0
11.0444 -3.28851e-09
11.0445 -3.28414e-08
11.1698 8.73424e-05
11.0445 2.69119e-08
11.0445 2.50755e-12
11.0445 -2.50644e-12
11.0445 0
11.0445 0
11.0445 -3.28511e-09
11.0446 -3.28074e-08
11.1699 8.74024e-05
11.0446 2.68657e-08
11.0446 2.49911e-12
11.0446 -2.49845e-12
11.0446 -2.22045e-16
11.0446 4.44089e-16
11.0446 0
11.0446 0
11.0446 -3.28172e-09
11.0447 -3.27735e-08
11.17 8.74624e-05
11.0447 2.68196e-08
11.0447 2.49023e-12
11.0447 -2.48956e-12
11.0447 -2.22045e-16
11.0447 6.66134e-16
11.0447 2.22045e-16
11.0447 2.22045e-16
11.0448 -3.27395e-08
11.0447 0
11.0447 0
11.0447 -3.27833e-09
11.0448 -3.27395e-08
11.1701 8.75223e-05
11.0448 2.67736e-08
11.0448 2.48135e-12
11.0448 -2.48046e-12
11.0448 0
11.0448 0
11.0448 -3.27494e-09
11.0448 -3.27056e-08
11.1702 8.75822e-05
11.0449 2.67277e-08
11.0449 2.47291e-12
11.0449 -2.47202e-12
11.0449 -2.22045e-16
11.0449 2.22045e-16
11.0449 2.22045e-16
11.0449 2.22045e-16
11.0449 -3.26718e-08
11.0449 -2.22045e-16
11.0449 2.22045e-16
11.0449 -2.22045e-16
11.0449 -3.26718e-08
11.1703 8.76421e-05
11.045 2.66818e-08
11.045 2.46447e-12
11.045 -2.46381e-12
11.045 -2.22045e-16
11.045 2.22045e-16
11.045 0
11.045 0
11.045 -3.26816e-09
11.045 -3.26379e-08
11.1704 8.7702e-05
11.0451 2.66361e-08
11.045 2.45559e-12
11.045 -2.4547e-12
11.045 -2.22045e-16
11.045 2.22045e-16
11.045 0
11.045 0
11.045 -3.26478e-09
11.0451 -3.26041e-08
11.1705 8.77618e-05
11.0451 2.65904e-08
11.0451 2.44671e-12
11.0451 -2.44582e-12
11.0451 2.22045e-16
11.0451 -2.22045e-16
11.0451 2.22045e-16
11.0452 -3.25702e-08
11.0451 -2.22045e-16
11.0451 0
11.0451 0
11.0451 -3.26139e-09
11.0452 -3.25702e-08
11.1706 8.78216e-05
11.0452 2.65448e-08
11.0452 2.43827e-12
11.0452 -2.43738e-12
11.0452 2.22045e-16
11.0452 -2.22045e-16
11.0452 2.22045e-16
11.0453 -3.25364e-08
11.0452 0
11.0452 0
11.0452 -3.25801e-09
11.0453 -3.25364e-08
11.1706 8.78814e-05
11.0453 2.64993e-08
11.0453 2.42983e-12
11.0453 -2.42917e-12
11.0453 0
11.0453 0
11.0453 -3.25463e-09
11.0454 -3.25026e-08
11.1707 8.79412e-05
11.0454 2.64539e-08
11.0454 2.4214e-12
11.0454 -2.42051e-12
11.0454 -2.22045e-16
11.0454 4.44089e-16
11.0454 0
11.0454 0
11.0454 -3.25125e-09
11.0455 -3.24689e-08
11.1708 8.80009e-05
11.0455 2.64086e-08
11.0455 2.41274e-12
11.0455 -2.41185e-12
11.0455 0
11.0455 0
11.0455 -3.24788e-09
11.0455 -3.24351e-08
11.1709 8.80606e-05
11.0456 2.63633e-08
11.0456 2.4043e-12
11.0456 -2.40341e-12
11.0456 0
11.0456 0
11.0456 -3.2445e-09
11.0456 -3.24014e-08
11.171 8.81203e-05
11.0457 2.63182e-08
11.0457 2.39608e-12
11.0457 -2.3952e-12
11.0457 0
11.0457 0
11.0457 -3.24113e-09
11.0457 -3.23677e-08
11.1711 8.818e-05
11.0458 2.62731e-08
11.0457 2.38765e-12
11.0457 -2.38698e-12
11.0457 -2.22045e-16
11.0457 2.22045e-16
11.0457 2.22045e-16
11.0457 2.22045e-16
11.0458 -3.2334e-08
11.0457 -2.22045e-16
11.0457 2.22045e-16
11.0457 -2.22045e-16
11.0458 -3.2334e-08
11.1712 8.82396e-05
11.0458 2.62281e-08
11.0458 2.37921e-12
11.0458 -2.37832e-12
11.0458 0
11.0458 0
11.0458 -3.2344e-09
11.0459 -3.23003e-08
11.1713 8.82992e-05
11.0459 2.61832e-08
11.0459 2.37099e-12
11.0459 -2.37033e-12
11.0459 0
11.0459 0
11.0459 -3.23103e-09
11.046 -3.22667e-08
11.1713 8.83588e-05
11.046 2.61384e-08
11.046 2.36278e-12
11.046 -2.36189e-12
11.046 -2.22045e-16
11.046 2.22045e-16
11.046 0
11.046 0
11.046 -3.22766e-09
11.0461 -3.2233e-08
11.1714 8.84184e-05
11.0461 2.60936e-08
11.0461 2.35434e-12
11.0461 -2.35345e-12
11.0461 0
11.0461 0
11.0461 -3.2243e-09
11.0461 -3.21994e-08
11.1715 8.84779e-05
11.0462 2.60489e-08
11.0462 2.34635e-12
11.0462 -2.34568e-12
11.0462 -2.22045e-16
11.0462 2.22045e-16
11.0462 2.22045e-16
11.0462 2.22045e-16
11.0462 -3.21658e-08
11.0462 -2.22045e-16
11.0462 0
11.0462 0
11.0462 -3.22094e-09
11.0462 -3.21658e-08
11.1716 8.85374e-05
11.0463 2.60044e-08
11.0463 2.33813e-12
11.0463 -2.33746e-12
11.0463 -2.22045e-16
11.0463 4.44089e-16
11.0463 0
11.0463 0
11.0463 -3.21758e-09
11.0463 -3.21322e-08
11.1717 8.85969e-05
11.0464 2.59599e-08
11.0463 2.32991e-12
11.0463 -2.32947e-12
11.0463 2.22045e-16
11.0463 -2.22045e-16
11.0463 2.22045e-16
11.0464 -3.20987e-08
11.0463 -2.22045e-16
11.0463 0
11.0463 0
11.0464 -3.21423e-09
11.0464 -3.20987e-08
11.0464 -1.42832e-08
11.0464 -1.42834e-08
11.0464 -1.60644e-08
11.0464 -1.44615e-08
11.0464 -1.43012e-08
11.0464 -1.42852e-08
11.0464 -1.42836e-08
11.0464 -1.42834e-08
11.0464 -1.42834e-08
11.0464 -1.42834e-08
11.0464 -1.42834e-08
11.0464 -1.42834e-08
11.0464 -4.63705e-08
11.1729 9.05681e-05
11.0465 3.72526e-08
11.0465 4.71712e-12
11.0465 -4.71512e-12
11.0465 0
11.0465 0
11.0465 -3.20939e-09
11.0465 -3.20504e-08
11.173 9.06481e-05
11.0466 2.57338e-08
11.0466 2.24998e-12
11.0466 -2.24909e-12
11.0466 2.22045e-16
11.0466 -2.22045e-16
11.0466 2.22045e-16
11.0466 -3.20169e-08
11.0466 -2.22045e-16
11.0466 -2.22045e-16
11.0466 -2.22045e-16
11.0466 -3.20169e-08
11.173 9.07078e-05
11.0467 2.56901e-08
11.0466 2.24221e-12
11.0466 -2.24154e-12
11.0466 0
11.0466 0
11.0467 -3.20271e-09
11.0467 -3.19836e-08
11.1731 9.07675e-05
11.0468 2.56465e-08
11.0467 2.23466e-12
11.0467 -2.23399e-12
11.0467 0
11.0467 0
11.0467 -3.19937e-09
11.0468 -3.19502e-08
11.1732 9.08272e-05
11.0468 2.5603e-08
11.0468 2.22666e-12
11.0468 -2.226e-12
11.0468 2.22045e-16
11.0468 -2.22045e-16
11.0468 2.22045e-16
11.0469 -3.19168e-08
11.0468 0
11.0468 0
11.0468 -3.19604e-09
11.0469 -3.19168e-08
11.1733 9.08869e-05
11.0469 2.55596e-08
11.0469 2.21889e-12
11.0469 -2.218e-12
11.0469 2.22045e-16
11.0469 -2.22045e-16
11.0469 2.22045e-16
11.047 -3.18835e-08
11.0469 0
11.0469 0
11.0469 -3.1927e-09
11.047 -3.18835e-08
11.1734 9.09465e-05
11.047 2.55163e-08
11.047 2.21112e-12
11.047 -2.21045e-12
11.047 2.22045e-16
11.047 0
11.047 0
11.047 -3.18937e-09
11.0471 -3.18502e-08
11.1735 9.10062e-05
11.0471 2.5473e-08
11.0471 2.20357e-12
11.0471 -2.20268e-12
11.0471 2.22045e-16
11.0471 -2.22045e-16
11.0471 2.22045e-16
11.0471 -3.18169e-08
11.0471 -2.22045e-16
11.0471 0
11.0471 0
11.0471 -3.18604e-09
11.0471 -3.18169e-08
11.1736 9.10658e-05
11.0472 2.54298e-08
11.0472 2.1958e-12
11.0472 -2.19491e-12
11.0472 2.22045e-16
11.0472 0
11.0472 0
11.0472 -3.18271e-09
11.0472 -3.17836e-08
11.1737 9.11253e-05
11.0473 2.53867e-08
11.0472 2.18847e-12
11.0472 -2.18803e-12
11.0472 0
11.0472 0
11.0473 -3.17938e-09
11.0473 -3.17503e-08
11.1737 9.11849e-05
11.0474 2.53437e-08
11.0473 2.18092e-12
11.0473 -2.18026e-12
11.0473 2.22045e-16
11.0473 -2.22045e-16
11.0473 2.22045e-16
11.0474 -3.17171e-08
11.0473 -2.22045e-16
11.0473 0
11.0473 0
11.0473 -3.17606e-09
11.0474 -3.17171e-08
11.1738 9.12444e-05
11.0474 2.53007e-08
11.0474 2.17315e-12
11.0474 -2.17226e-12
11.0474 -2.22045e-16
11.0474 4.44089e-16
11.0474 2.22045e-16
11.0474 2.22045e-16
11.0475 -3.16838e-08
11.0474 0
11.0474 0
11.0474 -3.17273e-09
11.0475 -3.16838e-08
11.1739 9.13039e-05
11.0475 2.52579e-08
11.0475 2.16582e-12
11.0475 -2.16516e-12
11.0475 2.22045e-16
11.0475 -2.22045e-16
11.0475 2.22045e-16
11.0476 -3.16506e-08
11.0475 -2.22045e-16
11.0475 0
11.0475 0
11.0475 -3.16941e-09
11.0476 -3.16506e-08
11.174 9.13634e-05
11.0476 2.5215e-08
11.0476 2.1585e-12
11.0476 -2.15805e-12
11.0476 2.22045e-16
11.0476 -2.22045e-16
11.0476 2.22045e-16
11.0477 -3.16174e-08
11.0476 -2.22045e-16
11.0476 -2.22045e-16
11.0476 -2.22045e-16
11.0477 -3.16174e-08
11.1741 9.14228e-05
11.0477 2.51723e-08
11.0477 2.15095e-12
11.0477 -2.1505e-12
11.0477 -2.22045e-16
11.0477 2.22045e-16
11.0477 2.22045e-16
11.0477 2.22045e-16
11.0477 -3.15842e-08
11.0477 -2.22045e-16
11.0477 0
11.0477 0
11.0477 -3.16277e-09
11.0477 -3.15842e-08
11.1742 9.14822e-05
11.0478 2.51297e-08
11.0478 2.1434e-12
11.0478 -2.14273e-12
11.0478 0
11.0478 0
11.0478 -3.15946e-09
11.0478 -3.15511e-08
11.1743 9.15416e-05
11.0479 2.50871e-08
11.0479 2.13585e-12
11.0479 -2.13518e-12
11.0479 2.22045e-16
11.0479 -2.22045e-16
11.0479 2.22045e-16
11.0479 -3.15179e-08
11.0479 0
11.0479 0
11.0479 -3.15614e-09
11.0479 -3.15179e-08
11.1743 9.1601e-05
11.048 2.50446e-08
11.0479 2.12852e-12
11.0479 -2.12785e-12
11.0479 0
11.0479 0
11.0479 -3.15283e-09
11.048 -3.14848e-08
11.1744 9.16604e-05
11.048 2.50022e-08
11.048 2.12119e-12
11.048 -2.1203e-12
11.048 2.22045e-16
11.048 -2.22045e-16
11.048 2.22045e-16
11.0481 -3.14517e-08
11.048 -2.22045e-16
11.048 -2.22045e-16
11.048 -2.22045e-16
11.0481 -3.14517e-08
11.1745 9.17197e-05
11.0481 2.49598e-08
11.0481 2.11386e-12
11.0481 -2.1132e-12
11.0481 0
11.0481 0
11.0481 -3.14621e-09
11.0482 -3.14186e-08
11.1746 9.1779e-05
11.0482 2.49176e-08
11.0482 2.10654e-12
11.0482 -2.10587e-12
11.0482 0
11.0482 0
11.0482 -3.1429e-09
11.0483 -3.13856e-08
11.1747 9.18383e-05
11.0483 2.48754e-08
11.0483 2.09943e-12
11.0483 -2.09899e-12
11.0483 -2.22045e-16
11.0483 4.44089e-16
11.0483 2.22045e-16
11.0483 2.22045e-16
11.0483 -3.13525e-08
11.0483 -2.22045e-16
11.0483 0
11.0483 0
11.0483 -3.13959e-09
11.0483 -3.13525e-08
11.1748 9.18976e-05
11.0484 2.48332e-08
11.0484 2.09166e-12
11.0484 -2.09099e-12
11.0484 0
11.0484 0
11.0484 -3.13629e-09
11.0484 -3.13195e-08
11.1749 9.19568e-05
11.0485 2.47912e-08
11.0485 2.08478e-12
11.0485 -2.08411e-12
11.0485 -2.22045e-16
11.0485 4.44089e-16
11.0485 2.22045e-16
11.0485 2.22045e-16
11.0485 -3.12865e-08
11.0485 0
11.0485 0
11.0485 -3.13299e-09
11.0485 -3.12865e-08
11.1749 9.2016e-05
11.0486 2.47492e-08
11.0485 2.07745e-12
11.0485 -2.07678e-12
11.0485 2.22045e-16
11.0485 0
11.0485 0
11.0485 -3.12969e-09
11.0486 -3.12535e-08
11.175 9.20752e-05
11.0486 2.47073e-08
11.0486 2.07034e-12
11.0486 -2.06968e-12
11.0486 2.22045e-16
11.0486 -2.22045e-16
11.0486 2.22045e-16
11.0487 -3.12205e-08
11.0486 -2.22045e-16
11.0486 0
11.0486 0
11.0486 -3.12639e-09
11.0487 -3.12205e-08
11.1751 9.21343e-05
11.0487 2.46655e-08
11.0487 2.06324e-12
11.0487 -2.06279e-12
11.0487 0
11.0487 0
11.0487 -3.12309e-09
11.0488 -3.11875e-08
11.1752 9.21935e-05
11.0488 2.46238e-08
11.0488 2.05591e-12
11.0488 -2.05502e-12
11.0488 0
11.0488 0
11.0488 -3.1198e-09
11.0489 -3.11546e-08
11.1753 9.22526e-05
11.0489 2.45821e-08
11.0489 2.04903e-12
11.0489 -2.04836e-12
11.0489 0
11.0489 0
11.0489 -3.1165e-09
11.0489 -3.11217e-08
11.1754 9.23117e-05
11.049 2.45405e-08
11.049 2.04192e-12
11.049 -2.0417e-12
11.049 2.22045e-16
11.049 -2.22045e-16
11.049 2.22045e-16
11.049 -3.10888e-08
11.049 -2.22045e-16
11.049 0
11.049 0
11.049 -3.11321e-09
11.049 -3.10888e-08
11.1755 9.23707e-05
11.0491 2.44989e-08
11.049 2.03482e-12
11.049 -2.03437e-12
11.049 0
11.049 0
11.0491 -3.10992e-09
11.0491 -3.10559e-08
11.1756 9.24298e-05
11.0492 2.44575e-08
11.0491 2.02771e-12
11.0491 -2.02727e-12
11.0491 0
11.0491 0
11.0491 -3.10663e-09
11.0492 -3.1023e-08
11.1756 9.24888e-05
11.0492 2.44161e-08
11.0492 2.02083e-12
11.0492 -2.02038e-12
11.0492 -2.22045e-16
11.0492 4.44089e-16
11.0492 0
11.0492 0
11.0492 -3.10335e-09
11.0493 -3.09901e-08
11.1757 9.25478e-05
11.0493 2.43748e-08
11.0493 2.01372e-12
11.0493 -2.01306e-12
11.0493 0
11.0493 0
11.0493 -3.10006e-09
11.0494 -3.09573e-08
11.1758 9.26068e-05
11.0494 2.43335e-08
11.0494 2.00662e-12
11.0494 -2.00595e-12
11.0494 -2.22045e-16
11.0494 6.66134e-16
11.0494 0
11.0494 0
11.0494 -3.09678e-09
11.0495 -3.09245e-08
11.1759 9.26657e-05
11.0495 2.42924e-08
11.0495 1.99996e-12
11.0495 -1.99951e-12
11.0495 0
11.0495 0
11.0495 -3.0935e-09
11.0495 -3.08917e-08
11.176 9.27246e-05
11.0496 2.42513e-08
11.0496 1.99285e-12
11.0496 -1.99241e-12
11.0496 0
11.0496 0
11.0496 -3.09022e-09
11.0496 -3.08589e-08
11.1761 9.27835e-05
11.0497 2.42103e-08
11.0496 1.98574e-12
11.0496 -1.98486e-12
11.0496 2.22045e-16
11.0496 -2.22045e-16
11.0496 2.22045e-16
11.0497 -3.08261e-08
11.0496 -2.22045e-16
11.0496 0
11.0496 0
11.0497 -3.08694e-09
11.0497 -3.08261e-08
11.1762 9.28424e-05
11.0497 2.41693e-08
11.0497 1.97908e-12
11.0497 -1.9782e-12
11.0497 -2.22045e-16
11.0497 2.22045e-16
11.0497 2.22045e-16
11.0497 2.22045e-16
11.0498 -3.07934e-08
11.0497 0
11.0497 0
11.0497 -3.08367e-09
11.0498 -3.07934e-08
11.1762 9.29013e-05
11.0498 2.41284e-08
11.0498 1.97242e-12
11.0498 -1.97198e-12
11.0498 -2.22045e-16
11.0498 2.22045e-16
11.0498 0
11.0498 0
11.0498 -3.08039e-09
11.0499 -3.07606e-08
11.1763 9.29601e-05
11.0499 2.40876e-08
11.0499 1.96532e-12
11.0499 -1.96465e-12
11.0499 -2.22045e-16
11.0499 6.66134e-16
11.0499 2.22045e-16
11.0499 2.22045e-16
11.05 -3.07279e-08
11.0499 -2.22045e-16
11.0499 0
11.0499 0
11.0499 -3.07712e-09
11.05 -3.07279e-08
11.1764 9.30189e-05
11.05 2.40469e-08
11.05 1.95888e-12
11.05 -1.95843e-12
11.05 -2.22045e-16
11.05 4.44089e-16
11.05 2.22045e-16
11.05 2.22045e-16
11.05 -3.06952e-08
11.05 -2.22045e-16
11.05 -2.22045e-16
11.05 -2.22045e-16
11.05 -3.06952e-08
11.1765 9.30777e-05
11.0501 2.40062e-08
11.0501 1.95177e-12
11.0501 -1.95133e-12
11.0501 2.22045e-16
11.0501 -2.22045e-16
11.0501 2.22045e-16
11.0501 -3.06625e-08
11.0501 -2.22045e-16
11.0501 0
11.0501 0
11.0501 -3.07058e-09
11.0501 -3.06625e-08
11.1766 9.31364e-05
11.0502 2.39656e-08
11.0502 1.94533e-12
11.0502 -1.94489e-12
11.0502 -2.22045e-16
11.0502 2.22045e-16
11.0502 2.22045e-16
11.0502 2.22045e-16
11.0502 -3.06299e-08
11.0502 0
11.0502 0
11.0502 -3.06731e-09
11.0502 -3.06299e-08
11.1767 9.31952e-05
11.0503 2.39251e-08
11.0502 1.93845e-12
11.0502 -1.93778e-12
11.0502 0
11.0502 0
11.0502 -3.06405e-09
11.0503 -3.05972e-08
11.1767 9.32539e-05
11.0503 2.38846e-08
11.0503 1.93179e-12
11.0503 -1.93112e-12
11.0503 0
11.0503 0
11.0503 -3.06079e-09
11.0504 -3.05646e-08
11.1768 9.33126e-05
11.0504 2.38443e-08
11.0504 1.92513e-12
11.0504 -1.92468e-12
11.0504 0
11.0504 0
11.0504 -3.05752e-09
11.0505 -3.0532e-08
11.1769 9.33712e-05
11.0505 2.38039e-08
11.0505 1.91847e-12
11.0505 -1.91824e-12
11.0505 0
11.0505 0
11.0505 -3.05426e-09
11.0506 -3.04994e-08
11.177 9.34299e-05
11.0506 2.37637e-08
11.0506 1.91158e-12
11.0506 -1.91092e-12
11.0506 2.22045e-16
11.0506 -2.22045e-16
11.0506 2.22045e-16
11.0506 -3.04668e-08
11.0506 -4.44089e-16
11.0506 -2.22045e-16
11.0506 -2.22045e-16
11.0506 -3.04668e-08
11.1771 9.34885e-05
11.0507 2.37235e-08
11.0507 1.90492e-12
11.0507 -1.90403e-12
11.0507 2.22045e-16
11.0507 -2.22045e-16
11.0507 2.22045e-16
11.0507 -3.04343e-08
11.0507 -4.44089e-16
11.0507 -2.22045e-16
11.0507 -2.22045e-16
11.0507 -3.04343e-08
11.1772 9.35471e-05
11.0508 2.36834e-08
11.0507 1.89826e-12
11.0507 -1.89759e-12
11.0507 0
11.0507 0
11.0508 -3.04449e-09
11.0508 -3.04017e-08
11.1773 9.36057e-05
11.0508 2.36434e-08
11.0508 1.89204e-12
11.0508 -1.8916e-12
11.0508 0
11.0508 0
11.0508 -3.04124e-09
11.0509 -3.03692e-08
11.1773 9.36642e-05
11.0509 2.36034e-08
11.0509 1.88538e-12
11.0509 -1.88471e-12
11.0509 -2.22045e-16
11.0509 2.22045e-16
11.0509 0
11.0509 0
11.0509 -3.03799e-09
11.051 -3.03367e-08
11.1774 9.37227e-05
11.051 2.35635e-08
11.051 1.87894e-12
11.051 -1.87828e-12
11.051 0
11.051 0
11.051 -3.03474e-09
11.0511 -3.03042e-08
11.1775 9.37812e-05
11.0511 2.35237e-08
11.0511 1.87228e-12
11.0511 -1.87161e-12
11.0511 2.22045e-16
11.0511 0
11.0511 0
11.0511 -3.03149e-09
11.0511 -3.02717e-08
11.1776 9.38397e-05
11.0512 2.34839e-08
11.0512 1.86584e-12
11.0512 -1.86517e-12
11.0512 0
11.0512 0
11.0512 -3.02825e-09
11.0512 -3.02393e-08
11.1777 9.38982e-05
11.0513 2.34442e-08
11.0513 1.8594e-12
11.0513 -1.85874e-12
11.0513 0
11.0513 0
11.0513 -3.025e-09
11.0513 -3.02068e-08
11.1778 9.39566e-05
11.0514 2.34046e-08
11.0513 1.85296e-12
11.0513 -1.85252e-12
11.0513 0
11.0513 0
11.0513 -3.02176e-09
11.0514 -3.01744e-08
11.1779 9.4015e-05
11.0514 2.33651e-08
11.0514 1.84674e-12
11.0514 -1.8463e-12
11.0514 0
11.0514 0
11.0514 -3.01852e-09
11.0515 -3.0142e-08
11.1779 9.40734e-05
11.0515 2.33256e-08
11.0515 1.84031e-12
11.0515 -1.83964e-12
11.0515 2.22045e-16
11.0515 -2.22045e-16
11.0515 2.22045e-16
11.0516 -3.01096e-08
11.0515 -2.22045e-16
11.0515 -2.22045e-16
11.0515 -2.22045e-16
11.0516 -3.01096e-08
11.178 9.41318e-05
11.0516 2.32861e-08
11.0516 1.83364e-12
11.0516 -1.83298e-12
11.0516 2.22045e-16
11.0516 0
11.0516 0
11.0516 -3.01204e-09
11.0517 -3.00773e-08
11.1781 9.41901e-05
11.0517 2.32468e-08
11.0517 1.82765e-12
11.0517 -1.82743e-12
11.0517 0
11.0517 0
11.0517 -3.0088e-09
11.0517 -3.00449e-08
11.1782 9.42484e-05
11.0518 2.32075e-08
11.0518 1.82099e-12
11.0518 -1.8201e-12
11.0518 0
11.0518 0
11.0518 -3.00557e-09
11.0518 -3.00126e-08
11.1783 9.43067e-05
11.0519 2.31683e-08
11.0518 1.81477e-12
11.0518 -1.8141e-12
11.0518 0
11.0518 0
11.0518 -3.00234e-09
11.0519 -2.99803e-08
11.1784 9.4365e-05
11.0519 2.31291e-08
11.0519 1.80855e-12
11.0519 -1.80789e-12
11.0519 0
11.0519 0
11.0519 -2.99911e-09
11.052 -2.9948e-08
11.1784 9.44232e-05
11.052 2.30901e-08
11.052 1.80234e-12
11.052 -1.80189e-12
11.052 0
11.052 0
11.052 -2.99588e-09
11.0521 -2.99157e-08
11.1785 9.44814e-05
11.0521 2.3051e-08
11.0521 1.79567e-12
11.0521 -1.79479e-12
11.0521 -2.22045e-16
11.0521 6.66134e-16
11.0521 2.22045e-16
11.0521 2.22045e-16
11.0522 -2.98834e-08
11.0521 0
11.0521 0
11.0521 -2.99265e-09
11.0522 -2.98834e-08
11.1786 9.45396e-05
11.0522 2.30121e-08
11.0522 1.7899e-12
11.0522 -1.78946e-12
11.0522 0
11.0522 0
11.0522 -2.98942e-09
11.0522 -2.98512e-08
11.1787 9.45978e-05
11.0523 2.29732e-08
11.0523 1.78368e-12
11.0523 -1.78324e-12
11.0523 2.22045e-16
11.0523 -2.22045e-16
11.0523 2.22045e-16
11.0523 -2.98189e-08
11.0523 -2.22045e-16
11.0523 -2.22045e-16
11.0523 -2.22045e-16
11.0523 -2.98189e-08
11.1788 9.4656e-05
11.0524 2.29344e-08
11.0523 1.77747e-12
11.0523 -1.77702e-12
11.0523 2.22045e-16
11.0523 -2.22045e-16
11.0523 2.22045e-16
11.0524 -2.97867e-08
11.0523 -2.22045e-16
11.0523 0
11.0523 0
11.0524 -2.98298e-09
11.0524 -2.97867e-08
11.1789 9.47141e-05
11.0524 2.28956e-08
11.0524 1.77125e-12
11.0524 -1.77058e-12
11.0524 2.22045e-16
11.0524 -2.22045e-16
11.0524 2.22045e-16
11.0525 -2.97545e-08
11.0524 -2.22045e-16
11.0524 0
11.0524 0
11.0524 -2.97976e-09
11.0525 -2.97545e-08
11.179 9.47722e-05
11.0525 2.28569e-08
11.0525 1.76548e-12
11.0525 -1.76525e-12
11.0525 -2.22045e-16
11.0525 2.22045e-16
11.0525 2.22045e-16
11.0525 2.22045e-16
11.0526 -2.97223e-08
11.0525 -2.22045e-16
11.0525 0
11.0525 0
11.0525 -2.97654e-09
11.0526 -2.97223e-08
11.179 9.48303e-05
11.0526 2.28183e-08
11.0526 1.75926e-12
11.0526 -1.75882e-12
11.0526 -2.22045e-16
11.0526 2.22045e-16
11.0526 2.22045e-16
11.0526 2.22045e-16
11.0527 -2.96902e-08
11.0526 0
11.0526 0
11.0526 -2.97332e-09
11.0527 -2.96902e-08
11.1791 9.48884e-05
11.0527 2.27798e-08
11.0527 1.75304e-12
11.0527 -1.75282e-12
11.0527 -2.22045e-16
11.0527 2.22045e-16
11.0527 2.22045e-16
11.0527 2.22045e-16
11.0527 -2.9658e-08
11.0527 -2.22045e-16
11.0527 0
11.0527 0
11.0527 -2.97011e-09
11.0527 -2.9658e-08
11.1792 9.49464e-05
11.0528 2.27413e-08
11.0528 1.74682e-12
11.0528 -1.74616e-12
11.0528 2.22045e-16
11.0528 0
11.0528 0
11.0528 -2.96689e-09
11.0528 -2.96259e-08
11.1793 9.50044e-05
11.0529 2.27028e-08
11.0528 1.74105e-12
11.0528 -1.74083e-12
11.0528 2.22045e-16
11.0528 -2.22045e-16
11.0528 2.22045e-16
11.0529 -2.95938e-08
11.0528 -2.22045e-16
11.0528 -2.22045e-16
11.0528 -2.22045e-16
11.0529 -2.95938e-08
11.1794 9.50624e-05
11.0529 2.26645e-08
11.0529 1.73483e-12
11.0529 -1.73439e-12
11.0529 0
11.0529 0
11.0529 -2.96047e-09
11.053 -2.95617e-08
11.1795 9.51204e-05
11.053 2.26262e-08
11.053 1.72884e-12
11.053 -1.72817e-12
11.053 2.22045e-16
11.053 -2.22045e-16
11.053 2.22045e-16
11.0531 -2.95296e-08
11.053 2.22045e-16
11.053 -4.44089e-16
11.053 -2.22045e-16
11.053 -2.22045e-16
11.0531 -2.95296e-08
11.1795 9.51783e-05
11.0531 2.25879e-08
11.0531 1.72307e-12
11.0531 -1.72284e-12
11.0531 2.22045e-16
11.0531 -2.22045e-16
11.0531 2.22045e-16
11.0532 -2.94975e-08
11.0531 0
11.0531 0
11.0531 -2.95405e-09
11.0532 -2.94975e-08
11.1796 9.52363e-05
11.0532 2.25498e-08
11.0532 1.71707e-12
11.0532 -1.71685e-12
11.0532 0
11.0532 0
11.0532 -2.95085e-09
11.0532 -2.94655e-08
11.1797 9.52942e-05
11.0533 2.25117e-08
11.0533 1.71108e-12
11.0533 -1.71085e-12
11.0533 -2.22045e-16
11.0533 2.22045e-16
11.0533 2.22045e-16
11.0533 2.22045e-16
11.0533 -2.94334e-08
11.0533 2.22045e-16
11.0533 -2.22045e-16
11.0533 0
11.0533 0
11.0533 -2.94764e-09
11.0533 -2.94334e-08
11.1798 9.53521e-05
11.0534 2.24736e-08
11.0534 1.70508e-12
11.0534 -1.70464e-12
11.0534 0
11.0534 0
11.0534 -2.94444e-09
11.0534 -2.94014e-08
11.1799 9.54099e-05
11.0535 2.24357e-08
11.0534 1.69931e-12
11.0534 -1.69909e-12
11.0534 0
11.0534 0
11.0534 -2.94124e-09
11.0535 -2.93694e-08
11.18 9.54678e-05
11.0535 2.23978e-08
11.0535 1.69331e-12
11.0535 -1.69287e-12
11.0535 0
11.0535 0
11.0535 -2.93804e-09
11.0536 -2.93374e-08
11.18 9.55256e-05
11.0536 2.23599e-08
11.0536 1.68732e-12
11.0536 -1.68665e-12
11.0536 2.22045e-16
11.0536 -2.22045e-16
11.0536 2.22045e-16
11.0537 -2.93055e-08
11.0536 0
11.0536 0
11.0536 -2.93484e-09
11.0537 -2.93055e-08
11.1801 9.55834e-05
11.0537 2.23221e-08
11.0537 1.68154e-12
11.0537 -1.6811e-12
11.0537 0
11.0537 0
11.0537 -2.93165e-09
11.0537 -2.92735e-08
11.1802 9.56411e-05
11.0538 2.22844e-08
11.0538 1.67577e-12
11.0538 -1.67533e-12
11.0538 2.22045e-16
11.0538 -2.22045e-16
11.0538 2.22045e-16
11.0538 -2.92416e-08
11.0538 -2.22045e-16
11.0538 0
11.0538 0
11.0538 -2.92845e-09
11.0538 -2.92416e-08
11.1803 9.56989e-05
11.0539 2.22467e-08
11.0539 1.67e-12
11.0539 -1.67e-12
11.0539 0
11.0539 0
11.0539 -2.92526e-09
11.0539 -2.92097e-08
11.1804 9.57566e-05
11.0539 2.22091e-08
11.0539 1.66422e-12
11.0539 -1.66378e-12
11.0539 0
11.0539 0
11.0539 -2.92207e-09
11.054 -2.91778e-08
11.1805 9.58143e-05
11.054 2.21716e-08
11.054 1.65845e-12
11.054 -1.65801e-12
11.054 0
11.054 0
11.054 -2.91888e-09
11.0541 -2.91459e-08
11.1806 9.5872e-05
11.0541 2.21341e-08
11.0541 1.65268e-12
11.0541 -1.65223e-12
11.0541 2.22045e-16
11.0541 0
11.0541 0
11.0541 -2.9157e-09
11.0542 -2.9114e-08
11.1806 9.59297e-05
11.0542 2.20967e-08
11.0542 1.6469e-12
11.0542 -1.64646e-12
11.0542 0
11.0542 0
11.0542 -2.91251e-09
11.0542 -2.90822e-08
11.1807 9.59873e-05
11.0543 2.20594e-08
11.0543 1.64135e-12
11.0543 -1.64091e-12
11.0543 0
11.0543 0
11.0543 -2.90933e-09
11.0543 -2.90503e-08
11.1808 9.60449e-05
11.0544 2.20221e-08
11.0543 1.63558e-12
11.0543 -1.63536e-12
11.0543 2.22045e-16
11.0543 -2.22045e-16
11.0543 2.22045e-16
11.0544 -2.90185e-08
11.0543 -2.22045e-16
11.0543 0
11.0543 0
11.0544 -2.90614e-09
11.0544 -2.90185e-08
11.1809 9.61025e-05
11.0544 2.19849e-08
11.0544 1.63003e-12
11.0544 -1.62959e-12
11.0544 2.22045e-16
11.0544 -2.22045e-16
11.0544 2.22045e-16
11.0545 -2.89867e-08
11.0544 -2.22045e-16
11.0544 -2.22045e-16
11.0544 -2.22045e-16
11.0545 -2.89867e-08
11.181 9.61601e-05
11.0545 2.19477e-08
11.0545 1.62426e-12
11.0545 -1.62381e-12
11.0545 2.22045e-16
11.0545 -2.22045e-16
11.0545 2.22045e-16
11.0546 -2.89549e-08
11.0545 -2.22045e-16
11.0545 -2.22045e-16
11.0545 -2.22045e-16
11.0546 -2.89549e-08
11.1811 9.62176e-05
11.0546 2.19106e-08
11.0546 1.61848e-12
11.0546 -1.61804e-12
11.0546 2.22045e-16
11.0546 0
11.0546 0
11.0546 -2.89661e-09
11.0547 -2.89232e-08
11.1811 9.62751e-05
11.0547 2.18736e-08
11.0547 1.61315e-12
11.0547 -1.61271e-12
11.0547 0
11.0547 0
11.0547 -2.89343e-09
11.0547 -2.88914e-08
11.1812 9.63326e-05
11.0548 2.18366e-08
11.0548 1.60738e-12
11.0548 -1.60694e-12
11.0548 0
11.0548 0
11.0548 -2.89026e-09
11.0548 -2.88597e-08
11.1813 9.63901e-05
11.0549 2.17997e-08
11.0548 1.60205e-12
11.0548 -1.60183e-12
11.0548 -2.22045e-16
11.0548 4.44089e-16
11.0548 0
11.0548 0
11.0549 -2.88708e-09
11.0549 -2.8828e-08
11.1814 9.64476e-05
11.0549 2.17629e-08
11.0549 1.59628e-12
11.0549 -1.59606e-12
11.0549 2.22045e-16
11.0549 -2.22045e-16
11.0549 2.22045e-16
11.055 -2.87963e-08
11.0549 0
11.0549 0
11.0549 -2.88391e-09
11.055 -2.87963e-08
11.1815 9.6505e-05
11.055 2.17261e-08
11.055 1.59073e-12
11.055 -1.59006e-12
11.055 0
11.055 0
11.055 -2.88074e-09
11.0551 -2.87646e-08
11.1816 9.65624e-05
11.0551 2.16893e-08
11.0551 1.5854e-12
11.0551 -1.58518e-12
11.0551 0
11.0551 0
11.0551 -2.87758e-09
11.0552 -2.87329e-08
11.1816 9.66198e-05
11.0552 2.16527e-08
11.0552 1.57985e-12
11.0552 -1.57963e-12
11.0552 0
11.0552 0
11.0552 -2.87441e-09
11.0552 -2.87013e-08
11.1817 9.66772e-05
11.0553 2.16161e-08
11.0553 1.57452e-12
11.0553 -1.57407e-12
11.0553 -2.22045e-16
11.0553 2.22045e-16
11.0553 0
11.0553 0
11.0553 -2.87125e-09
11.0553 -2.86696e-08
11.1818 9.67345e-05
11.0554 2.15795e-08
11.0553 1.56852e-12
11.0553 -1.56786e-12
11.0553 0
11.0553 0
11.0553 -2.86808e-09
11.0554 -2.8638e-08
11.1819 9.67919e-05
11.0554 2.1543e-08
11.0554 1.56342e-12
11.0554 -1.56297e-12
11.0554 -2.22045e-16
11.0554 2.22045e-16
11.0554 2.22045e-16
11.0554 2.22045e-16
11.0555 -2.86064e-08
11.0554 0
11.0554 0
11.0554 -2.86492e-09
11.0555 -2.86064e-08
11.182 9.68492e-05
11.0555 2.15066e-08
11.0555 1.55809e-12
11.0555 -1.55786e-12
11.0555 0
11.0555 0
11.0555 -2.86176e-09
11.0556 -2.85748e-08
11.1821 9.69065e-05
11.0556 2.14702e-08
11.0556 1.55276e-12
11.0556 -1.55254e-12
11.0556 0
11.0556 0
11.0556 -2.85861e-09
11.0557 -2.85433e-08
11.1821 9.69637e-05
11.0557 2.14339e-08
11.0557 1.54721e-12
11.0557 -1.54676e-12
11.0557 2.22045e-16
11.0557 -2.22045e-16
11.0557 2.22045e-16
11.0557 -2.85117e-08
11.0557 -2.22045e-16
11.0557 0
11.0557 0
11.0557 -2.85545e-09
11.0557 -2.85117e-08
11.1822 9.7021e-05
11.0558 2.13977e-08
11.0558 1.54166e-12
11.0558 -1.54099e-12
11.0558 2.22045e-16
11.0558 -2.22045e-16
11.0558 2.22045e-16
11.0558 -2.84802e-08
11.0558 0
11.0558 0
11.0558 -2.8523e-09
11.0558 -2.84802e-08
11.1823 9.70782e-05
11.0559 2.13615e-08
11.0558 1.53633e-12
11.0558 -1.53566e-12
11.0558 2.22045e-16
11.0558 -2.22045e-16
11.0558 2.22045e-16
11.0559 -2.84486e-08
11.0558 -2.22045e-16
11.0558 0
11.0558 0
11.0558 -2.84914e-09
11.0559 -2.84486e-08
11.1824 9.71354e-05
11.0559 2.13254e-08
11.0559 1.53122e-12
11.0559 -1.53078e-12
11.0559 -2.22045e-16
11.0559 2.22045e-16
11.0559 2.22045e-16
11.0559 2.22045e-16
11.056 -2.84171e-08
11.0559 -2.22045e-16
11.0559 2.22045e-16
11.0559 -2.22045e-16
11.056 -2.84171e-08
11.1825 9.71925e-05
11.056 2.12893e-08
11.056 1.52611e-12
11.056 -1.52567e-12
11.056 -2.22045e-16
11.056 2.22045e-16
11.056 2.22045e-16
11.056 2.22045e-16
11.0561 -2.83856e-08
11.056 -2.22045e-16
11.056 2.22045e-16
11.056 -2.22045e-16
11.0561 -2.83856e-08
11.1825 9.72497e-05
11.0561 2.12533e-08
11.0561 1.52034e-12
11.0561 -1.5199e-12
11.0561 2.22045e-16
11.0561 -2.22045e-16
11.0561 2.22045e-16
11.0561 -2.83542e-08
11.0561 -2.22045e-16
11.0561 2.22045e-16
11.0561 -2.22045e-16
11.0561 -2.83542e-08
11.1826 9.73068e-05
11.0562 2.12173e-08
11.0562 1.51523e-12
11.0562 -1.51457e-12
11.0562 2.22045e-16
11.0562 -2.22045e-16
11.0562 2.22045e-16
11.0562 -2.83227e-08
11.0562 0
11.0562 0
11.0562 -2.83655e-09
11.0562 -2.83227e-08
11.1827 9.73639e-05
11.0563 2.11814e-08
11.0562 1.51013e-12
11.0562 -1.50946e-12
11.0562 -2.22045e-16
11.0562 4.44089e-16
11.0562 2.22045e-16
11.0562 2.22045e-16
11.0563 -2.82913e-08
11.0562 -2.22045e-16
11.0562 0
11.0562 0
11.0563 -2.8334e-09
11.0563 -2.82913e-08
11.1828 9.7421e-05
11.0563 2.11456e-08
11.0563 1.5048e-12
11.0563 -1.50435e-12
11.0563 0
11.0563 0
11.0563 -2.83026e-09
11.0564 -2.82598e-08
11.1829 9.74781e-05
11.0564 2.11098e-08
11.0564 1.49947e-12
11.0564 -1.4988e-12
11.0564 0
11.0564 0
11.0564 -2.82712e-09
11.0565 -2.82284e-08
11.183 9.75351e-05
11.0565 2.10741e-08
11.0565 1.49458e-12
11.0565 -1.49436e-12
11.0565 0
11.0565 0
11.0565 -2.82398e-09
11.0566 -2.8197e-08
11.183 9.75922e-05
11.0566 2.10384e-08
11.0566 1.48925e-12
11.0566 -1.48881e-12
11.0566 0
11.0566 0
11.0566 -2.82084e-09
11.0566 -2.81657e-08
11.1831 9.76492e-05
11.0567 2.10028e-08
11.0567 1.48392e-12
11.0567 -1.48326e-12
11.0567 2.22045e-16
11.0567 -2.22045e-16
11.0567 2.22045e-16
11.0567 -2.81343e-08
11.0567 -2.22045e-16
11.0567 0
11.0567 0
11.0567 -2.8177e-09
11.0567 -2.81343e-08
11.1832 9.77061e-05
11.0568 2.09673e-08
11.0567 1.47904e-12
11.0567 -1.4786e-12
11.0567 -2.22045e-16
11.0567 2.22045e-16
11.0567 -2.22045e-16
11.0567 2.22045e-16
11.0568 -2.8103e-08
11.0567 -2.22045e-16
11.0567 2.22045e-16
11.0567 -2.22045e-16
11.0568 -2.8103e-08
11.1833 9.77631e-05
11.0568 2.09318e-08
11.0568 1.47371e-12
11.0568 -1.47327e-12
11.0568 0
11.0568 0
11.0568 -2.81143e-09
11.0569 -2.80716e-08
11.1834 9.782e-05
11.0569 2.08964e-08
11.0569 1.46838e-12
11.0569 -1.46771e-12
11.0569 -2.22045e-16
11.0569 4.44089e-16
11.0569 2.22045e-16
11.0569 2.22045e-16
11.057 -2.80403e-08
11.0569 0
11.0569 0
11.0569 -2.8083e-09
11.057 -2.80403e-08
11.1835 9.78769e-05
11.057 2.0861e-08
11.057 1.4635e-12
11.057 -1.46327e-12
11.057 2.22045e-16
11.057 -2.22045e-16
11.057 2.22045e-16
11.057 -2.8009e-08
11.057 2.22045e-16
11.057 -2.22045e-16
11.057 -2.22045e-16
11.057 -2.22045e-16
11.057 -2.8009e-08
11.1835 9.79338e-05
11.0571 2.08257e-08
11.0571 1.45839e-12
11.0571 -1.45817e-12
11.0571 0
11.0571 0
11.0571 -2.80204e-09
11.0571 -2.79777e-08
11.1836 9.79907e-05
11.0572 2.07904e-08
11.0572 1.4535e-12
11.0572 -1.45328e-12
11.0572 -2.22045e-16
11.0572 4.44089e-16
11.0572 4.44089e-16
11.0572 4.44089e-16
11.0572 -2.79465e-08
11.0572 -2.22045e-16
11.0572 -2.22045e-16
11.0572 0
11.0572 0
11.0572 -2.79891e-09
11.0572 -2.79465e-08
11.1837 9.80475e-05
11.0572 2.07552e-08
11.0572 1.4484e-12
11.0572 -1.44795e-12
11.0572 0
11.0572 0
11.0572 -2.79579e-09
11.0573 -2.79152e-08
11.1838 9.81044e-05
11.0573 2.07201e-08
11.0573 1.44329e-12
11.0573 -1.44262e-12
11.0573 -2.22045e-16
11.0573 4.44089e-16
11.0573 2.22045e-16
11.0573 2.22045e-16
11.0574 -2.7884e-08
11.0573 -2.22045e-16
11.0573 -2.22045e-16
11.0573 -2.22045e-16
11.0574 -2.7884e-08
11.1839 9.81612e-05
11.0574 2.0685e-08
11.0574 1.4384e-12
11.0574 -1.43818e-12
11.0574 2.22045e-16
11.0574 -2.22045e-16
11.0574 2.22045e-16
11.0575 -2.78528e-08
11.0574 -2.22045e-16
11.0574 0
11.0574 0
11.0574 -2.78954e-09
11.0575 -2.78528e-08
11.184 9.8218e-05
11.0575 2.065e-08
11.0575 1.4333e-12
11.0575 -1.43285e-12
11.0575 0
11.0575 0
11.0575 -2.78642e-09
11.0575 -2.78216e-08
11.184 9.82747e-05
11.0576 2.0615e-08
11.0576 1.42841e-12
11.0576 -1.42797e-12
11.0576 -2.22045e-16
11.0576 4.44089e-16
11.0576 -2.22045e-16
11.0576 4.44089e-16
11.0576 -2.77904e-08
11.0576 -2.22045e-16
11.0576 2.22045e-16
11.0576 0
11.0576 0
11.0576 -2.7833e-09
11.0576 -2.77904e-08
11.1841 9.83315e-05
11.0577 2.05801e-08
11.0576 1.42353e-12
11.0576 -1.42308e-12
11.0576 -2.22045e-16
11.0576 4.44089e-16
11.0576 2.22045e-16
11.0576 2.22045e-16
11.0577 -2.77592e-08
11.0576 -2.22045e-16
11.0576 -2.22045e-16
11.0576 -2.22045e-16
11.0577 -2.77592e-08
11.1842 9.83882e-05
11.0577 2.05452e-08
11.0577 1.41842e-12
11.0577 -1.4182e-12
11.0577 0
11.0577 0
11.0577 -2.77707e-09
11.0578 -2.7728e-08
11.1843 9.84449e-05
11.0578 2.05104e-08
11.0578 1.41354e-12
11.0578 -1.41287e-12
11.0578 -2.22045e-16
11.0578 2.22045e-16
11.0578 2.22045e-16
11.0578 2.22045e-16
11.0579 -2.76969e-08
11.0578 -2.22045e-16
11.0578 2.22045e-16
11.0578 -2.22045e-16
11.0579 -2.76969e-08
11.1844 9.85016e-05
11.0579 2.04757e-08
11.0579 1.40887e-12
11.0579 -1.40887e-12
11.0579 2.22045e-16
11.0579 -2.22045e-16
11.0579 2.22045e-16
11.0579 -2.76658e-08
11.0579 -2.22045e-16
11.0579 -2.22045e-16
11.0579 -2.22045e-16
11.0579 -2.76658e-08
11.1844 9.85582e-05
11.058 2.0441e-08
11.058 1.40377e-12
11.058 -1.40354e-12
11.058 0
11.058 0
11.058 -2.76773e-09
11.058 -2.76347e-08
11.1845 9.86149e-05
11.0581 2.04063e-08
11.058 1.39888e-12
11.058 -1.39844e-12
11.058 0
11.058 0
11.0581 -2.76462e-09
11.0581 -2.76036e-08
11.1846 9.86715e-05
11.0581 2.03718e-08
11.0581 1.39377e-12
11.0581 -1.39333e-12
11.0581 2.22045e-16
11.0581 -2.22045e-16
11.0581 2.22045e-16
11.0582 -2.75725e-08
11.0581 -2.22045e-16
11.0581 -2.22045e-16
11.0581 0
11.0581 0
11.0581 -2.76151e-09
11.0582 -2.75725e-08
11.1847 9.87281e-05
11.0582 2.03372e-08
11.0582 1.38911e-12
11.0582 -1.38867e-12
11.0582 2.22045e-16
11.0582 -2.22045e-16
11.0582 2.22045e-16
11.0583 -2.75414e-08
11.0582 -2.22045e-16
11.0582 -2.22045e-16
11.0582 -2.22045e-16
11.0582 -2.22045e-16
11.0583 -2.75414e-08
11.1848 9.87846e-05
11.0583 2.03028e-08
11.0583 1.38445e-12
11.0583 -1.38445e-12
11.0583 -2.22045e-16
11.0583 2.22045e-16
11.0583 2.22045e-16
11.0583 2.22045e-16
11.0584 -2.75104e-08
11.0583 -2.22045e-16
11.0583 2.22045e-16
11.0583 -2.22045e-16
11.0583 -2.22045e-16
11.0584 -2.75104e-08
11.1849 9.88412e-05
11.0584 2.02684e-08
11.0584 1.37956e-12
11.0584 -1.37934e-12
11.0584 2.22045e-16
11.0584 -2.22045e-16
11.0584 2.22045e-16
11.0584 -2.74794e-08
11.0584 -2.22045e-16
11.0584 -2.22045e-16
11.0584 -2.22045e-16
11.0584 -2.22045e-16
11.0584 -2.74794e-08
11.1849 9.88977e-05
11.0585 2.0234e-08
11.0585 1.37468e-12
11.0585 -1.37423e-12
11.0585 2.22045e-16
11.0585 -2.22045e-16
11.0585 2.22045e-16
11.0585 -2.74483e-08
11.0585 -2.22045e-16
11.0585 -2.22045e-16
11.0585 0
11.0585 0
11.0585 -2.74909e-09
11.0585 -2.74483e-08
11.185 9.89542e-05
11.0586 2.01997e-08
11.0585 1.36979e-12
11.0585 -1.36935e-12
11.0585 0
11.0585 0
11.0585 -2.74599e-09
11.0586 -2.74174e-08
11.1851 9.90107e-05
11.0586 2.01654e-08
11.0586 1.36513e-12
11.0586 -1.36469e-12
11.0586 0
11.0586 0
11.0586 -2.74289e-09
11.0587 -2.73864e-08
11.1852 9.90672e-05
11.0587 2.01312e-08
11.0587 1.36025e-12
11.0587 -1.3598e-12
11.0587 -2.22045e-16
11.0587 4.44089e-16
11.0587 2.22045e-16
11.0587 2.22045e-16
11.0588 -2.73554e-08
11.0587 0
11.0587 0
11.0587 -2.73979e-09
11.0588 -2.73554e-08
11.1853 9.91236e-05
11.0588 2.00971e-08
11.0588 1.3558e-12
11.0588 -1.35558e-12
11.0588 0
11.0588 0
11.0588 -2.7367e-09
11.0588 -2.73244e-08
11.1853 9.91801e-05
11.0589 2.0063e-08
11.0589 1.35092e-12
11.0589 -1.3507e-12
11.0589 2.22045e-16
11.0589 -2.22045e-16
11.0589 2.22045e-16
11.0589 -2.72935e-08
11.0589 -2.22045e-16
11.0589 0
11.0589 0
11.0589 -2.7336e-09
11.0589 -2.72935e-08
11.1854 9.92365e-05
11.059 2.0029e-08
11.0589 1.34626e-12
11.0589 -1.34581e-12
11.0589 -2.22045e-16
11.0589 4.44089e-16
11.0589 0
11.0589 0
11.0589 -2.73051e-09
11.059 -2.72626e-08
11.1855 9.92928e-05
11.059 1.9995e-08
11.059 1.34159e-12
11.059 -1.34137e-12
11.059 0
11.059 0
11.059 -2.72742e-09
11.0591 -2.72317e-08
11.1856 9.93492e-05
11.0591 1.99611e-08
11.0591 1.33693e-12
11.0591 -1.33649e-12
11.0591 0
11.0591 0
11.0591 -2.72433e-09
11.0592 -2.72008e-08
11.1857 9.94055e-05
11.0592 1.99272e-08
11.0592 1.33249e-12
11.0592 -1.33227e-12
11.0592 0
11.0592 0
11.0592 -2.72124e-09
11.0592 -2.71699e-08
11.1858 9.94619e-05
11.0593 1.98934e-08
11.0593 1.3276e-12
11.0593 -1.32716e-12
11.0593 2.22045e-16
11.0593 -2.22045e-16
11.0593 2.22045e-16
11.0593 -2.71391e-08
11.0593 -2.22045e-16
11.0593 2.22045e-16
11.0593 0
11.0593 0
11.0593 -2.71816e-09
11.0593 -2.71391e-08
11.1858 9.95182e-05
11.0594 1.98596e-08
11.0593 1.32294e-12
11.0593 -1.32272e-12
11.0593 0
11.0593 0
11.0594 -2.71507e-09
11.0594 -2.71082e-08
11.1859 9.95744e-05
11.0594 1.98259e-08
11.0594 1.31828e-12
11.0594 -1.31783e-12
11.0594 0
11.0594 0
11.0594 -2.71199e-09
11.0595 -2.70774e-08
11.186 9.96307e-05
11.0595 1.97922e-08
11.0595 1.31384e-12
11.0595 -1.31339e-12
11.0595 0
11.0595 0
11.0595 -2.7089e-09
11.0596 -2.70466e-08
11.1861 9.96869e-05
11.0596 1.97586e-08
11.0596 1.30895e-12
11.0596 -1.30851e-12
11.0596 2.22045e-16
11.0596 -2.22045e-16
11.0596 2.22045e-16
11.0597 -2.70158e-08
11.0596 -2.22045e-16
11.0596 -2.22045e-16
11.0596 2.22045e-16
11.0596 -2.22045e-16
11.0597 -2.70158e-08
11.1862 9.97431e-05
11.0597 1.97251e-08
11.0597 1.30496e-12
11.0597 -1.30496e-12
11.0597 -2.22045e-16
11.0597 4.44089e-16
11.0597 2.22045e-16
11.0597 2.22045e-16
11.0597 -2.6985e-08
11.0597 0
11.0597 0
11.0597 -2.70275e-09
11.0597 -2.6985e-08
11.1862 9.97993e-05
11.0598 1.96916e-08
11.0598 1.30007e-12
11.0598 -1.29963e-12
11.0598 0
11.0598 0
11.0598 -2.69967e-09
11.0598 -2.69542e-08
11.1863 9.98555e-05
11.0598 1.96581e-08
11.0598 1.29563e-12
11.0598 -1.29541e-12
11.0598 -2.22045e-16
11.0598 4.44089e-16
11.0598 2.22045e-16
11.0598 2.22045e-16
11.0599 -2.69235e-08
11.0598 2.22045e-16
11.0598 -2.22045e-16
11.0598 -2.22045e-16
11.0598 -2.22045e-16
11.0598 -2.22045e-16
11.0599 -2.69235e-08
11.1864 9.99117e-05
11.0599 1.96247e-08
11.0599 1.29119e-12
11.0599 -1.29097e-12
11.0599 -2.22045e-16
11.0599 2.22045e-16
11.0599 2.22045e-16
11.0599 2.22045e-16
11.06 -2.68927e-08
11.0599 -2.22045e-16
11.0599 0
11.0599 0
11.0599 -2.69352e-09
11.06 -2.68927e-08
11.1865 9.99678e-05
11.06 1.95914e-08
11.06 1.28653e-12
11.06 -1.28608e-12
11.06 2.22045e-16
11.06 -2.22045e-16
11.06 2.22045e-16
11.0601 -2.6862e-08
11.06 0
11.06 0
11.06 -2.69044e-09
11.0601 -2.6862e-08
11.1866 0.000100024
11.0601 1.95581e-08
11.0601 1.28209e-12
11.0601 -1.28164e-12
11.0601 -2.22045e-16
11.0601 2.22045e-16
11.0601 2.22045e-16
11.0601 2.22045e-16
11.0601 -2.68313e-08
11.0601 -2.22045e-16
11.0601 0
11.0601 0
11.0601 -2.68737e-09
11.0601 -2.68313e-08
11.1866 0.00010008
11.0602 1.95249e-08
11.0602 1.27742e-12
11.0602 -1.27698e-12
11.0602 0
11.0602 0
11.0602 -2.6843e-09
11.0602 -2.68006e-08
11.1867 0.000100136
11.0602 1.94917e-08
11.0602 1.2732e-12
11.0602 -1.27276e-12
11.0602 -2.22045e-16
11.0602 4.44089e-16
11.0602 0
11.0602 0
11.0602 -2.68124e-09
11.0603 -2.67699e-08
11.1868 0.000100192
11.0603 1.94586e-08
11.0603 1.26876e-12
11.0603 -1.26854e-12
11.0603 0
11.0603 0
11.0603 -2.67817e-09
11.0604 -2.67393e-08
11.1869 0.000100248
11.0604 1.94255e-08
11.0604 1.26454e-12
11.0604 -1.26454e-12
11.0604 0
11.0604 0
11.0604 -2.6751e-09
11.0605 -2.67086e-08
11.187 0.000100304
11.0605 1.93925e-08
11.0605 1.2601e-12
11.0605 -1.25966e-12
11.0605 0
11.0605 0
11.0605 -2.67204e-09
11.0605 -2.6678e-08
11.1871 0.00010036
11.0606 1.93595e-08
11.0606 1.25544e-12
11.0606 -1.25522e-12
11.0606 0
11.0606 0
11.0606 -2.66898e-09
11.0606 -2.66474e-08
11.1871 0.000100416
11.0607 1.93266e-08
11.0606 1.25122e-12
11.0606 -1.25078e-12
11.0606 -2.22045e-16
11.0606 4.44089e-16
11.0606 0
11.0606 0
11.0606 -2.66592e-09
11.0607 -2.66168e-08
11.1872 0.000100472
11.0607 1.92937e-08
11.0607 1.24678e-12
11.0607 -1.24634e-12
11.0607 0
11.0607 0
11.0607 -2.66286e-09
11.0608 -2.65862e-08
11.1873 0.000100528
11.0608 1.92609e-08
11.0608 1.24234e-12
11.0608 -1.24212e-12
11.0608 0
11.0608 0
11.0608 -2.6598e-09
11.0609 -2.65556e-08
11.1874 0.000100584
11.0609 1.92281e-08
11.0609 1.2379e-12
11.0609 -1.23745e-12
11.0609 2.22045e-16
11.0609 -2.22045e-16
11.0609 2.22045e-16
11.0609 -2.65251e-08
11.0609 0
11.0609 0
11.0609 -2.65675e-09
11.0609 -2.65251e-08
11.1875 0.00010064
11.061 1.91954e-08
11.061 1.2339e-12
11.061 -1.2339e-12
11.061 0
11.061 0
11.061 -2.65369e-09
11.061 -2.64946e-08
11.1875 0.000100696
11.0611 1.91627e-08
11.061 1.22924e-12
11.061 -1.22879e-12
11.061 -2.22045e-16
11.061 4.44089e-16
11.061 0
11.061 0
11.061 -2.65064e-09
11.0611 -2.6464e-08
11.1876 0.000100751
11.0611 1.91301e-08
11.0611 1.22502e-12
11.0611 -1.22502e-12
11.0611 2.22045e-16
11.0611 -2.22045e-16
11.0611 2.22045e-16
11.0612 -2.64335e-08
11.0611 -2.22045e-16
11.0611 0
11.0611 0
11.0611 -2.64759e-09
11.0612 -2.64335e-08
11.1877 0.000100807
11.0612 1.90975e-08
11.0612 1.2208e-12
11.0612 -1.22058e-12
11.0612 -2.22045e-16
11.0612 6.66134e-16
11.0612 2.22045e-16
11.0612 2.22045e-16
11.0613 -2.6403e-08
11.0612 0
11.0612 0
11.0612 -2.64454e-09
11.0613 -2.6403e-08
11.1878 0.000100863
11.0613 1.9065e-08
11.0613 1.21658e-12
11.0613 -1.21614e-12
11.0613 0
11.0613 0
11.0613 -2.64149e-09
11.0613 -2.63726e-08
11.1879 0.000100919
11.0614 1.90325e-08
11.0614 1.21259e-12
11.0614 -1.21259e-12
11.0614 0
11.0614 0
11.0614 -2.63844e-09
11.0614 -2.63421e-08
11.1879 0.000100975
11.0615 1.90001e-08
11.0614 1.20814e-12
11.0614 -1.20792e-12
11.0614 2.22045e-16
11.0614 -2.22045e-16
11.0614 2.22045e-16
11.0615 -2.63116e-08
11.0614 -2.22045e-16
11.0614 0
11.0614 0
11.0614 -2.6354e-09
11.0615 -2.63116e-08
11.188 0.00010103
11.0615 1.89677e-08
11.0615 1.20393e-12
11.0615 -1.2037e-12
11.0615 -2.22045e-16
11.0615 2.22045e-16
11.0615 2.22045e-16
11.0615 2.22045e-16
11.0616 -2.62812e-08
11.0615 -2.22045e-16
11.0615 0
11.0615 0
11.0615 -2.63235e-09
11.0616 -2.62812e-08
11.1881 0.000101086
11.0616 1.89354e-08
11.0616 1.19948e-12
11.0616 -1.19904e-12
11.0616 0
11.0616 0
11.0616 -2.62931e-09
11.0617 -2.62508e-08
11.1882 0.000101142
11.0617 1.89032e-08
11.0617 1.19571e-12
11.0617 -1.19549e-12
11.0617 0
11.0617 0
11.0617 -2.62627e-09
11.0617 -2.62204e-08
11.1883 0.000101197
11.0618 1.88709e-08
11.0618 1.19127e-12
11.0618 -1.19083e-12
11.0618 -2.22045e-16
11.0618 6.66134e-16
11.0618 2.22045e-16
11.0618 2.22045e-16
11.0618 -2.619e-08
11.0618 0
11.0618 0
11.0618 -2.62323e-09
11.0618 -2.619e-08
11.1883 0.000101253
11.0619 1.88388e-08
11.0618 1.18727e-12
11.0618 -1.18727e-12
11.0618 0
11.0618 0
11.0618 -2.62019e-09
11.0619 -2.61596e-08
11.1884 0.000101309
11.0619 1.88067e-08
11.0619 1.18305e-12
11.0619 -1.18283e-12
11.0619 2.22045e-16
11.0619 -2.22045e-16
11.0619 2.22045e-16
11.062 -2.61293e-08
11.0619 -2.22045e-16
11.0619 -2.22045e-16
11.0619 -2.22045e-16
11.0619 -2.22045e-16
11.062 -2.61293e-08
11.1885 0.000101364
11.062 1.87746e-08
11.062 1.17883e-12
11.062 -1.17839e-12
11.062 -2.22045e-16
11.062 4.44089e-16
11.062 2.22045e-16
11.062 2.22045e-16
11.0621 -2.60989e-08
11.062 -2.22045e-16
11.062 -2.22045e-16
11.062 0
11.062 0
11.062 -2.61412e-09
11.0621 -2.60989e-08
11.1886 0.00010142
11.0621 1.87426e-08
11.0621 1.17462e-12
11.0621 -1.17439e-12
11.0621 0
11.0621 0
11.0621 -2.61108e-09
11.0621 -2.60686e-08
11.1887 0.000101476
11.0622 1.87106e-08
11.0622 1.17062e-12
11.0622 -1.1704e-12
11.0622 2.22045e-16
11.0622 -2.22045e-16
11.0622 2.22045e-16
11.0622 -2.60383e-08
11.0622 -2.22045e-16
11.0622 -2.22045e-16
11.0622 0
11.0622 0
11.0622 -2.60805e-09
11.0622 -2.60383e-08
11.1887 0.000101531
11.0623 1.86787e-08
11.0622 1.16662e-12
11.0622 -1.16618e-12
11.0622 -2.22045e-16
11.0622 2.22045e-16
11.0622 -2.22045e-16
11.0622 2.22045e-16
11.0623 -2.6008e-08
11.0622 0
11.0622 0
11.0622 -2.60502e-09
11.0623 -2.6008e-08
11.1888 0.000101587
11.0623 1.86468e-08
11.0623 1.16218e-12
11.0623 -1.16174e-12
11.0623 0
11.0623 0
11.0623 -2.60199e-09
11.0624 -2.59777e-08
11.1889 0.000101642
11.0624 1.8615e-08
11.0624 1.15841e-12
11.0624 -1.15841e-12
11.0624 2.22045e-16
11.0624 -4.44089e-16
11.0624 2.22045e-16
11.0625 -2.59474e-08
11.0624 -2.22045e-16
11.0624 0
11.0624 0
11.0624 -2.59897e-09
11.0625 -2.59474e-08
11.189 0.000101698
11.0625 1.85832e-08
11.0625 1.15441e-12
11.0625 -1.15397e-12
11.0625 -2.22045e-16
11.0625 2.22045e-16
11.0625 2.22045e-16
11.0625 2.22045e-16
11.0625 -2.59172e-08
11.0625 -2.22045e-16
11.0625 2.22045e-16
11.0625 -2.22045e-16
11.0625 -2.22045e-16
11.0625 -2.59172e-08
11.1891 0.000101753
11.0626 1.85515e-08
11.0626 1.14997e-12
11.0626 -1.14952e-12
11.0626 2.22045e-16
11.0626 2.22045e-16
11.0626 -6.66134e-16
11.0626 -2.22045e-16
11.0626 2.22045e-16
11.0626 -2.58869e-08
11.0626 -4.44089e-16
11.0626 -2.22045e-16
11.0626 -2.22045e-16
11.0626 -2.58869e-08
11.1892 0.000101809
11.0627 1.85198e-08
11.0626 1.14619e-12
11.0626 -1.14597e-12
11.0626 -2.22045e-16
11.0626 4.44089e-16
11.0626 2.22045e-16
11.0626 2.22045e-16
11.0627 -2.58567e-08
11.0626 0
11.0626 0
11.0626 -2.58989e-09
11.0627 -2.58567e-08
11.1892 0.000101864
11.0627 1.84882e-08
11.0627 1.14198e-12
11.0627 -1.14175e-12
11.0627 2.22045e-16
11.0627 -2.22045e-16
11.0627 2.22045e-16
11.0628 -2.58265e-08
11.0627 -2.22045e-16
11.0627 -2.22045e-16
11.0627 0
11.0627 0
11.0627 -2.58687e-09
11.0628 -2.58265e-08
11.1893 0.00010192
11.0628 1.84566e-08
11.0628 1.13798e-12
11.0628 -1.13753e-12
11.0628 0
11.0628 0
11.0628 -2.58385e-09
11.0629 -2.57963e-08
11.1894 0.000101975
11.0629 1.84251e-08
11.0629 1.1342e-12
11.0629 -1.13398e-12
11.0629 0
11.0629 0
11.0629 -2.58083e-09
11.0629 -2.57661e-08
11.1895 0.00010203
11.063 1.83936e-08
11.063 1.13021e-12
11.063 -1.12998e-12
11.063 0
11.063 0
11.063 -2.57781e-09
11.063 -2.5736e-08
11.1896 0.000102086
11.063 1.83622e-08
11.063 1.12621e-12
11.063 -1.12599e-12
11.063 0
11.063 0
11.063 -2.5748e-09
11.0631 -2.57058e-08
11.1896 0.000102141
11.0631 1.83308e-08
11.0631 1.12221e-12
11.0631 -1.12199e-12
11.0631 2.22045e-16
11.0631 -2.22045e-16
11.0631 2.22045e-16
11.0632 -2.56757e-08
11.0631 -2.22045e-16
11.0631 -2.22045e-16
11.0631 0
11.0631 0
11.0631 -2.57178e-09
11.0632 -2.56757e-08
11.1897 0.000102196
11.0632 1.82995e-08
11.0632 1.11822e-12
11.0632 -1.11799e-12
11.0632 0
11.0632 0
11.0632 -2.56877e-09
11.0633 -2.56456e-08
11.1898 0.000102252
11.0633 1.82682e-08
11.0633 1.11444e-12
11.0633 -1.114e-12
11.0633 -2.22045e-16
11.0633 4.44089e-16
11.0633 2.22045e-16
11.0633 2.22045e-16
11.0633 -2.56154e-08
11.0633 -2.22045e-16
11.0633 2.22045e-16
11.0633 -2.22045e-16
11.0633 -2.22045e-16
11.0633 -2.56154e-08
11.1899 0.000102307
11.0634 1.82369e-08
11.0634 1.11045e-12
11.0634 -1.11022e-12
11.0634 2.22045e-16
11.0634 -2.22045e-16
11.0634 2.22045e-16
11.0634 -2.55854e-08
11.0634 -2.22045e-16
11.0634 -2.22045e-16
11.0634 0
11.0634 0
11.0634 -2.56275e-09
11.0634 -2.55854e-08
11.19 0.000102362
11.0634 1.82057e-08
11.0634 1.10667e-12
11.0634 -1.10623e-12
11.0634 -2.22045e-16
11.0634 2.22045e-16
11.0634 2.22045e-16
11.0634 2.22045e-16
11.0635 -2.55553e-08
11.0634 -2.22045e-16
11.0634 -2.22045e-16
11.0634 2.22045e-16
11.0634 -2.22045e-16
11.0635 -2.55553e-08
11.19 0.000102417
11.0635 1.81746e-08
11.0635 1.1029e-12
11.0635 -1.1029e-12
11.0635 2.22045e-16
11.0635 -2.22045e-16
11.0635 2.22045e-16
11.0636 -2.55252e-08
11.0635 -2.22045e-16
11.0635 -2.22045e-16
11.0635 -2.22045e-16
11.0635 -2.22045e-16
11.0636 -2.55252e-08
11.1901 0.000102473
11.0636 1.81435e-08
11.0636 1.0989e-12
11.0636 -1.0989e-12
11.0636 0
11.0636 0
11.0636 -2.55373e-09
11.0637 -2.54952e-08
11.1902 0.000102528
11.0637 1.81124e-08
11.0637 1.0949e-12
11.0637 -1.09468e-12
11.0637 0
11.0637 0
11.0637 -2.55073e-09
11.0637 -2.54651e-08
11.1903 0.000102583
11.0638 1.80814e-08
11.0637 1.09135e-12
11.0637 -1.09135e-12
11.0637 0
11.0637 0
11.0638 -2.54772e-09
11.0638 -2.54351e-08
11.1903 0.000102638
11.0638 1.80505e-08
11.0638 1.08735e-12
11.0638 -1.08713e-12
11.0638 -2.22045e-16
11.0638 6.66134e-16
11.0638 2.22045e-16
11.0638 2.22045e-16
11.0639 -2.54051e-08
11.0638 0
11.0638 0
11.0638 -2.54472e-09
11.0639 -2.54051e-08
11.1904 0.000102693
11.0639 1.80196e-08
11.0639 1.08336e-12
11.0639 -1.08291e-12
11.0639 -2.22045e-16
11.0639 2.22045e-16
11.0639 0
11.0639 0
11.0639 -2.54172e-09
11.064 -2.53751e-08
11.1905 0.000102748
11.064 1.79887e-08
11.064 1.0798e-12
11.064 -1.0798e-12
11.064 0
11.064 0
11.064 -2.53872e-09
11.064 -2.53451e-08
11.1906 0.000102803
11.0641 1.79579e-08
11.0641 1.07581e-12
11.0641 -1.07558e-12
11.0641 2.22045e-16
11.0641 -2.22045e-16
11.0641 2.22045e-16
11.0641 -2.53152e-08
11.0641 0
11.0641 0
11.0641 -2.53573e-09
11.0641 -2.53152e-08
11.1907 0.000102859
11.0642 1.79271e-08
11.0641 1.07181e-12
11.0641 -1.07137e-12
11.0641 0
11.0641 0
11.0642 -2.53273e-09
11.0642 -2.52852e-08
11.1907 0.000102914
11.0642 1.78964e-08
11.0642 1.06848e-12
11.0642 -1.06826e-12
11.0642 -2.22045e-16
11.0642 4.44089e-16
11.0642 2.22045e-16
11.0642 2.22045e-16
11.0643 -2.52553e-08
11.0642 -2.22045e-16
11.0642 0
11.0642 0
11.0642 -2.52974e-09
11.0643 -2.52553e-08
11.1908 0.000102969
11.0643 1.78657e-08
11.0643 1.06448e-12
11.0643 -1.06426e-12
11.0643 2.22045e-16
11.0643 -2.22045e-16
11.0643 2.22045e-16
11.0644 -2.52254e-08
11.0643 -2.22045e-16
11.0643 -2.22045e-16
11.0643 -2.22045e-16
11.0643 -2.22045e-16
11.0644 -2.52254e-08
11.1909 0.000103024
11.0644 1.78351e-08
11.0644 1.06093e-12
11.0644 -1.06071e-12
11.0644 2.22045e-16
11.0644 -4.44089e-16
11.0644 2.22045e-16
11.0644 -2.51955e-08
11.0644 -4.44089e-16
11.0644 -2.22045e-16
11.0644 -2.22045e-16
11.0644 -2.51955e-08
11.191 0.000103079
11.0645 1.78045e-08
11.0645 1.05715e-12
11.0645 -1.05671e-12
11.0645 2.22045e-16
11.0645 -2.22045e-16
11.0645 2.22045e-16
11.0645 -2.51656e-08
11.0645 -2.22045e-16
11.0645 -2.22045e-16
11.0645 -2.22045e-16
11.0645 -2.22045e-16
11.0645 -2.51656e-08
11.1911 0.000103134
11.0646 1.77739e-08
11.0645 1.05338e-12
11.0645 -1.05316e-12
11.0645 0
11.0645 0
11.0645 -2.51778e-09
11.0646 -2.51357e-08
11.1911 0.000103189
11.0646 1.77434e-08
11.0646 1.0496e-12
11.0646 -1.04916e-12
11.0646 0
11.0646 0
11.0646 -2.51479e-09
11.0647 -2.51059e-08
11.1912 0.000103244
11.0647 1.7713e-08
11.0647 1.04605e-12
11.0647 -1.04583e-12
11.0647 2.22045e-16
11.0647 -2.22045e-16
11.0647 2.22045e-16
11.0648 -2.5076e-08
11.0647 -2.22045e-16
11.0647 -2.22045e-16
11.0647 -2.22045e-16
11.0647 -2.22045e-16
11.0648 -2.5076e-08
11.1913 0.000103299
11.0648 1.76826e-08
11.0648 1.04206e-12
11.0648 -1.04161e-12
11.0648 2.22045e-16
11.0648 -2.22045e-16
11.0648 2.22045e-16
11.0648 -2.50462e-08
11.0648 0
11.0648 0
11.0648 -2.50882e-09
11.0648 -2.50462e-08
11.1914 0.000103353
11.0649 1.76522e-08
11.0649 1.03872e-12
11.0649 -1.0385e-12
11.0649 -2.22045e-16
11.0649 2.22045e-16
11.0649 2.22045e-16
11.0649 2.22045e-16
11.0649 -2.50164e-08
11.0649 2.22045e-16
11.0649 -2.22045e-16
11.0649 -2.22045e-16
11.0649 -2.22045e-16
11.0649 -2.22045e-16
11.0649 -2.50164e-08
11.1915 0.000103408
11.0649 1.76219e-08
11.0649 1.03495e-12
11.0649 -1.03473e-12
11.0649 2.22045e-16
11.0649 -2.22045e-16
11.0649 2.22045e-16
11.065 -2.49866e-08
11.0649 0
11.0649 0
11.0649 -2.50286e-09
11.065 -2.49866e-08
11.1915 0.000103463
11.065 1.75917e-08
11.065 1.0314e-12
11.065 -1.03118e-12
11.065 0
11.065 0
11.065 -2.49988e-09
11.0651 -2.49568e-08
11.1916 0.000103518
11.0651 1.75614e-08
11.0651 1.02762e-12
11.0651 -1.0274e-12
11.0651 2.22045e-16
11.0651 0
11.0651 0
11.0651 -2.4969e-09
11.0652 -2.4927e-08
11.1917 0.000103573
11.0652 1.75313e-08
11.0652 1.02385e-12
11.0652 -1.0234e-12
11.0652 0
11.0652 0
11.0652 -2.49392e-09
11.0652 -2.48972e-08
11.1918 0.000103628
11.0653 1.75011e-08
11.0652 1.02052e-12
11.0652 -1.02029e-12
11.0652 -2.22045e-16
11.0652 2.22045e-16
11.0652 2.22045e-16
11.0652 2.22045e-16
11.0653 -2.48675e-08
11.0652 -2.22045e-16
11.0652 2.22045e-16
11.0652 0
11.0652 0
11.0653 -2.49095e-09
11.0653 -2.48675e-08
11.1919 0.000103682
11.0653 1.7471e-08
11.0653 1.01674e-12
11.0653 -1.01652e-12
11.0653 0
11.0653 0
11.0653 -2.48798e-09
11.0654 -2.48378e-08
11.1919 0.000103737
11.0654 1.7441e-08
11.0654 1.01319e-12
11.0654 -1.01319e-12
11.0654 0
11.0654 0
11.0654 -2.485e-09
11.0655 -2.48081e-08
11.192 0.000103792
11.0655 1.7411e-08
11.0655 1.00986e-12
11.0655 -1.00986e-12
11.0655 0
11.0655 0
11.0655 -2.48203e-09
11.0655 -2.47784e-08
11.1921 0.000103847
11.0656 1.73811e-08
11.0656 1.00586e-12
11.0656 -1.00564e-12
11.0656 2.22045e-16
11.0656 2.22045e-16
11.0656 -4.44089e-16
11.0656 -2.22045e-16
11.0656 2.22045e-16
11.0656 -2.47487e-08
11.0656 -2.22045e-16
11.0656 -2.22045e-16
11.0656 0
11.0656 0
11.0656 -2.47906e-09
11.0656 -2.47487e-08
11.1922 0.000103901
11.0657 1.73512e-08
11.0656 1.00253e-12
11.0656 -1.00253e-12
11.0656 2.22045e-16
11.0656 -2.22045e-16
11.0656 2.22045e-16
11.0657 -2.4719e-08
11.0656 -2.22045e-16
11.0656 0
11.0656 0
11.0656 -2.47609e-09
11.0657 -2.4719e-08
11.1923 0.000103956
11.0657 1.73213e-08
11.0657 9.99201e-13
11.0657 -9.98979e-13
11.0657 0
11.0657 0
11.0657 -2.47313e-09
11.0658 -2.46893e-08
11.1923 0.000104011
11.0658 1.72915e-08
11.0658 9.95204e-13
11.0658 -9.94982e-13
11.0658 2.22045e-16
11.0658 -2.22045e-16
11.0658 2.22045e-16
11.0659 -2.46597e-08
11.0658 0
11.0658 0
11.0658 -2.47016e-09
11.0659 -2.46597e-08
11.1924 0.000104065
11.0659 1.72617e-08
11.0659 9.92095e-13
11.0659 -9.92095e-13
11.0659 0
11.0659 0
11.0659 -2.4672e-09
11.0659 -2.46301e-08
11.1925 0.00010412
11.066 1.7232e-08
11.066 9.88321e-13
11.066 -9.87876e-13
11.066 0
11.066 0
11.066 -2.46424e-09
11.066 -2.46004e-08
11.1926 0.000104175
11.066 1.72023e-08
11.066 9.84768e-13
11.066 -9.84324e-13
11.066 0
11.066 0
11.066 -2.46128e-09
11.0661 -2.45708e-08
11.1926 0.000104229
11.0661 1.71726e-08
11.0661 9.81437e-13
11.0661 -9.81215e-13
11.0661 0
11.0661 0
11.0661 -2.45832e-09
11.0662 -2.45413e-08
11.1927 0.000104284
11.0662 1.7143e-08
11.0662 9.77884e-13
11.0662 -9.7744e-13
11.0662 0
11.0662 0
11.0662 -2.45536e-09
11.0662 -2.45117e-08
11.1928 0.000104338
11.0663 1.71135e-08
11.0663 9.74332e-13
11.0663 -9.73888e-13
11.0663 0
11.0663 0
11.0663 -2.4524e-09
11.0663 -2.44821e-08
11.1929 0.000104393
11.0664 1.7084e-08
11.0663 9.71001e-13
11.0663 -9.70779e-13
11.0663 2.22045e-16
11.0663 -2.22045e-16
11.0663 2.22045e-16
11.0664 -2.44526e-08
11.0663 -2.22045e-16
11.0663 -2.22045e-16
11.0663 2.22045e-16
11.0663 -2.22045e-16
11.0664 -2.44526e-08
11.193 0.000104447
11.0664 1.70545e-08
11.0664 9.6767e-13
11.0664 -9.67448e-13
11.0664 0
11.0664 0
11.0664 -2.44649e-09
11.0665 -2.4423e-08
11.193 0.000104502
11.0665 1.70251e-08
11.0665 9.64118e-13
11.0665 -9.63896e-13
11.0665 0
11.0665 0
11.0665 -2.44354e-09
11.0666 -2.43935e-08
11.1931 0.000104556
11.0666 1.69957e-08
11.0666 9.60787e-13
11.0666 -9.60565e-13
11.0666 0
11.0666 0
11.0666 -2.44059e-09
11.0666 -2.4364e-08
11.1932 0.000104611
11.0667 1.69664e-08
11.0667 9.57234e-13
11.0667 -9.57012e-13
11.0667 0
11.0667 0
11.0667 -2.43764e-09
11.0667 -2.43345e-08
11.1933 0.000104665
11.0667 1.69371e-08
11.0667 9.54126e-13
11.0667 -9.54126e-13
11.0667 0
11.0667 0
11.0667 -2.43469e-09
11.0668 -2.43051e-08
11.1934 0.00010472
11.0668 1.69078e-08
11.0668 9.50573e-13
11.0668 -9.50573e-13
11.0668 -2.22045e-16
11.0668 4.44089e-16
11.0668 2.22045e-16
11.0668 2.22045e-16
11.0669 -2.42756e-08
11.0668 -2.22045e-16
11.0668 0
11.0668 0
11.0668 -2.43175e-09
11.0669 -2.42756e-08
11.1934 0.000104774
11.0669 1.68786e-08
11.0669 9.4702e-13
11.0669 -9.46798e-13
11.0669 2.22045e-16
11.0669 -2.22045e-16
11.0669 2.22045e-16
11.067 -2.42461e-08
11.0669 -2.22045e-16
11.0669 0
11.0669 0
11.0669 -2.4288e-09
11.067 -2.42461e-08
11.1935 0.000104829
11.067 1.68495e-08
11.067 9.43912e-13
11.067 -9.4369e-13
11.067 -2.22045e-16
11.067 4.44089e-16
11.067 0
11.067 0
11.067 -2.42586e-09
11.067 -2.42167e-08
11.1936 0.000104883
11.0671 1.68203e-08
11.067 9.40803e-13
11.067 -9.40803e-13
11.067 -2.22045e-16
11.067 2.22045e-16
11.067 0
11.067 0
11.0671 -2.42291e-09
11.0671 -2.41873e-08
11.1937 0.000104937
11.0671 1.67913e-08
11.0671 9.3725e-13
11.0671 -9.3725e-13
11.0671 0
11.0671 0
11.0671 -2.41997e-09
11.0672 -2.41579e-08
11.1937 0.000104992
11.0672 1.67622e-08
11.0672 9.3392e-13
11.0672 -9.3392e-13
11.0672 0
11.0672 0
11.0672 -2.41703e-09
11.0673 -2.41285e-08
11.1938 0.000105046
11.0673 1.67332e-08
11.0673 9.30589e-13
11.0673 -9.30367e-13
11.0673 -2.22045e-16
11.0673 4.44089e-16
11.0673 0
11.0673 0
11.0673 -2.41409e-09
11.0673 -2.40991e-08
11.1939 0.0001051
11.0674 1.67043e-08
11.0674 9.27036e-13
11.0674 -9.26814e-13
11.0674 -2.22045e-16
11.0674 2.22045e-16
11.0674 2.22045e-16
11.0674 2.22045e-16
11.0674 -2.40698e-08
11.0674 0
11.0674 0
11.0674 -2.41116e-09
11.0674 -2.40698e-08
11.194 0.000105154
11.0674 1.66754e-08
11.0674 9.23928e-13
11.0674 -9.23484e-13
11.0674 0
11.0674 0
11.0674 -2.40822e-09
11.0675 -2.40404e-08
11.1941 0.000105209
11.0675 1.66465e-08
11.0675 9.20819e-13
11.0675 -9.20597e-13
11.0675 0
11.0675 0
11.0675 -2.40529e-09
11.0676 -2.40111e-08
11.1941 0.000105263
11.0676 1.66177e-08
11.0676 9.17266e-13
11.0676 -9.16822e-13
11.0676 -2.22045e-16
11.0676 4.44089e-16
11.0676 0
11.0676 0
11.0676 -2.40235e-09
11.0677 -2.39817e-08
11.1942 0.000105317
11.0677 1.65889e-08
11.0677 9.14158e-13
11.0677 -9.13936e-13
11.0677 2.22045e-16
11.0677 -2.22045e-16
11.0677 2.22045e-16
11.0677 -2.39524e-08
11.0677 -2.22045e-16
11.0677 0
11.0677 0
11.0677 -2.39942e-09
11.0677 -2.39524e-08
11.1943 0.000105371
11.0678 1.65602e-08
11.0677 9.11049e-13
11.0677 -9.11049e-13
11.0677 -2.22045e-16
11.0677 4.44089e-16
11.0677 2.22045e-16
11.0677 2.22045e-16
11.0678 -2.39231e-08
11.0677 -2.22045e-16
11.0677 0
11.0677 0
11.0678 -2.39649e-09
11.0678 -2.39231e-08
11.1944 0.000105426
11.0678 1.65315e-08
11.0678 9.07496e-13
11.0678 -9.07052e-13
11.0678 0
11.0678 0
11.0678 -2.39356e-09
11.0679 -2.38939e-08
11.1945 0.00010548
11.0679 1.65028e-08
11.0679 9.04166e-13
11.0679 -9.03944e-13
11.0679 0
11.0679 0
11.0679 -2.39064e-09
11.068 -2.38646e-08
11.1945 0.000105534
11.068 1.64742e-08
11.068 9.01057e-13
11.068 -9.00835e-13
11.068 0
11.068 0
11.068 -2.38771e-09
11.068 -2.38353e-08
11.1946 0.000105588
11.0681 1.64456e-08
11.0681 8.97726e-13
11.0681 -8.97282e-13
11.0681 -2.22045e-16
11.0681 4.44089e-16
11.0681 0
11.0681 0
11.0681 -2.38479e-09
11.0681 -2.38061e-08
11.1947 0.000105642
11.0681 1.64171e-08
11.0681 8.94618e-13
11.0681 -8.94396e-13
11.0681 -2.22045e-16
11.0681 2.22045e-16
11.0681 0
11.0681 0
11.0681 -2.38186e-09
11.0682 -2.37769e-08
11.1948 0.000105696
11.0682 1.63886e-08
11.0682 8.91731e-13
11.0682 -8.91953e-13
11.0682 -2.22045e-16
11.0682 6.66134e-16
11.0682 2.22045e-16
11.0682 2.22045e-16
11.0683 -2.37477e-08
11.0682 2.22045e-16
11.0682 -2.22045e-16
11.0682 -2.22045e-16
11.0682 -2.22045e-16
11.0682 -2.22045e-16
11.0683 -2.37477e-08
11.1948 0.00010575
11.0683 1.63602e-08
11.0683 8.884e-13
11.0683 -8.884e-13
11.0683 2.22045e-16
11.0683 0
11.0683 0
11.0683 -2.37602e-09
11.0683 -2.37185e-08
11.1949 0.000105804
11.0684 1.63318e-08
11.0684 8.85292e-13
11.0684 -8.85292e-13
11.0684 0
11.0684 0
11.0684 -2.3731e-09
11.0684 -2.36893e-08
11.195 0.000105858
11.0685 1.63034e-08
11.0684 8.82183e-13
11.0684 -8.82183e-13
11.0684 0
11.0684 0
11.0684 -2.37018e-09
11.0685 -2.36601e-08
11.1951 0.000105912
11.0685 1.62751e-08
11.0685 8.79075e-13
11.0685 -8.79075e-13
11.0685 0
11.0685 0
11.0685 -2.36727e-09
11.0686 -2.3631e-08
11.1952 0.000105966
11.0686 1.62468e-08
11.0686 8.75522e-13
11.0686 -8.75078e-13
11.0686 0
11.0686 0
11.0686 -2.36435e-09
11.0687 -2.36018e-08
11.1952 0.00010602
11.0687 1.62185e-08
11.0687 8.72635e-13
11.0687 -8.72413e-13
11.0687 -2.22045e-16
11.0687 4.44089e-16
11.0687 -2.22045e-16
11.0687 4.44089e-16
11.0687 -2.35727e-08
11.0687 -2.22045e-16
11.0687 2.22045e-16
11.0687 0
11.0687 0
11.0687 -2.36144e-09
11.0687 -2.35727e-08
11.1953 0.000106074
11.0688 1.61903e-08
11.0688 8.69749e-13
11.0688 -8.69749e-13
11.0688 -2.22045e-16
11.0688 2.22045e-16
11.0688 0
11.0688 0
11.0688 -2.35853e-09
11.0688 -2.35436e-08
11.1954 0.000106128
11.0688 1.61622e-08
11.0688 8.6664e-13
11.0688 -8.6664e-13
11.0688 0
11.0688 0
11.0688 -2.35562e-09
11.0689 -2.35145e-08
11.1955 0.000106182
11.0689 1.61341e-08
11.0689 8.63309e-13
11.0689 -8.63309e-13
11.0689 2.22045e-16
11.0689 -2.22045e-16
11.0689 2.22045e-16
11.069 -2.34854e-08
11.0689 -2.22045e-16
11.0689 -2.22045e-16
11.0689 -2.22045e-16
11.0689 -2.22045e-16
11.069 -2.34854e-08
11.1955 0.000106236
11.069 1.6106e-08
11.069 8.60201e-13
11.069 -8.60201e-13
11.069 2.22045e-16
11.069 0
11.069 0
11.069 -2.3498e-09
11.069 -2.34563e-08
11.1956 0.00010629
11.0691 1.60779e-08
11.0691 8.5687e-13
11.0691 -8.56648e-13
11.0691 2.22045e-16
11.0691 0
11.0691 0
11.0691 -2.34689e-09
11.0691 -2.34272e-08
11.1957 0.000106344
11.0691 1.60499e-08
11.0691 8.54206e-13
11.0691 -8.54206e-13
11.0691 -2.22045e-16
11.0691 2.22045e-16
11.0691 2.22045e-16
11.0691 2.22045e-16
11.0692 -2.33982e-08
11.0691 -2.22045e-16
11.0691 2.22045e-16
11.0691 -2.22045e-16
11.0691 -2.22045e-16
11.0692 -2.33982e-08
11.1958 0.000106398
11.0692 1.6022e-08
11.0692 8.50653e-13
11.0692 -8.50209e-13
11.0692 0
11.0692 0
11.0692 -2.34108e-09
11.0693 -2.33692e-08
11.1959 0.000106451
11.0693 1.59941e-08
11.0693 8.47988e-13
11.0693 -8.47544e-13
11.0693 2.22045e-16
11.0693 -2.22045e-16
11.0693 2.22045e-16
11.0694 -2.33401e-08
11.0693 -2.22045e-16
11.0693 -2.22045e-16
11.0693 -2.22045e-16
11.0693 -2.22045e-16
11.0694 -2.33401e-08
11.1959 0.000106505
11.0694 1.59662e-08
11.0694 8.45102e-13
11.0694 -8.4488e-13
11.0694 0
11.0694 0
11.0694 -2.33528e-09
11.0694 -2.33111e-08
11.196 0.000106559
11.0695 1.59383e-08
11.0694 8.41771e-13
11.0694 -8.41549e-13
11.0694 0
11.0694 0
11.0695 -2.33238e-09
11.0695 -2.32821e-08
11.1961 0.000106613
11.0695 1.59106e-08
11.0695 8.39107e-13
11.0695 -8.39107e-13
11.0695 -2.22045e-16
11.0695 2.22045e-16
11.0695 2.22045e-16
11.0695 2.22045e-16
11.0696 -2.32532e-08
11.0695 -2.22045e-16
11.0695 2.22045e-16
11.0695 -2.22045e-16
11.0695 -2.22045e-16
11.0696 -2.32532e-08
11.1962 0.000106666
11.0696 1.58828e-08
11.0696 8.35998e-13
11.0696 -8.35554e-13
11.0696 -2.22045e-16
11.0696 2.22045e-16
11.0696 2.22045e-16
11.0696 2.22045e-16
11.0697 -2.32242e-08
11.0696 0
11.0696 0
11.0696 -2.32658e-09
11.0697 -2.32242e-08
11.1962 0.00010672
11.0697 1.58551e-08
11.0697 8.33111e-13
11.0697 -8.32889e-13
11.0697 0
11.0697 0
11.0697 -2.32369e-09
11.0697 -2.31953e-08
11.1963 0.000106774
11.0698 1.58274e-08
11.0698 8.30003e-13
11.0698 -8.30225e-13
11.0698 2.22045e-16
11.0698 -2.22045e-16
11.0698 2.22045e-16
11.0698 -2.31663e-08
11.0698 2.22045e-16
11.0698 -2.22045e-16
11.0698 -2.22045e-16
11.0698 -2.22045e-16
11.0698 -2.22045e-16
11.0698 -2.31663e-08
11.1964 0.000106828
11.0698 1.57998e-08
11.0698 8.26894e-13
11.0698 -8.26672e-13
11.0698 0
11.0698 0
11.0698 -2.3179e-09
11.0699 -2.31374e-08
11.1965 0.000106881
11.0699 1.57722e-08
11.0699 8.24008e-13
11.0699 -8.24008e-13
11.0699 2.22045e-16
11.0699 -2.22045e-16
11.0699 2.22045e-16
11.07 -2.31085e-08
11.0699 -2.22045e-16
11.0699 2.22045e-16
11.0699 0
11.0699 0
11.0699 -2.31501e-09
11.07 -2.31085e-08
11.1965 0.000106935
11.07 1.57446e-08
11.07 8.21343e-13
11.07 -8.21343e-13
11.07 -2.22045e-16
11.07 2.22045e-16
11.07 2.22045e-16
11.07 2.22045e-16
11.07 -2.30796e-08
11.07 2.22045e-16
11.07 -2.22045e-16
11.07 -2.22045e-16
11.07 -2.22045e-16
11.07 -2.22045e-16
11.07 -2.30796e-08
11.1966 0.000106989
11.0701 1.57171e-08
11.0701 8.18234e-13
11.0701 -8.18234e-13
11.0701 2.22045e-16
11.0701 -2.22045e-16
11.0701 2.22045e-16
11.0701 -2.30507e-08
11.0701 -2.22045e-16
11.0701 2.22045e-16
11.0701 -2.22045e-16
11.0701 -2.22045e-16
11.0701 -2.30507e-08
11.1967 0.000107042
11.0701 1.56896e-08
11.0701 8.15126e-13
11.0701 -8.14904e-13
11.0701 2.22045e-16
11.0701 -2.22045e-16
11.0701 2.22045e-16
11.0702 -2.30218e-08
11.0701 -2.22045e-16
11.0701 -2.22045e-16
11.0701 0
11.0701 0
11.0701 -2.30634e-09
11.0702 -2.30218e-08
11.1968 0.000107096
11.0702 1.56622e-08
11.0702 8.12017e-13
11.0702 -8.11795e-13
11.0702 0
11.0702 0
11.0702 -2.30345e-09
11.0703 -2.2993e-08
11.1969 0.000107149
11.0703 1.56347e-08
11.0703 8.09131e-13
11.0703 -8.08908e-13
11.0703 -2.22045e-16
11.0703 4.44089e-16
11.0703 2.22045e-16
11.0703 2.22045e-16
11.0704 -2.29641e-08
11.0703 -2.22045e-16
11.0703 0
11.0703 0
11.0703 -2.30057e-09
11.0704 -2.29641e-08
11.1969 0.000107203
11.0704 1.56074e-08
11.0704 8.06244e-13
11.0704 -8.06022e-13
11.0704 2.22045e-16
11.0704 -2.22045e-16
11.0704 2.22045e-16
11.0704 -2.29353e-08
11.0704 -2.22045e-16
11.0704 -2.22045e-16
11.0704 -2.22045e-16
11.0704 -2.22045e-16
11.0704 -2.29353e-08
11.197 0.000107256
11.0705 1.55801e-08
11.0704 8.03357e-13
11.0704 -8.03135e-13
11.0704 -2.22045e-16
11.0704 2.22045e-16
11.0704 0
11.0704 0
11.0705 -2.2948e-09
11.0705 -2.29065e-08
11.1971 0.00010731
11.0705 1.55528e-08
11.0705 8.00471e-13
11.0705 -8.00249e-13
11.0705 2.22045e-16
11.0705 -2.22045e-16
11.0705 2.22045e-16
11.0706 -2.28777e-08
11.0705 -2.22045e-16
11.0705 -2.22045e-16
11.0705 0
11.0705 0
11.0705 -2.29192e-09
11.0706 -2.28777e-08
11.1972 0.000107364
11.0706 1.55255e-08
11.0706 7.97584e-13
11.0706 -7.97362e-13
11.0706 2.22045e-16
11.0706 -2.22045e-16
11.0706 2.22045e-16
11.0707 -2.28489e-08
11.0706 -2.22045e-16
11.0706 -2.22045e-16
11.0706 -2.22045e-16
11.0706 -2.22045e-16
11.0707 -2.28489e-08
11.1972 0.000107417
11.0707 1.54983e-08
11.0707 7.95142e-13
11.0707 -7.95586e-13
11.0707 2.22045e-16
11.0707 -2.22045e-16
11.0707 2.22045e-16
11.0707 -2.28201e-08
11.0707 -4.44089e-16
11.0707 -2.22045e-16
11.0707 -2.22045e-16
11.0707 -2.28201e-08
11.1973 0.00010747
11.0708 1.54711e-08
11.0708 7.92033e-13
11.0708 -7.92033e-13
11.0708 -2.22045e-16
11.0708 4.44089e-16
11.0708 0
11.0708 0
11.0708 -2.28329e-09
11.0708 -2.27913e-08
11.1974 0.000107524
11.0708 1.5444e-08
11.0708 7.89369e-13
11.0708 -7.89369e-13
11.0708 0
11.0708 0
11.0708 -2.28041e-09
11.0709 -2.27626e-08
11.1975 0.000107577
11.0709 1.54169e-08
11.0709 7.8626e-13
11.0709 -7.86038e-13
11.0709 0
11.0709 0
11.0709 -2.27754e-09
11.071 -2.27338e-08
11.1976 0.000107631
11.071 1.53899e-08
11.071 7.83595e-13
11.071 -7.83595e-13
11.071 0
11.071 0
11.071 -2.27466e-09
11.071 -2.27051e-08
11.1976 0.000107684
11.0711 1.53628e-08
11.0711 7.80487e-13
11.0711 -7.80487e-13
11.0711 0
11.0711 0
11.0711 -2.27179e-09
11.0711 -2.26764e-08
11.1977 0.000107738
11.0711 1.53359e-08
11.0711 7.77822e-13
11.0711 -7.776e-13
11.0711 2.22045e-16
11.0711 -2.22045e-16
11.0711 2.22045e-16
11.0712 -2.26477e-08
11.0711 -2.22045e-16
11.0711 -2.22045e-16
11.0711 0
11.0711 0
11.0711 -2.26892e-09
11.0712 -2.26477e-08
11.1978 0.000107791
11.0712 1.53089e-08
11.0712 7.74936e-13
11.0712 -7.74492e-13
11.0712 -2.22045e-16
11.0712 2.22045e-16
11.0712 2.22045e-16
11.0712 2.22045e-16
11.0713 -2.2619e-08
11.0712 2.22045e-16
11.0712 -2.22045e-16
11.0712 -2.22045e-16
11.0712 0
11.0712 0
11.0712 -2.26605e-09
11.0713 -2.2619e-08
11.1979 0.000107844
11.0713 1.5282e-08
11.0713 7.72271e-13
11.0713 -7.72271e-13
11.0713 -2.22045e-16
11.0713 2.22045e-16
11.0713 2.22045e-16
11.0713 2.22045e-16
11.0713 -2.25904e-08
11.0713 0
11.0713 0
11.0713 -2.26318e-09
11.0713 -2.25904e-08
11.1979 0.000107898
11.0714 1.52552e-08
11.0714 7.69385e-13
11.0714 -7.69385e-13
11.0714 2.22045e-16
11.0714 -2.22045e-16
11.0714 2.22045e-16
11.0714 -2.25617e-08
11.0714 0
11.0714 0
11.0714 -2.26032e-09
11.0714 -2.25617e-08
11.198 0.000107951
11.0714 1.52283e-08
11.0714 7.6672e-13
11.0714 -7.6672e-13
11.0714 -2.22045e-16
11.0714 2.22045e-16
11.0714 0
11.0714 0
11.0714 -2.25745e-09
11.0715 -2.25331e-08
11.1981 0.000108004
11.0715 1.52015e-08
11.0715 7.63611e-13
11.0715 -7.63167e-13
11.0715 2.22045e-16
11.0715 -2.22045e-16
11.0715 2.22045e-16
11.0716 -2.25044e-08
11.0715 -2.22045e-16
11.0715 0
11.0715 0
11.0715 -2.25459e-09
11.0716 -2.25044e-08
11.1982 0.000108058
11.0716 1.51748e-08
11.0716 7.60947e-13
11.0716 -7.60503e-13
11.0716 0
11.0716 0
11.0716 -2.25173e-09
11.0716 -2.24758e-08
11.1982 0.000108111
11.0717 1.51481e-08
11.0717 7.58282e-13
11.0717 -7.5806e-13
11.0717 0
11.0717 0
11.0717 -2.24887e-09
11.0717 -2.24472e-08
11.1983 0.000108164
11.0718 1.51214e-08
11.0717 7.55618e-13
11.0717 -7.55618e-13
11.0717 0
11.0717 0
11.0717 -2.24601e-09
11.0718 -2.24186e-08
11.1984 0.000108217
11.0718 1.50948e-08
11.0718 7.52953e-13
11.0718 -7.52953e-13
11.0718 -2.22045e-16
11.0718 6.66134e-16
11.0718 0
11.0718 0
11.0718 -2.24315e-09
11.0719 -2.239e-08
11.1985 0.00010827
11.0719 1.50682e-08
11.0719 7.50289e-13
11.0719 -7.50067e-13
11.0719 -2.22045e-16
11.0719 2.22045e-16
11.0719 0
11.0719 0
11.0719 -2.24029e-09
11.072 -2.23615e-08
11.1985 0.000108324
11.072 1.50416e-08
11.072 7.47402e-13
11.072 -7.4718e-13
11.072 -2.22045e-16
11.072 2.22045e-16
11.072 2.22045e-16
11.072 2.22045e-16
11.072 -2.23329e-08
11.072 0
11.072 0
11.072 -2.23743e-09
11.072 -2.23329e-08
11.1986 0.000108377
11.0721 1.50151e-08
11.072 7.44738e-13
11.072 -7.44516e-13
11.072 0
11.072 0
11.0721 -2.23458e-09
11.0721 -2.23044e-08
11.1987 0.00010843
11.0721 1.49886e-08
11.0721 7.42073e-13
11.0721 -7.41851e-13
11.0721 -2.22045e-16
11.0721 2.22045e-16
11.0721 2.22045e-16
11.0721 2.22045e-16
11.0722 -2.22759e-08
11.0721 -2.22045e-16
11.0721 -2.22045e-16
11.0721 2.22045e-16
11.0721 -2.22045e-16
11.0722 -2.22759e-08
11.1988 0.000108483
11.0722 1.49621e-08
11.0722 7.39186e-13
11.0722 -7.38964e-13
11.0722 -2.22045e-16
11.0722 2.22045e-16
11.0722 2.22045e-16
11.0722 2.22045e-16
11.0723 -2.22473e-08
11.0722 2.22045e-16
11.0722 -2.22045e-16
11.0722 -2.22045e-16
11.0722 0
11.0722 0
11.0722 -2.22887e-09
11.0723 -2.22473e-08
11.1989 0.000108536
11.0723 1.49357e-08
11.0723 7.36522e-13
11.0723 -7.36078e-13
11.0723 2.22045e-16
11.0723 -2.22045e-16
11.0723 2.22045e-16
11.0723 -2.22188e-08
11.0723 -2.22045e-16
11.0723 -2.22045e-16
11.0723 0
11.0723 0
11.0723 -2.22602e-09
11.0723 -2.22188e-08
11.1989 0.000108589
11.0724 1.49093e-08
11.0723 7.33857e-13
11.0723 -7.33413e-13
11.0723 2.22045e-16
11.0723 -2.22045e-16
11.0723 2.22045e-16
11.0724 -2.21904e-08
11.0723 -4.44089e-16
11.0723 0
11.0723 0
11.0724 -2.22317e-09
11.0724 -2.21904e-08
11.199 0.000108642
11.0724 1.4883e-08
11.0724 7.31193e-13
11.0724 -7.30749e-13
11.0724 0
11.0724 0
11.0724 -2.22033e-09
11.0725 -2.21619e-08
11.1991 0.000108695
11.0725 1.48567e-08
11.0725 7.2875e-13
11.0725 -7.28528e-13
11.0725 0
11.0725 0
11.0725 -2.21748e-09
11.0726 -2.21334e-08
11.1992 0.000108748
11.0726 1.48304e-08
11.0726 7.25864e-13
11.0726 -7.2542e-13
11.0726 0
11.0726 0
11.0726 -2.21463e-09
11.0726 -2.2105e-08
11.1992 0.000108801
11.0727 1.48042e-08
11.0727 7.23199e-13
11.0727 -7.22755e-13
11.0727 0
11.0727 0
11.0727 -2.21179e-09
11.0727 -2.20765e-08
11.1993 0.000108854
11.0727 1.4778e-08
11.0727 7.20535e-13
11.0727 -7.20313e-13
11.0727 0
11.0727 0
11.0727 -2.20895e-09
11.0728 -2.20481e-08
11.1994 0.000108907
11.0728 1.47518e-08
11.0728 7.18314e-13
11.0728 -7.18314e-13
11.0728 0
11.0728 0
11.0728 -2.20611e-09
11.0729 -2.20197e-08
11.1995 0.00010896
11.0729 1.47257e-08
11.0729 7.15428e-13
11.0729 -7.15206e-13
11.0729 -2.22045e-16
11.0729 2.22045e-16
11.0729 2.22045e-16
11.0729 2.22045e-16
11.0729 -2.19913e-08
11.0729 0
11.0729 0
11.0729 -2.20327e-09
11.0729 -2.19913e-08
11.1995 0.000109013
11.073 1.46996e-08
11.073 7.12985e-13
11.073 -7.12985e-13
11.073 0
11.073 0
11.073 -2.20043e-09
11.073 -2.19629e-08
11.1996 0.000109066
11.073 1.46736e-08
11.073 7.10321e-13
11.073 -7.10099e-13
11.073 0
11.073 0
11.073 -2.19759e-09
11.0731 -2.19346e-08
11.1997 0.000109119
11.0731 1.46476e-08
11.0731 7.07434e-13
11.0731 -7.07212e-13
11.0731 0
11.0731 0
11.0731 -2.19475e-09
11.0732 -2.19062e-08
11.1998 0.000109172
11.0732 1.46216e-08
11.0732 7.05436e-13
11.0732 -7.05436e-13
11.0732 -2.22045e-16
11.0732 2.22045e-16
11.0732 0
11.0732 0
11.0732 -2.19192e-09
11.0732 -2.18779e-08
11.1998 0.000109225
11.0733 1.45957e-08
11.0733 7.02549e-13
11.0733 -7.02549e-13
11.0733 0
11.0733 0
11.0733 -2.18908e-09
11.0733 -2.18495e-08
11.1999 0.000109278
11.0733 1.45697e-08
11.0733 6.99885e-13
11.0733 -6.99885e-13
11.0733 0
11.0733 0
11.0733 -2.18625e-09
11.0734 -2.18212e-08
11.2 0.000109331
11.0734 1.45439e-08
11.0734 6.97442e-13
11.0734 -6.9722e-13
11.0734 -2.22045e-16
11.0734 6.66134e-16
11.0734 2.22045e-16
11.0734 2.22045e-16
11.0735 -2.17929e-08
11.0734 2.22045e-16
11.0734 0
11.0734 0
11.0734 -2.18342e-09
11.0735 -2.17929e-08
11.2001 0.000109384
11.0735 1.4518e-08
11.0735 6.95222e-13
11.0735 -6.95222e-13
11.0735 -4.44089e-16
11.0735 8.88178e-16
11.0735 0
11.0735 0
11.0735 -2.18059e-09
11.0735 -2.17646e-08
11.2001 0.000109436
11.0736 1.44922e-08
11.0736 6.92557e-13
11.0736 -6.92557e-13
11.0736 -2.22045e-16
11.0736 4.44089e-16
11.0736 2.22045e-16
11.0736 2.22045e-16
11.0736 -2.17363e-08
11.0736 -2.22045e-16
11.0736 -2.22045e-16
11.0736 0
11.0736 0
11.0736 -2.17776e-09
11.0736 -2.17363e-08
11.2002 0.000109489
11.0736 1.44665e-08
11.0736 6.89893e-13
11.0736 -6.89893e-13
11.0736 2.22045e-16
11.0736 -2.22045e-16
11.0736 2.22045e-16
11.0737 -2.17081e-08
11.0736 -2.22045e-16
11.0736 0
11.0736 0
11.0736 -2.17494e-09
11.0737 -2.17081e-08
11.2003 0.000109542
11.0737 1.44408e-08
11.0737 6.87228e-13
11.0737 -6.87006e-13
11.0737 -2.22045e-16
11.0737 2.22045e-16
11.0737 2.22045e-16
11.0737 2.22045e-16
11.0738 -2.16798e-08
11.0737 0
11.0737 0
11.0737 -2.17211e-09
11.0738 -2.16798e-08
11.2004 0.000109595
11.0738 1.44151e-08
11.0738 6.85008e-13
11.0738 -6.85008e-13
11.0738 -2.22045e-16
11.0738 2.22045e-16
11.0738 2.22045e-16
11.0738 2.22045e-16
11.0738 -2.16516e-08
11.0738 -2.22045e-16
11.0738 -2.22045e-16
11.0738 2.22045e-16
11.0738 -2.22045e-16
11.0738 -2.16516e-08
11.2005 0.000109647
11.0739 1.43894e-08
11.0739 6.82343e-13
11.0739 -6.82121e-13
11.0739 0
11.0739 0
11.0739 -2.16646e-09
11.0739 -2.16233e-08
11.2005 0.0001097
11.0739 1.43638e-08
11.0739 6.79679e-13
11.0739 -6.79456e-13
11.0739 0
11.0739 0
11.0739 -2.16364e-09
11.074 -2.15951e-08
11.2006 0.000109753
11.074 1.43382e-08
11.074 6.77236e-13
11.074 -6.77014e-13
11.074 2.22045e-16
11.074 -2.22045e-16
11.074 2.22045e-16
11.0741 -2.15669e-08
11.074 -2.22045e-16
11.074 0
11.074 0
11.074 -2.16082e-09
11.0741 -2.15669e-08
11.2007 0.000109806
11.0741 1.43127e-08
11.0741 6.74794e-13
11.0741 -6.74572e-13
11.0741 -2.22045e-16
11.0741 2.22045e-16
11.0741 2.22045e-16
11.0741 2.22045e-16
11.0741 -2.15387e-08
11.0741 2.22045e-16
11.0741 -2.22045e-16
11.0741 -2.22045e-16
11.0741 0
11.0741 0
11.0741 -2.158e-09
11.0741 -2.15387e-08
11.2008 0.000109858
11.0742 1.42871e-08
11.0742 6.72351e-13
11.0742 -6.72351e-13
11.0742 0
11.0742 0
11.0742 -2.15518e-09
11.0742 -2.15106e-08
11.2008 0.000109911
11.0742 1.42617e-08
11.0742 6.69687e-13
11.0742 -6.69242e-13
11.0742 -2.22045e-16
11.0742 4.44089e-16
11.0742 2.22045e-16
11.0742 2.22045e-16
11.0743 -2.14824e-08
11.0742 -2.22045e-16
11.0742 0
11.0742 0
11.0742 -2.15236e-09
11.0743 -2.14824e-08
11.2009 0.000109964
11.0743 1.42362e-08
11.0743 6.67244e-13
11.0743 -6.668e-13
11.0743 -2.22045e-16
11.0743 4.44089e-16
11.0743 2.22045e-16
11.0743 2.22045e-16
11.0744 -2.14543e-08
11.0743 0
11.0743 0
11.0743 -2.14955e-09
11.0744 -2.14543e-08
11.201 0.000110016
11.0744 1.42108e-08
11.0744 6.65024e-13
11.0744 -6.65024e-13
11.0744 2.22045e-16
11.0744 2.22045e-16
11.0744 -4.44089e-16
11.0744 -2.22045e-16
11.0744 2.22045e-16
11.0744 -2.14261e-08
11.0744 -2.22045e-16
11.0744 -2.22045e-16
11.0744 -2.22045e-16
11.0744 -2.22045e-16
11.0744 -2.14261e-08
11.2011 0.000110069
11.0745 1.41854e-08
11.0745 6.62803e-13
11.0745 -6.62803e-13
11.0745 -2.22045e-16
11.0745 2.22045e-16
11.0745 0
11.0745 0
11.0745 -2.14392e-09
11.0745 -2.1398e-08
11.2011 0.000110121
11.0745 1.41601e-08
11.0745 6.60139e-13
11.0745 -6.60139e-13
11.0745 -2.22045e-16
11.0745 4.44089e-16
11.0745 2.22045e-16
11.0745 2.22045e-16
11.0746 -2.13699e-08
11.0745 0
11.0745 0
11.0745 -2.14111e-09
11.0746 -2.13699e-08
11.2012 0.000110174
11.0746 1.41348e-08
11.0746 6.57696e-13
11.0746 -6.57696e-13
11.0746 2.22045e-16
11.0746 -2.22045e-16
11.0746 2.22045e-16
11.0747 -2.13418e-08
11.0746 -2.22045e-16
11.0746 0
11.0746 0
11.0746 -2.1383e-09
11.0747 -2.13418e-08
11.2013 0.000110227
11.0747 1.41095e-08
11.0747 6.55254e-13
11.0747 -6.5481e-13
11.0747 0
11.0747 0
11.0747 -2.13549e-09
11.0747 -2.13137e-08
11.2014 0.000110279
11.0748 1.40843e-08
11.0748 6.52811e-13
11.0748 -6.52811e-13
11.0748 2.22045e-16
11.0748 0
11.0748 0
11.0748 -2.13268e-09
11.0748 -2.12856e-08
11.2014 0.000110332
11.0748 1.40591e-08
11.0748 6.50369e-13
11.0748 -6.50147e-13
11.0748 -2.22045e-16
11.0748 2.22045e-16
11.0748 2.22045e-16
11.0748 2.22045e-16
11.0749 -2.12576e-08
11.0748 2.22045e-16
11.0748 -2.22045e-16
11.0748 -2.22045e-16
11.0748 2.22045e-16
11.0748 -2.22045e-16
11.0749 -2.12576e-08
11.2015 0.000110384
11.0749 1.40339e-08
11.0749 6.48148e-13
11.0749 -6.48148e-13
11.0749 -2.22045e-16
11.0749 6.66134e-16
11.0749 2.22045e-16
11.0749 2.22045e-16
11.075 -2.12295e-08
11.0749 -2.22045e-16
11.0749 0
11.0749 0
11.0749 -2.12707e-09
11.075 -2.12295e-08
11.2016 0.000110437
11.075 1.40088e-08
11.075 6.45928e-13
11.075 -6.45928e-13
11.075 -2.22045e-16
11.075 2.22045e-16
11.075 2.22045e-16
11.075 2.22045e-16
11.075 -2.12015e-08
11.075 0
11.075 0
11.075 -2.12426e-09
11.075 -2.12015e-08
11.2017 0.000110489
11.0751 1.39837e-08
11.0751 6.43485e-13
11.0751 -6.43485e-13
11.0751 -2.22045e-16
11.0751 2.22045e-16
11.0751 2.22045e-16
11.0751 2.22045e-16
11.0751 -2.11734e-08
11.0751 2.22045e-16
11.0751 -4.44089e-16
11.0751 0
11.0751 0
11.0751 -2.12146e-09
11.0751 -2.11734e-08
11.2017 0.000110541
11.0751 1.39586e-08
11.0751 6.40599e-13
11.0751 -6.40377e-13
11.0751 0
11.0751 0
11.0751 -2.11866e-09
11.0752 -2.11454e-08
11.2018 0.000110594
11.0752 1.39336e-08
11.0752 6.38822e-13
11.0752 -6.38822e-13
11.0752 -2.22045e-16
11.0752 4.44089e-16
11.0752 2.22045e-16
11.0752 2.22045e-16
11.0753 -2.11174e-08
11.0752 -2.22045e-16
11.0752 0
11.0752 0
11.0752 -2.11586e-09
11.0753 -2.11174e-08
11.2019 0.000110646
11.0753 1.39086e-08
11.0753 6.36158e-13
11.0753 -6.35936e-13
11.0753 0
11.0753 0
11.0753 -2.11306e-09
11.0753 -2.10894e-08
11.202 0.000110699
11.0754 1.38836e-08
11.0754 6.33937e-13
11.0754 -6.34159e-13
11.0754 0
11.0754 0
11.0754 -2.11026e-09
11.0754 -2.10615e-08
11.202 0.000110751
11.0754 1.38587e-08
11.0754 6.31717e-13
11.0754 -6.31495e-13
11.0754 -2.22045e-16
11.0754 2.22045e-16
11.0754 2.22045e-16
11.0754 2.22045e-16
11.0755 -2.10335e-08
11.0754 0
11.0754 0
11.0754 -2.10746e-09
11.0755 -2.10335e-08
11.2021 0.000110803
11.0755 1.38338e-08
11.0755 6.29052e-13
11.0755 -6.2883e-13
11.0755 0
11.0755 0
11.0755 -2.10467e-09
11.0756 -2.10056e-08
11.2022 0.000110856
11.0756 1.38089e-08
11.0756 6.27054e-13
11.0756 -6.27054e-13
11.0756 0
11.0756 0
11.0756 -2.10188e-09
11.0756 -2.09776e-08
11.2023 0.000110908
11.0757 1.37841e-08
11.0757 6.24611e-13
11.0757 -6.24611e-13
11.0757 2.22045e-16
11.0757 -2.22045e-16
11.0757 2.22045e-16
11.0757 -2.09497e-08
11.0757 -2.22045e-16
11.0757 -2.22045e-16
11.0757 0
11.0757 0
11.0757 -2.09908e-09
11.0757 -2.09497e-08
11.2023 0.00011096
11.0757 1.37593e-08
11.0757 6.22391e-13
11.0757 -6.22391e-13
11.0757 0
11.0757 0
11.0757 -2.09629e-09
11.0758 -2.09218e-08
11.2024 0.000111013
11.0758 1.37346e-08
11.0758 6.19949e-13
11.0758 -6.19726e-13
11.0758 -2.22045e-16
11.0758 4.44089e-16
11.0758 2.22045e-16
11.0758 2.22045e-16
11.0759 -2.08939e-08
11.0758 -2.22045e-16
11.0758 2.22045e-16
11.0758 0
11.0758 0
11.0758 -2.0935e-09
11.0759 -2.08939e-08
11.2025 0.000111065
11.0759 1.37098e-08
11.0759 6.17728e-13
11.0759 -6.1795e-13
11.0759 2.22045e-16
11.0759 -2.22045e-16
11.0759 2.22045e-16
11.0759 -2.0866e-08
11.0759 0
11.0759 0
11.0759 -2.09071e-09
11.0759 -2.0866e-08
11.2026 0.000111117
11.076 1.36851e-08
11.076 6.15508e-13
11.076 -6.15286e-13
11.076 -2.22045e-16
11.076 2.22045e-16
11.076 2.22045e-16
11.076 2.22045e-16
11.076 -2.08381e-08
11.076 -2.22045e-16
11.076 0
11.076 0
11.076 -2.08792e-09
11.076 -2.08381e-08
11.2026 0.00011117
11.076 1.36605e-08
11.076 6.13287e-13
11.076 -6.13287e-13
11.076 0
11.076 0
11.076 -2.08514e-09
11.0761 -2.08103e-08
11.2027 0.000111222
11.0761 1.36359e-08
11.0761 6.11067e-13
11.0761 -6.11067e-13
11.0761 0
11.0761 0
11.0761 -2.08235e-09
11.0762 -2.07824e-08
11.2028 0.000111274
11.0762 1.36113e-08
11.0762 6.08624e-13
11.0762 -6.0818e-13
11.0762 -2.22045e-16
11.0762 4.44089e-16
11.0762 -2.22045e-16
11.0762 4.44089e-16
11.0762 -2.07546e-08
11.0762 2.22045e-16
11.0762 -4.44089e-16
11.0762 -2.22045e-16
11.0762 -2.22045e-16
11.0762 -2.07546e-08
11.2029 0.000111326
11.0763 1.35867e-08
11.0763 6.06404e-13
11.0763 -6.06404e-13
11.0763 0
11.0763 0
11.0763 -2.07678e-09
11.0763 -2.07268e-08
11.2029 0.000111378
11.0763 1.35622e-08
11.0763 6.04183e-13
11.0763 -6.03961e-13
11.0763 0
11.0763 0
11.0763 -2.074e-09
11.0764 -2.0699e-08
11.203 0.00011143
11.0764 1.35377e-08
11.0764 6.01741e-13
11.0764 -6.01741e-13
11.0764 2.22045e-16
11.0764 -2.22045e-16
11.0764 2.22045e-16
11.0765 -2.06712e-08
11.0764 -2.22045e-16
11.0764 -2.22045e-16
11.0764 0
11.0764 0
11.0764 -2.07122e-09
11.0765 -2.06712e-08
11.2031 0.000111483
11.0765 1.35132e-08
11.0765 5.99298e-13
11.0765 -5.98854e-13
11.0765 0
11.0765 0
11.0765 -2.06844e-09
11.0765 -2.06434e-08
11.2032 0.000111535
11.0766 1.34888e-08
11.0766 5.97522e-13
11.0766 -5.97522e-13
11.0766 2.22045e-16
11.0766 0
11.0766 0
11.0766 -2.06566e-09
11.0766 -2.06156e-08
11.2032 0.000111587
11.0766 1.34644e-08
11.0766 5.95302e-13
11.0766 -5.95302e-13
11.0766 0
11.0766 0
11.0766 -2.06289e-09
11.0767 -2.05878e-08
11.2033 0.000111639
11.0767 1.344e-08
11.0767 5.93303e-13
11.0767 -5.93525e-13
11.0767 -2.22045e-16
11.0767 2.22045e-16
11.0767 0
11.0767 0
11.0767 -2.06011e-09
11.0768 -2.05601e-08
11.2034 0.000111691
11.0768 1.34157e-08
11.0768 5.90861e-13
11.0768 -5.90861e-13
11.0768 2.22045e-16
11.0768 -2.22045e-16
11.0768 2.22045e-16
11.0768 -2.05324e-08
11.0768 -2.22045e-16
11.0768 0
11.0768 0
11.0768 -2.05734e-09
11.0768 -2.05324e-08
11.2035 0.000111743
11.0769 1.33914e-08
11.0769 5.8864e-13
11.0769 -5.88196e-13
11.0769 0
11.0769 0
11.0769 -2.05457e-09
11.0769 -2.05046e-08
11.2035 0.000111795
11.0769 1.33671e-08
11.0769 5.86198e-13
11.0769 -5.85976e-13
11.0769 2.22045e-16
11.0769 -2.22045e-16
11.0769 2.22045e-16
11.077 -2.04769e-08
11.0769 -2.22045e-16
11.0769 -2.22045e-16
11.0769 0
11.0769 0
11.0769 -2.05179e-09
11.077 -2.04769e-08
11.2036 0.000111847
11.077 1.33429e-08
11.077 5.83977e-13
11.077 -5.83533e-13
11.077 2.22045e-16
11.077 -2.22045e-16
11.077 2.22045e-16
11.0771 -2.04492e-08
11.077 -4.44089e-16
11.077 2.22045e-16
11.077 -2.22045e-16
11.077 -2.22045e-16
11.0771 -2.04492e-08
11.2037 0.000111899
11.0771 1.33187e-08
11.0771 5.82201e-13
11.0771 -5.82201e-13
11.0771 2.22045e-16
11.0771 -2.22045e-16
11.0771 2.22045e-16
11.0771 -2.04215e-08
11.0771 -2.22045e-16
11.0771 -2.22045e-16
11.0771 -2.22045e-16
11.0771 -2.22045e-16
11.0771 -2.04215e-08
11.2038 0.000111951
11.0772 1.32945e-08
11.0771 5.79981e-13
11.0771 -5.79758e-13
11.0771 -2.22045e-16
11.0771 4.44089e-16
11.0771 2.22045e-16
11.0771 2.22045e-16
11.0772 -2.03939e-08
11.0771 -2.22045e-16
11.0771 0
11.0771 0
11.0772 -2.04349e-09
11.0772 -2.03939e-08
11.2038 0.000112003
11.0772 1.32704e-08
11.0772 5.77538e-13
11.0772 -5.77538e-13
11.0772 2.22045e-16
11.0772 -2.22045e-16
11.0772 2.22045e-16
11.0773 -2.03662e-08
11.0772 -2.22045e-16
11.0772 2.22045e-16
11.0772 0
11.0772 0
11.0772 -2.04072e-09
11.0773 -2.03662e-08
11.2039 0.000112055
11.0773 1.32463e-08
11.0773 5.7554e-13
11.0773 -5.7554e-13
11.0773 0
11.0773 0
11.0773 -2.03795e-09
11.0774 -2.03386e-08
11.204 0.000112107
11.0774 1.32222e-08
11.0774 5.73319e-13
11.0774 -5.73097e-13
11.0774 2.22045e-16
11.0774 -2.22045e-16
11.0774 2.22045e-16
11.0774 -2.03109e-08
11.0774 -2.22045e-16
11.0774 0
11.0774 0
11.0774 -2.03519e-09
11.0774 -2.03109e-08
11.2041 0.000112159
11.0775 1.31982e-08
11.0774 5.71321e-13
11.0774 -5.71321e-13
11.0774 -2.22045e-16
11.0774 2.22045e-16
11.0774 2.22045e-16
11.0774 2.22045e-16
11.0775 -2.02833e-08
11.0774 0
11.0774 0
11.0775 -2.03243e-09
11.0775 -2.02833e-08
11.2041 0.000112211
11.0775 1.31742e-08
11.0775 5.691e-13
11.0775 -5.691e-13
11.0775 0
11.0775 0
11.0775 -2.02966e-09
11.0776 -2.02557e-08
11.2042 0.000112263
11.0776 1.31502e-08
11.0776 5.6688e-13
11.0776 -5.6688e-13
11.0776 2.22045e-16
11.0776 -2.22045e-16
11.0776 2.22045e-16
11.0777 -2.02281e-08
11.0776 0
11.0776 0
11.0776 -2.0269e-09
11.0777 -2.02281e-08
11.2043 0.000112315
11.0777 1.31263e-08
11.0777 5.64659e-13
11.0777 -5.64215e-13
11.0777 0
11.0777 0
11.0777 -2.02414e-09
11.0777 -2.02005e-08
11.2044 0.000112367
11.0778 1.31023e-08
11.0777 5.62883e-13
11.0777 -5.62883e-13
11.0777 0
11.0777 0
11.0777 -2.02139e-09
11.0778 -2.01729e-08
11.2044 0.000112419
11.0778 1.30785e-08
11.0778 5.60663e-13
11.0778 -5.60663e-13
11.0778 2.22045e-16
11.0778 -2.22045e-16
11.0778 2.22045e-16
11.0779 -2.01454e-08
11.0778 0
11.0778 0
11.0778 -2.01863e-09
11.0779 -2.01454e-08
11.2045 0.00011247
11.0779 1.30546e-08
11.0779 5.58442e-13
11.0779 -5.58442e-13
11.0779 2.22045e-16
11.0779 -2.22045e-16
11.0779 2.22045e-16
11.0779 -2.01178e-08
11.0779 -2.22045e-16
11.0779 0
11.0779 0
11.0779 -2.01587e-09
11.0779 -2.01178e-08
11.2046 0.000112522
11.078 1.30308e-08
11.078 5.56666e-13
11.078 -5.56666e-13
11.078 -2.22045e-16
11.078 2.22045e-16
11.078 2.22045e-16
11.078 2.22045e-16
11.078 -2.00903e-08
11.078 -2.22045e-16
11.078 2.22045e-16
11.078 2.22045e-16
11.078 -2.22045e-16
11.078 -2.00903e-08
11.2047 0.000112574
11.078 1.3007e-08
11.078 5.54445e-13
11.078 -5.54445e-13
11.078 0
11.078 0
11.078 -2.01037e-09
11.0781 -2.00627e-08
11.2047 0.000112626
11.0781 1.29833e-08
11.0781 5.52225e-13
11.0781 -5.52003e-13
11.0781 0
11.0781 0
11.0781 -2.00761e-09
11.0782 -2.00352e-08
11.2048 0.000112677
11.0782 1.29596e-08
11.0782 5.50004e-13
11.0782 -5.50004e-13
11.0782 2.22045e-16
11.0782 -2.22045e-16
11.0782 2.22045e-16
11.0782 -2.00077e-08
11.0782 0
11.0782 0
11.0782 -2.00486e-09
11.0782 -2.00077e-08
11.2049 0.000112729
11.0783 1.29359e-08
11.0783 5.48228e-13
11.0783 -5.48228e-13
11.0783 -2.22045e-16
11.0783 4.44089e-16
11.0783 2.22045e-16
11.0783 2.22045e-16
11.0783 -1.99802e-08
11.0783 -2.22045e-16
11.0783 0
11.0783 0
11.0783 -2.00211e-09
11.0783 -1.99802e-08
11.205 0.000112781
11.0783 1.29122e-08
11.0783 5.46008e-13
11.0783 -5.46008e-13
11.0783 2.22045e-16
11.0783 0
11.0783 0
11.0783 -1.99936e-09
11.0784 -1.99527e-08
11.205 0.000112832
11.0784 1.28886e-08
11.0784 5.44231e-13
11.0784 -5.44231e-13
11.0784 -2.22045e-16
11.0784 2.22045e-16
11.0784 2.22045e-16
11.0784 2.22045e-16
11.0785 -1.99253e-08
11.0784 -2.22045e-16
11.0784 -2.22045e-16
11.0784 0
11.0784 0
11.0784 -1.99662e-09
11.0785 -1.99253e-08
11.2051 0.000112884
11.0785 1.2865e-08
11.0785 5.42011e-13
11.0785 -5.42011e-13
11.0785 -2.22045e-16
11.0785 4.44089e-16
11.0785 0
11.0785 0
11.0785 -1.99387e-09
11.0785 -1.98978e-08
11.2052 0.000112936
11.0786 1.28414e-08
11.0786 5.40235e-13
11.0786 -5.40235e-13
11.0786 0
11.0786 0
11.0786 -1.99113e-09
11.0786 -1.98704e-08
11.2053 0.000112987
11.0786 1.28179e-08
11.0786 5.38014e-13
11.0786 -5.37792e-13
11.0786 0
11.0786 0
11.0786 -1.98838e-09
11.0787 -1.9843e-08
11.2053 0.000113039
11.0787 1.27944e-08
11.0787 5.35794e-13
11.0787 -5.35794e-13
11.0787 2.22045e-16
11.0787 -2.22045e-16
11.0787 2.22045e-16
11.0788 -1.98155e-08
11.0787 -2.22045e-16
11.0787 2.22045e-16
11.0787 0
11.0787 0
11.0787 -1.98564e-09
11.0788 -1.98155e-08
11.2054 0.000113091
11.0788 1.27709e-08
11.0788 5.34017e-13
11.0788 -5.34017e-13
11.0788 0
11.0788 0
11.0788 -1.9829e-09
11.0788 -1.97881e-08
11.2055 0.000113142
11.0789 1.27475e-08
11.0788 5.31797e-13
11.0788 -5.31797e-13
11.0788 0
11.0788 0
11.0789 -1.98016e-09
11.0789 -1.97607e-08
11.2055 0.000113194
11.0789 1.27241e-08
11.0789 5.3002e-13
11.0789 -5.3002e-13
11.0789 -2.22045e-16
11.0789 6.66134e-16
11.0789 2.22045e-16
11.0789 2.22045e-16
11.079 -1.97334e-08
11.0789 0
11.0789 0
11.0789 -1.97742e-09
11.079 -1.97334e-08
11.2056 0.000113245
11.079 1.27007e-08
11.079 5.278e-13
11.079 -5.278e-13
11.079 0
11.079 0
11.079 -1.97468e-09
11.0791 -1.9706e-08
11.2057 0.000113297
11.0791 1.26774e-08
11.0791 5.26024e-13
11.0791 -5.26024e-13
11.0791 -2.22045e-16
11.0791 4.44089e-16
11.0791 2.22045e-16
11.0791 2.22045e-16
11.0791 -1.96786e-08
11.0791 0
11.0791 0
11.0791 -1.97195e-09
11.0791 -1.96786e-08
11.2058 0.000113348
11.0791 1.26541e-08
11.0791 5.24025e-13
11.0791 -5.24025e-13
11.0791 2.22045e-16
11.0791 -2.22045e-16
11.0791 2.22045e-16
11.0792 -1.96513e-08
11.0791 -2.22045e-16
11.0791 0
11.0791 0
11.0791 -1.96921e-09
11.0792 -1.96513e-08
11.2058 0.0001134
11.0792 1.26308e-08
11.0792 5.22027e-13
11.0792 -5.21583e-13
11.0792 -2.22045e-16
11.0792 2.22045e-16
11.0792 0
11.0792 0
11.0792 -1.96648e-09
11.0793 -1.96239e-08
11.2059 0.000113451
11.0793 1.26075e-08
11.0793 5.20028e-13
11.0793 -5.20251e-13
11.0793 0
11.0793 0
11.0793 -1.96374e-09
11.0793 -1.95966e-08
11.206 0.000113503
11.0794 1.25843e-08
11.0794 5.1803e-13
11.0794 -5.17808e-13
11.0794 0
11.0794 0
11.0794 -1.96101e-09
11.0794 -1.95693e-08
11.2061 0.000113554
11.0794 1.25611e-08
11.0794 5.16032e-13
11.0794 -5.1581e-13
11.0794 -2.22045e-16
11.0794 2.22045e-16
11.0794 0
11.0794 0
11.0794 -1.95828e-09
11.0795 -1.9542e-08
11.2061 0.000113606
11.0795 1.2538e-08
11.0795 5.14033e-13
11.0795 -5.14033e-13
11.0795 0
11.0795 0
11.0795 -1.95555e-09
11.0796 -1.95147e-08
11.2062 0.000113657
11.0796 1.25148e-08
11.0796 5.12035e-13
11.0796 -5.11813e-13
11.0796 0
11.0796 0
11.0796 -1.95283e-09
11.0796 -1.94875e-08
11.2063 0.000113708
11.0797 1.24917e-08
11.0797 5.10036e-13
11.0797 -5.09814e-13
11.0797 -2.22045e-16
11.0797 6.66134e-16
11.0797 2.22045e-16
11.0797 2.22045e-16
11.0797 -1.94602e-08
11.0797 -2.22045e-16
11.0797 0
11.0797 0
11.0797 -1.9501e-09
11.0797 -1.94602e-08
11.2064 0.00011376
11.0797 1.24687e-08
11.0797 5.0826e-13
11.0797 -5.08038e-13
11.0797 0
11.0797 0
11.0797 -1.94737e-09
11.0798 -1.94329e-08
11.2064 0.000113811
11.0798 1.24456e-08
11.0798 5.06262e-13
11.0798 -5.0604e-13
11.0798 0
11.0798 0
11.0798 -1.94465e-09
11.0799 -1.94057e-08
11.2065 0.000113863
11.0799 1.24226e-08
11.0799 5.04263e-13
11.0799 -5.04041e-13
11.0799 0
11.0799 0
11.0799 -1.94193e-09
11.0799 -1.93785e-08
11.2066 0.000113914
11.08 1.23996e-08
11.0799 5.02487e-13
11.0799 -5.02487e-13
11.0799 2.22045e-16
11.0799 -2.22045e-16
11.0799 2.22045e-16
11.08 -1.93513e-08
11.0799 -2.22045e-16
11.0799 0
11.0799 0
11.08 -1.9392e-09
11.08 -1.93513e-08
11.2067 0.000113965
11.08 1.23767e-08
11.08 5.00489e-13
11.08 -5.00489e-13
11.08 -2.22045e-16
11.08 4.44089e-16
11.08 2.22045e-16
11.08 2.22045e-16
11.0801 -1.93241e-08
11.08 0
11.08 0
11.08 -1.93648e-09
11.0801 -1.93241e-08
11.2067 0.000114017
11.0801 1.23538e-08
11.0801 4.98712e-13
11.0801 -4.9849e-13
11.0801 0
11.0801 0
11.0801 -1.93376e-09
11.0802 -1.92969e-08
11.2068 0.000114068
11.0802 1.23309e-08
11.0802 4.96714e-13
11.0802 -4.96714e-13
11.0802 2.22045e-16
11.0802 0
11.0802 0
11.0802 -1.93104e-09
11.0802 -1.92697e-08
11.2069 0.000114119
11.0802 1.2308e-08
11.0802 4.94937e-13
11.0802 -4.94937e-13
11.0802 -2.22045e-16
11.0802 2.22045e-16
11.0802 0
11.0802 0
11.0802 -1.92833e-09
11.0803 -1.92425e-08
11.2069 0.00011417
11.0803 1.22852e-08
11.0803 4.92939e-13
11.0803 -4.92717e-13
11.0803 2.22045e-16
11.0803 -2.22045e-16
11.0803 2.22045e-16
11.0804 -1.92154e-08
11.0803 -2.22045e-16
11.0803 -2.22045e-16
11.0803 -2.22045e-16
11.0803 -2.22045e-16
11.0804 -1.92154e-08
11.207 0.000114222
11.0804 1.22624e-08
11.0804 4.91163e-13
11.0804 -4.91163e-13
11.0804 0
11.0804 0
11.0804 -1.9229e-09
11.0804 -1.91882e-08
11.2071 0.000114273
11.0805 1.22396e-08
11.0805 4.89164e-13
11.0805 -4.89164e-13
11.0805 0
11.0805 0
11.0805 -1.92018e-09
11.0805 -1.91611e-08
11.2072 0.000114324
11.0805 1.22169e-08
11.0805 4.87388e-13
11.0805 -4.86944e-13
11.0805 0
11.0805 0
11.0805 -1.91747e-09
11.0806 -1.9134e-08
11.2072 0.000114375
11.0806 1.21941e-08
11.0806 4.8539e-13
11.0806 -4.8539e-13
11.0806 2.22045e-16
11.0806 0
11.0806 0
11.0806 -1.91476e-09
11.0807 -1.91069e-08
11.2073 0.000114426
11.0807 1.21715e-08
11.0807 4.83835e-13
11.0807 -4.83835e-13
11.0807 -2.22045e-16
11.0807 2.22045e-16
11.0807 2.22045e-16
11.0807 2.22045e-16
11.0807 -1.90798e-08
11.0807 -2.22045e-16
11.0807 2.22045e-16
11.0807 0
11.0807 0
11.0807 -1.91205e-09
11.0807 -1.90798e-08
11.2074 0.000114477
11.0808 1.21488e-08
11.0807 4.81837e-13
11.0807 -4.81615e-13
11.0807 0
11.0807 0
11.0808 -1.90934e-09
11.0808 -1.90527e-08
11.2075 0.000114529
11.0808 1.21262e-08
11.0808 4.79838e-13
11.0808 -4.79838e-13
11.0808 2.22045e-16
11.0808 -2.22045e-16
11.0808 2.22045e-16
11.0809 -1.90256e-08
11.0808 0
11.0808 0
11.0808 -1.90663e-09
11.0809 -1.90256e-08
11.2075 0.00011458
11.0809 1.21036e-08
11.0809 4.78062e-13
11.0809 -4.78062e-13
11.0809 0
11.0809 0
11.0809 -1.90393e-09
11.081 -1.89986e-08
11.2076 0.000114631
11.081 1.2081e-08
11.081 4.76286e-13
11.081 -4.76286e-13
11.081 2.22045e-16
11.081 -2.22045e-16
11.081 2.22045e-16
11.081 -1.89715e-08
11.081 -2.22045e-16
11.081 0
11.081 0
11.081 -1.90122e-09
11.081 -1.89715e-08
11.2077 0.000114682
11.081 1.20585e-08
11.081 4.74509e-13
11.081 -4.74509e-13
11.081 4.44089e-16
11.081 -2.22045e-16
11.081 -2.22045e-16
11.081 4.44089e-16
11.0811 -1.89445e-08
11.081 -2.22045e-16
11.081 -2.22045e-16
11.081 0
11.081 0
11.081 -1.89852e-09
11.0811 -1.89445e-08
11.2078 0.000114733
11.0811 1.2036e-08
11.0811 4.72733e-13
11.0811 -4.72733e-13
11.0811 0
11.0811 0
11.0811 -1.89581e-09
11.0812 -1.89175e-08
11.2078 0.000114784
11.0812 1.20135e-08
11.0812 4.70735e-13
11.0812 -4.70513e-13
11.0812 2.22045e-16
11.0812 -2.22045e-16
11.0812 2.22045e-16
11.0812 -1.88904e-08
11.0812 -2.22045e-16
11.0812 -2.22045e-16
11.0812 0
11.0812 0
11.0812 -1.89311e-09
11.0812 -1.88904e-08
11.2079 0.000114835
11.0813 1.1991e-08
11.0813 4.68736e-13
11.0813 -4.68514e-13
11.0813 0
11.0813 0
11.0813 -1.89041e-09
11.0813 -1.88634e-08
11.208 0.000114886
11.0813 1.19686e-08
11.0813 4.67404e-13
11.0813 -4.67404e-13
11.0813 0
11.0813 0
11.0813 -1.88771e-09
11.0814 -1.88365e-08
11.208 0.000114937
11.0814 1.19462e-08
11.0814 4.65628e-13
11.0814 -4.65628e-13
11.0814 0
11.0814 0
11.0814 -1.88501e-09
11.0815 -1.88095e-08
11.2081 0.000114988
11.0815 1.19239e-08
11.0815 4.63629e-13
11.0815 -4.63407e-13
11.0815 0
11.0815 0
11.0815 -1.88231e-09
11.0815 -1.87825e-08
11.2082 0.000115039
11.0816 1.19015e-08
11.0815 4.62075e-13
11.0815 -4.62075e-13
11.0815 0
11.0815 0
11.0816 -1.87962e-09
11.0816 -1.87556e-08
11.2083 0.00011509
11.0816 1.18792e-08
11.0816 4.60298e-13
11.0816 -4.60298e-13
11.0816 0
11.0816 0
11.0816 -1.87692e-09
11.0817 -1.87286e-08
11.2083 0.000115141
11.0817 1.1857e-08
11.0817 4.583e-13
11.0817 -4.583e-13
11.0817 0
11.0817 0
11.0817 -1.87423e-09
11.0818 -1.87017e-08
11.2084 0.000115192
11.0818 1.18347e-08
11.0818 4.56746e-13
11.0818 -4.56746e-13
11.0818 0
11.0818 0
11.0818 -1.87154e-09
11.0818 -1.86748e-08
11.2085 0.000115243
11.0818 1.18125e-08
11.0818 4.54969e-13
11.0818 -4.54969e-13
11.0818 -2.22045e-16
11.0818 4.44089e-16
11.0818 2.22045e-16
11.0818 2.22045e-16
11.0819 -1.86479e-08
11.0818 -2.22045e-16
11.0818 -2.22045e-16
11.0818 0
11.0818 0
11.0818 -1.86885e-09
11.0819 -1.86479e-08
11.2086 0.000115294
11.0819 1.17903e-08
11.0819 4.53193e-13
11.0819 -4.53193e-13
11.0819 -2.22045e-16
11.0819 2.22045e-16
11.0819 0
11.0819 0
11.0819 -1.86616e-09
11.082 -1.8621e-08
11.2086 0.000115345
11.082 1.17681e-08
11.082 4.51195e-13
11.082 -4.50973e-13
11.082 0
11.082 0
11.082 -1.86347e-09
11.082 -1.85941e-08
11.2087 0.000115396
11.0821 1.1746e-08
11.0821 4.4964e-13
11.0821 -4.4964e-13
11.0821 2.22045e-16
11.0821 -2.22045e-16
11.0821 2.22045e-16
11.0821 -1.85672e-08
11.0821 -4.44089e-16
11.0821 -2.22045e-16
11.0821 -2.22045e-16
11.0821 -1.85672e-08
11.2088 0.000115446
11.0821 1.17239e-08
11.0821 4.47864e-13
11.0821 -4.47642e-13
11.0821 0
11.0821 0
11.0821 -1.85809e-09
11.0822 -1.85403e-08
11.2089 0.000115497
11.0822 1.17018e-08
11.0822 4.4631e-13
11.0822 -4.46088e-13
11.0822 -2.22045e-16
11.0822 2.22045e-16
11.0822 0
11.0822 0
11.0822 -1.85541e-09
11.0823 -1.85135e-08
11.2089 0.000115548
11.0823 1.16798e-08
11.0823 4.44311e-13
11.0823 -4.44311e-13
11.0823 0
11.0823 0
11.0823 -1.85272e-09
11.0823 -1.84867e-08
11.209 0.000115599
11.0824 1.16577e-08
11.0823 4.42757e-13
11.0823 -4.42535e-13
11.0823 0
11.0823 0
11.0824 -1.85004e-09
11.0824 -1.84598e-08
11.2091 0.00011565
11.0824 1.16357e-08
11.0824 4.40759e-13
11.0824 -4.40314e-13
11.0824 0
11.0824 0
11.0824 -1.84736e-09
11.0825 -1.8433e-08
11.2091 0.0001157
11.0825 1.16138e-08
11.0825 4.39204e-13
11.0825 -4.39204e-13
11.0825 0
11.0825 0
11.0825 -1.84468e-09
11.0826 -1.84062e-08
11.2092 0.000115751
11.0826 1.15918e-08
11.0826 4.3765e-13
11.0826 -4.3765e-13
11.0826 0
11.0826 0
11.0826 -1.842e-09
11.0826 -1.83794e-08
11.2093 0.000115802
11.0826 1.15699e-08
11.0826 4.35874e-13
11.0826 -4.35874e-13
11.0826 2.22045e-16
11.0826 -2.22045e-16
11.0826 2.22045e-16
11.0827 -1.83526e-08
11.0826 -2.22045e-16
11.0826 -2.22045e-16
11.0826 2.22045e-16
11.0826 -2.22045e-16
11.0827 -1.83526e-08
11.2094 0.000115853
11.0827 1.15481e-08
11.0827 4.34097e-13
11.0827 -4.33875e-13
11.0827 2.22045e-16
11.0827 -2.22045e-16
11.0827 2.22045e-16
11.0828 -1.83259e-08
11.0827 -2.22045e-16
11.0827 0
11.0827 0
11.0827 -1.83664e-09
11.0828 -1.83259e-08
11.2094 0.000115903
11.0828 1.15262e-08
11.0828 4.32321e-13
11.0828 -4.31877e-13
11.0828 2.22045e-16
11.0828 -2.22045e-16
11.0828 2.22045e-16
11.0828 -1.82991e-08
11.0828 0
11.0828 0
11.0828 -1.83396e-09
11.0828 -1.82991e-08
11.2095 0.000115954
11.0829 1.15044e-08
11.0829 4.30767e-13
11.0829 -4.30544e-13
11.0829 0
11.0829 0
11.0829 -1.83129e-09
11.0829 -1.82724e-08
11.2096 0.000116005
11.0829 1.14826e-08
11.0829 4.29212e-13
11.0829 -4.29212e-13
11.0829 -2.22045e-16
11.0829 4.44089e-16
11.0829 2.22045e-16
11.0829 2.22045e-16
11.083 -1.82456e-08
11.0829 0
11.0829 0
11.0829 -1.82861e-09
11.083 -1.82456e-08
11.2097 0.000116055
11.083 1.14608e-08
11.083 4.27436e-13
11.083 -4.27436e-13
11.083 0
11.083 0
11.083 -1.82594e-09
11.0831 -1.82189e-08
11.2097 0.000116106
11.0831 1.14391e-08
11.0831 4.2566e-13
11.0831 -4.25215e-13
11.0831 -2.22045e-16
11.0831 2.22045e-16
11.0831 0
11.0831 0
11.0831 -1.82327e-09
11.0831 -1.81922e-08
11.2098 0.000116157
11.0831 1.14173e-08
11.0831 4.24105e-13
11.0831 -4.23883e-13
11.0831 -2.22045e-16
11.0831 2.22045e-16
11.0831 2.22045e-16
11.0831 2.22045e-16
11.0832 -1.81655e-08
11.0831 0
11.0831 0
11.0831 -1.8206e-09
11.0832 -1.81655e-08
11.2099 0.000116207
11.0832 1.13957e-08
11.0832 4.22329e-13
11.0832 -4.22107e-13
11.0832 2.22045e-16
11.0832 -2.22045e-16
11.0832 2.22045e-16
11.0833 -1.81388e-08
11.0832 -2.22045e-16
11.0832 -2.22045e-16
11.0832 0
11.0832 0
11.0832 -1.81793e-09
11.0833 -1.81388e-08
11.2099 0.000116258
11.0833 1.1374e-08
11.0833 4.20775e-13
11.0833 -4.20775e-13
11.0833 2.22045e-16
11.0833 0
11.0833 0
11.0833 -1.81526e-09
11.0833 -1.81121e-08
11.21 0.000116308
11.0834 1.13524e-08
11.0834 4.18998e-13
11.0834 -4.18776e-13
11.0834 2.22045e-16
11.0834 0
11.0834 0
11.0834 -1.81259e-09
11.0834 -1.80855e-08
11.2101 0.000116359
11.0834 1.13308e-08
11.0834 4.17666e-13
11.0834 -4.17666e-13
11.0834 0
11.0834 0
11.0834 -1.80993e-09
11.0835 -1.80588e-08
11.2102 0.00011641
11.0835 1.13092e-08
11.0835 4.1589e-13
11.0835 -4.15668e-13
11.0835 2.22045e-16
11.0835 -2.22045e-16
11.0835 2.22045e-16
11.0836 -1.80322e-08
11.0835 2.22045e-16
11.0835 -4.44089e-16
11.0835 -2.22045e-16
11.0835 -2.22045e-16
11.0836 -1.80322e-08
11.2102 0.00011646
11.0836 1.12876e-08
11.0836 4.14113e-13
11.0836 -4.13669e-13
11.0836 2.22045e-16
11.0836 0
11.0836 0
11.0836 -1.8046e-09
11.0836 -1.80055e-08
11.2103 0.000116511
11.0837 1.12661e-08
11.0836 4.12781e-13
11.0836 -4.12781e-13
11.0836 0
11.0836 0
11.0837 -1.80194e-09
11.0837 -1.79789e-08
11.2104 0.000116561
11.0837 1.12446e-08
11.0837 4.11005e-13
11.0837 -4.11005e-13
11.0837 0
11.0837 0
11.0837 -1.79928e-09
11.0838 -1.79523e-08
11.2105 0.000116612
11.0838 1.12231e-08
11.0838 4.09672e-13
11.0838 -4.09894e-13
11.0838 0
11.0838 0
11.0838 -1.79662e-09
11.0838 -1.79257e-08
11.2105 0.000116662
11.0839 1.12017e-08
11.0839 4.07896e-13
11.0839 -4.08118e-13
11.0839 0
11.0839 0
11.0839 -1.79396e-09
11.0839 -1.78991e-08
11.2106 0.000116713
11.0839 1.11803e-08
11.0839 4.0612e-13
11.0839 -4.05898e-13
11.0839 2.22045e-16
11.0839 -2.22045e-16
11.0839 2.22045e-16
11.084 -1.78725e-08
11.0839 -2.22045e-16
11.0839 0
11.0839 0
11.0839 -1.7913e-09
11.084 -1.78725e-08
11.2107 0.000116763
11.084 1.11589e-08
11.084 4.04565e-13
11.084 -4.04565e-13
11.084 2.22045e-16
11.084 -2.22045e-16
11.084 2.22045e-16
11.0841 -1.7846e-08
11.084 -2.22045e-16
11.084 0
11.084 0
11.084 -1.78864e-09
11.0841 -1.7846e-08
11.2107 0.000116813
11.0841 1.11375e-08
11.0841 4.03011e-13
11.0841 -4.03011e-13
11.0841 0
11.0841 0
11.0841 -1.78599e-09
11.0841 -1.78194e-08
11.2108 0.000116864
11.0842 1.11162e-08
11.0841 4.01679e-13
11.0841 -4.01679e-13
11.0841 -2.22045e-16
11.0841 4.44089e-16
11.0841 0
11.0841 0
11.0842 -1.78333e-09
11.0842 -1.77929e-08
11.2109 0.000116914
11.0842 1.10949e-08
11.0842 3.99902e-13
11.0842 -3.9968e-13
11.0842 -2.22045e-16
11.0842 4.44089e-16
11.0842 2.22045e-16
11.0842 2.22045e-16
11.0843 -1.77664e-08
11.0842 0
11.0842 0
11.0842 -1.78068e-09
11.0843 -1.77664e-08
11.211 0.000116965
11.0843 1.10736e-08
11.0843 3.98126e-13
11.0843 -3.97904e-13
11.0843 2.22045e-16
11.0843 -2.22045e-16
11.0843 2.22045e-16
11.0843 -1.77398e-08
11.0843 -2.22045e-16
11.0843 -2.22045e-16
11.0843 0
11.0843 0
11.0843 -1.77802e-09
11.0843 -1.77398e-08
11.211 0.000117015
11.0844 1.10524e-08
11.0844 3.96794e-13
11.0844 -3.96572e-13
11.0844 2.22045e-16
11.0844 -2.22045e-16
11.0844 2.22045e-16
11.0844 -1.77133e-08
11.0844 -2.22045e-16
11.0844 -2.22045e-16
11.0844 0
11.0844 0
11.0844 -1.77537e-09
11.0844 -1.77133e-08
11.2111 0.000117065
11.0844 1.10311e-08
11.0844 3.95461e-13
11.0844 -3.95461e-13
11.0844 0
11.0844 0
11.0844 -1.77272e-09
11.0845 -1.76868e-08
11.2112 0.000117116
11.0845 1.10099e-08
11.0845 3.93685e-13
11.0845 -3.93463e-13
11.0845 0
11.0845 0
11.0845 -1.77007e-09
11.0846 -1.76604e-08
11.2112 0.000117166
11.0846 1.09888e-08
11.0846 3.91909e-13
11.0846 -3.91687e-13
11.0846 0
11.0846 0
11.0846 -1.76743e-09
11.0846 -1.76339e-08
11.2113 0.000117216
11.0847 1.09676e-08
11.0846 3.90354e-13
11.0846 -3.90132e-13
11.0846 -2.22045e-16
11.0846 2.22045e-16
11.0846 2.22045e-16
11.0846 2.22045e-16
11.0847 -1.76074e-08
11.0846 0
11.0846 0
11.0847 -1.76478e-09
11.0847 -1.76074e-08
11.2114 0.000117267
11.0847 1.09465e-08
11.0847 3.888e-13
11.0847 -3.88356e-13
11.0847 0
11.0847 0
11.0847 -1.76213e-09
11.0848 -1.7581e-08
11.2115 0.000117317
11.0848 1.09254e-08
11.0848 3.8769e-13
11.0848 -3.8769e-13
11.0848 0
11.0848 0
11.0848 -1.75949e-09
11.0849 -1.75545e-08
11.2115 0.000117367
11.0849 1.09043e-08
11.0849 3.86136e-13
11.0849 -3.86358e-13
11.0849 0
11.0849 0
11.0849 -1.75685e-09
11.0849 -1.75281e-08
11.2116 0.000117417
11.0849 1.08833e-08
11.0849 3.84359e-13
11.0849 -3.83915e-13
11.0849 0
11.0849 0
11.0849 -1.7542e-09
11.085 -1.75017e-08
11.2117 0.000117468
11.085 1.08623e-08
11.085 3.82583e-13
11.085 -3.82139e-13
11.085 0
11.085 0
11.085 -1.75156e-09
11.0851 -1.74753e-08
11.2117 0.000117518
11.0851 1.08413e-08
11.0851 3.81251e-13
11.0851 -3.81029e-13
11.0851 2.22045e-16
11.0851 -2.22045e-16
11.0851 2.22045e-16
11.0851 -1.74489e-08
11.0851 -2.22045e-16
11.0851 0
11.0851 0
11.0851 -1.74892e-09
11.0851 -1.74489e-08
11.2118 0.000117568
11.0852 1.08203e-08
11.0851 3.79918e-13
11.0851 -3.79918e-13
11.0851 0
11.0851 0
11.0852 -1.74628e-09
11.0852 -1.74225e-08
11.2119 0.000117618
11.0852 1.07994e-08
11.0852 3.78364e-13
11.0852 -3.78364e-13
11.0852 2.22045e-16
11.0852 -2.22045e-16
11.0852 2.22045e-16
11.0853 -1.73961e-08
11.0852 -4.44089e-16
11.0852 -2.22045e-16
11.0852 -2.22045e-16
11.0852 -2.22045e-16
11.0853 -1.73961e-08
11.212 0.000117668
11.0853 1.07785e-08
11.0853 3.7681e-13
11.0853 -3.7681e-13
11.0853 2.22045e-16
11.0853 -2.22045e-16
11.0853 2.22045e-16
11.0854 -1.73698e-08
11.0853 -2.22045e-16
11.0853 0
11.0853 0
11.0853 -1.74101e-09
11.0854 -1.73698e-08
11.212 0.000117719
11.0854 1.07576e-08
11.0854 3.75477e-13
11.0854 -3.75477e-13
11.0854 2.22045e-16
11.0854 -2.22045e-16
11.0854 2.22045e-16
11.0854 -1.73434e-08
11.0854 0
11.0854 0
11.0854 -1.73837e-09
11.0854 -1.73434e-08
11.2121 0.000117769
11.0854 1.07367e-08
11.0854 3.74145e-13
11.0854 -3.74367e-13
11.0854 2.22045e-16
11.0854 -2.22045e-16
11.0854 2.22045e-16
11.0855 -1.73171e-08
11.0854 -2.22045e-16
11.0854 -2.22045e-16
11.0854 -2.22045e-16
11.0854 -2.22045e-16
11.0855 -1.73171e-08
11.2122 0.000117819
11.0855 1.07159e-08
11.0855 3.72369e-13
11.0855 -3.72369e-13
11.0855 0
11.0855 0
11.0855 -1.73311e-09
11.0856 -1.72908e-08
11.2123 0.000117869
11.0856 1.06951e-08
11.0856 3.70814e-13
11.0856 -3.70592e-13
11.0856 2.22045e-16
11.0856 -2.22045e-16
11.0856 2.22045e-16
11.0856 -1.72644e-08
11.0856 -2.22045e-16
11.0856 -2.22045e-16
11.0856 -2.22045e-16
11.0856 -2.22045e-16
11.0856 -1.72644e-08
11.2123 0.000117919
11.0857 1.06743e-08
11.0856 3.69704e-13
11.0856 -3.69926e-13
11.0856 0
11.0856 0
11.0857 -1.72784e-09
11.0857 -1.72381e-08
11.2124 0.000117969
11.0857 1.06535e-08
11.0857 3.67928e-13
11.0857 -3.67928e-13
11.0857 0
11.0857 0
11.0857 -1.72521e-09
11.0858 -1.72118e-08
11.2125 0.000118019
11.0858 1.06328e-08
11.0858 3.66374e-13
11.0858 -3.66374e-13
11.0858 0
11.0858 0
11.0858 -1.72258e-09
11.0858 -1.71856e-08
11.2125 0.000118069
11.0859 1.06121e-08
11.0859 3.64819e-13
11.0859 -3.64375e-13
11.0859 -2.22045e-16
11.0859 4.44089e-16
11.0859 2.22045e-16
11.0859 2.22045e-16
11.0859 -1.71593e-08
11.0859 0
11.0859 0
11.0859 -1.71996e-09
11.0859 -1.71593e-08
11.2126 0.000118119
11.0859 1.05914e-08
11.0859 3.63709e-13
11.0859 -3.63709e-13
11.0859 -2.22045e-16
11.0859 4.44089e-16
11.0859 2.22045e-16
11.0859 2.22045e-16
11.086 -1.7133e-08
11.0859 -2.22045e-16
11.0859 0
11.0859 0
11.0859 -1.71733e-09
11.086 -1.7133e-08
11.2127 0.000118169
11.086 1.05708e-08
11.086 3.62155e-13
11.086 -3.62155e-13
11.086 0
11.086 0
11.086 -1.7147e-09
11.0861 -1.71068e-08
11.2128 0.000118219
11.0861 1.05501e-08
11.0861 3.606e-13
11.0861 -3.60378e-13
11.0861 2.22045e-16
11.0861 -2.22045e-16
11.0861 2.22045e-16
11.0861 -1.70805e-08
11.0861 -2.22045e-16
11.0861 0
11.0861 0
11.0861 -1.71208e-09
11.0861 -1.70805e-08
11.2128 0.000118269
11.0862 1.05295e-08
11.0861 3.59046e-13
11.0861 -3.58824e-13
11.0861 2.22045e-16
11.0861 -2.22045e-16
11.0861 2.22045e-16
11.0862 -1.70543e-08
11.0861 -4.44089e-16
11.0861 -2.22045e-16
11.0861 2.22045e-16
11.0861 -2.22045e-16
11.0862 -1.70543e-08
11.2129 0.000118319
11.0862 1.0509e-08
11.0862 3.57714e-13
11.0862 -3.57714e-13
11.0862 0
11.0862 0
11.0862 -1.70683e-09
11.0863 -1.70281e-08
11.213 0.000118369
11.0863 1.04884e-08
11.0863 3.56382e-13
11.0863 -3.56382e-13
11.0863 2.22045e-16
11.0863 -2.22045e-16
11.0863 2.22045e-16
11.0863 -1.70019e-08
11.0863 -2.22045e-16
11.0863 0
11.0863 0
11.0863 -1.70421e-09
11.0863 -1.70019e-08
11.213 0.000118419
11.0864 1.04679e-08
11.0864 3.54827e-13
11.0864 -3.54605e-13
11.0864 2.22045e-16
11.0864 -2.22045e-16
11.0864 2.22045e-16
11.0864 -1.69757e-08
11.0864 -2.22045e-16
11.0864 0
11.0864 0
11.0864 -1.70159e-09
11.0864 -1.69757e-08
11.2131 0.000118469
11.0864 1.04474e-08
11.0864 3.53717e-13
11.0864 -3.53717e-13
11.0864 -2.22045e-16
11.0864 4.44089e-16
11.0864 0
11.0864 0
11.0864 -1.69897e-09
11.0865 -1.69495e-08
11.2132 0.000118519
11.0865 1.04269e-08
11.0865 3.52163e-13
11.0865 -3.52163e-13
11.0865 0
11.0865 0
11.0865 -1.69636e-09
11.0866 -1.69233e-08
11.2133 0.000118569
11.0866 1.04065e-08
11.0866 3.50608e-13
11.0866 -3.50608e-13
11.0866 0
11.0866 0
11.0866 -1.69374e-09
11.0866 -1.68972e-08
11.2133 0.000118619
11.0866 1.0386e-08
11.0866 3.49276e-13
11.0866 -3.49276e-13
11.0866 0
11.0866 0
11.0866 -1.69112e-09
11.0867 -1.6871e-08
11.2134 0.000118669
11.0867 1.03656e-08
11.0867 3.47722e-13
11.0867 -3.475e-13
11.0867 2.22045e-16
11.0867 -2.22045e-16
11.0867 2.22045e-16
11.0868 -1.68449e-08
11.0867 -2.22045e-16
11.0867 -2.22045e-16
11.0867 0
11.0867 0
11.0867 -1.68851e-09
11.0868 -1.68449e-08
11.2135 0.000118719
11.0868 1.03452e-08
11.0868 3.4639e-13
11.0868 -3.46168e-13
11.0868 -2.22045e-16
11.0868 4.44089e-16
11.0868 0
11.0868 0
11.0868 -1.6859e-09
11.0868 -1.68188e-08
11.2135 0.000118768
11.0869 1.03249e-08
11.0869 3.45057e-13
11.0869 -3.45279e-13
11.0869 2.22045e-16
11.0869 -2.22045e-16
11.0869 2.22045e-16
11.0869 -1.67926e-08
11.0869 -2.22045e-16
11.0869 0
11.0869 0
11.0869 -1.68328e-09
11.0869 -1.67926e-08
11.2136 0.000118818
11.0869 1.03046e-08
11.0869 3.43725e-13
11.0869 -3.43947e-13
11.0869 0
11.0869 0
11.0869 -1.68067e-09
11.087 -1.67665e-08
11.2137 0.000118868
11.087 1.02843e-08
11.087 3.42171e-13
11.087 -3.42171e-13
11.087 0
11.087 0
11.087 -1.67806e-09
11.0871 -1.67404e-08
11.2138 0.000118918
11.0871 1.0264e-08
11.0871 3.40838e-13
11.0871 -3.40838e-13
11.0871 0
11.0871 0
11.0871 -1.67545e-09
11.0871 -1.67144e-08
11.2138 0.000118968
11.0871 1.02437e-08
11.0871 3.39506e-13
11.0871 -3.39284e-13
11.0871 0
11.0871 0
11.0871 -1.67284e-09
11.0872 -1.66883e-08
11.2139 0.000119017
11.0872 1.02235e-08
11.0872 3.38174e-13
11.0872 -3.38174e-13
11.0872 2.22045e-16
11.0872 -2.22045e-16
11.0872 2.22045e-16
11.0873 -1.66622e-08
11.0872 -2.22045e-16
11.0872 0
11.0872 0
11.0872 -1.67024e-09
11.0873 -1.66622e-08
11.214 0.000119067
11.0873 1.02033e-08
11.0873 3.36842e-13
11.0873 -3.36842e-13
11.0873 -2.22045e-16
11.0873 4.44089e-16
11.0873 0
11.0873 0
11.0873 -1.66763e-09
11.0873 -1.66362e-08
11.214 0.000119117
11.0874 1.01831e-08
11.0873 3.35065e-13
11.0873 -3.34621e-13
11.0873 2.22045e-16
11.0873 -2.22045e-16
11.0873 2.22045e-16
11.0874 -1.66101e-08
11.0873 -2.22045e-16
11.0873 -2.22045e-16
11.0873 0
11.0873 0
11.0874 -1.66503e-09
11.0874 -1.66101e-08
11.2141 0.000119167
11.0874 1.0163e-08
11.0874 3.33955e-13
11.0874 -3.33955e-13
11.0874 2.22045e-16
11.0874 -2.22045e-16
11.0874 2.22045e-16
11.0875 -1.65841e-08
11.0874 -2.22045e-16
11.0874 -2.22045e-16
11.0874 0
11.0874 0
11.0874 -1.66242e-09
11.0875 -1.65841e-08
11.2142 0.000119216
11.0875 1.01429e-08
11.0875 3.32401e-13
11.0875 -3.31957e-13
11.0875 2.22045e-16
11.0875 0
11.0875 0
11.0875 -1.65982e-09
11.0875 -1.65581e-08
11.2142 0.000119266
11.0876 1.01228e-08
11.0876 3.31069e-13
11.0876 -3.30846e-13
11.0876 0
11.0876 0
11.0876 -1.65722e-09
11.0876 -1.65321e-08
11.2143 0.000119316
11.0876 1.01027e-08
11.0876 3.29736e-13
11.0876 -3.29292e-13
11.0876 0
11.0876 0
11.0876 -1.65462e-09
11.0877 -1.65061e-08
11.2144 0.000119365
11.0877 1.00826e-08
11.0877 3.28848e-13
11.0877 -3.28848e-13
11.0877 -2.22045e-16
11.0877 6.66134e-16
11.0877 0
11.0877 0
11.0877 -1.65202e-09
11.0878 -1.64801e-08
11.2145 0.000119415
11.0878 1.00626e-08
11.0878 3.27516e-13
11.0878 -3.27516e-13
11.0878 -2.22045e-16
11.0878 0
11.0878 0
11.0878 -1.64942e-09
11.0878 -1.64541e-08
11.2145 0.000119465
11.0878 1.00426e-08
11.0878 3.25961e-13
11.0878 -3.25739e-13
11.0878 -2.22045e-16
11.0878 2.22045e-16
11.0878 2.22045e-16
11.0878 2.22045e-16
11.0879 -1.64281e-08
11.0878 -2.22045e-16
11.0878 0
11.0878 0
11.0878 -1.64683e-09
11.0879 -1.64281e-08
11.2146 0.000119514
11.0879 1.00226e-08
11.0879 3.24407e-13
11.0879 -3.24185e-13
11.0879 -2.22045e-16
11.0879 2.22045e-16
11.0879 4.44089e-16
11.0879 4.44089e-16
11.088 -1.64022e-08
11.0879 -2.22045e-16
11.0879 -2.22045e-16
11.0879 2.22045e-16
11.0879 0
11.0879 0
11.0879 -1.64423e-09
11.088 -1.64022e-08
11.2147 0.000119564
11.088 1.00027e-08
11.088 3.23075e-13
11.088 -3.22853e-13
11.088 0
11.088 0
11.088 -1.64163e-09
11.088 -1.63762e-08
11.2147 0.000119613
11.0881 9.98273e-09
11.0881 3.21965e-13
11.0881 -3.21965e-13
11.0881 0
11.0881 0
11.0881 -1.63904e-09
11.0881 -1.63503e-08
11.2148 0.000119663
11.0881 9.96283e-09
11.0881 3.2041e-13
11.0881 -3.20188e-13
11.0881 0
11.0881 0
11.0881 -1.63645e-09
11.0882 -1.63244e-08
11.2149 0.000119712
11.0882 9.94294e-09
11.0882 3.19078e-13
11.0882 -3.19078e-13
11.0882 0
11.0882 0
11.0882 -1.63386e-09
11.0883 -1.62985e-08
11.215 0.000119762
11.0883 9.92308e-09
11.0883 3.17968e-13
11.0883 -3.17968e-13
11.0883 2.22045e-16
11.0883 0
11.0883 0
11.0883 -1.63127e-09
11.0883 -1.62726e-08
11.215 0.000119812
11.0883 9.90325e-09
11.0883 3.16636e-13
11.0883 -3.16414e-13
11.0883 0
11.0883 0
11.0883 -1.62868e-09
11.0884 -1.62467e-08
11.2151 0.000119861
11.0884 9.88344e-09
11.0884 3.15525e-13
11.0884 -3.15303e-13
11.0884 0
11.0884 0
11.0884 -1.62609e-09
11.0885 -1.62208e-08
11.2152 0.000119911
11.0885 9.86365e-09
11.0885 3.14193e-13
11.0885 -3.14193e-13
11.0885 0
11.0885 0
11.0885 -1.6235e-09
11.0885 -1.61949e-08
11.2152 0.00011996
11.0886 9.84389e-09
11.0885 3.12861e-13
11.0885 -3.12861e-13
11.0885 -2.22045e-16
11.0885 6.66134e-16
11.0885 2.22045e-16
11.0885 2.22045e-16
11.0886 -1.61691e-08
11.0885 2.22045e-16
11.0885 -2.22045e-16
11.0885 -2.22045e-16
11.0885 0
11.0885 0
11.0886 -1.62091e-09
11.0886 -1.61691e-08
11.2153 0.000120009
11.0886 9.82415e-09
11.0886 3.11529e-13
11.0886 -3.11529e-13
11.0886 2.22045e-16
11.0886 -2.22045e-16
11.0886 2.22045e-16
11.0887 -1.61432e-08
11.0886 -2.22045e-16
11.0886 0
11.0886 0
11.0886 -1.61833e-09
11.0887 -1.61432e-08
11.2154 0.000120059
11.0887 9.80443e-09
11.0887 3.10196e-13
11.0887 -3.10196e-13
11.0887 0
11.0887 0
11.0887 -1.61574e-09
11.0887 -1.61174e-08
11.2155 0.000120108
11.0888 9.78474e-09
11.0888 3.08864e-13
11.0888 -3.08864e-13
11.0888 2.22045e-16
11.0888 0
11.0888 0
11.0888 -1.61316e-09
11.0888 -1.60916e-08
11.2155 0.000120158
11.0888 9.76508e-09
11.0888 3.07976e-13
11.0888 -3.08198e-13
11.0888 0
11.0888 0
11.0888 -1.61058e-09
11.0889 -1.60658e-08
11.2156 0.000120207
11.0889 9.74543e-09
11.0889 3.062e-13
11.0889 -3.05755e-13
11.0889 2.22045e-16
11.0889 -2.22045e-16
11.0889 2.22045e-16
11.089 -1.604e-08
11.0889 0
11.0889 0
11.0889 -1.608e-09
11.089 -1.604e-08
11.2157 0.000120257
11.089 9.72581e-09
11.089 3.05089e-13
11.089 -3.04867e-13
11.089 2.22045e-16
11.089 -2.22045e-16
11.089 2.22045e-16
11.089 -1.60142e-08
11.089 -2.22045e-16
11.089 -2.22045e-16
11.089 -2.22045e-16
11.089 -2.22045e-16
11.089 -1.60142e-08
11.2157 0.000120306
11.089 9.70621e-09
11.089 3.03757e-13
11.089 -3.03535e-13
11.089 2.22045e-16
11.089 -2.22045e-16
11.089 2.22045e-16
11.0891 -1.59884e-08
11.089 -2.22045e-16
11.089 -2.22045e-16
11.089 -2.22045e-16
11.089 -2.22045e-16
11.0891 -1.59884e-08
11.2158 0.000120355
11.0891 9.68664e-09
11.0891 3.02869e-13
11.0891 -3.02869e-13
11.0891 0
11.0891 0
11.0891 -1.60026e-09
11.0892 -1.59626e-08
11.2159 0.000120405
11.0892 9.66709e-09
11.0892 3.01315e-13
11.0892 -3.0087e-13
11.0892 0
11.0892 0
11.0892 -1.59769e-09
11.0892 -1.59368e-08
11.2159 0.000120454
11.0893 9.64757e-09
11.0892 3.00204e-13
11.0892 -3.00204e-13
11.0892 2.22045e-16
11.0892 -2.22045e-16
11.0892 2.22045e-16
11.0893 -1.59111e-08
11.0892 -2.22045e-16
11.0892 -2.22045e-16
11.0892 0
11.0892 0
11.0893 -1.59511e-09
11.0893 -1.59111e-08
11.216 0.000120503
11.0893 9.62807e-09
11.0893 2.98872e-13
11.0893 -2.98872e-13
11.0893 0
11.0893 0
11.0893 -1.59254e-09
11.0894 -1.58854e-08
11.2161 0.000120553
11.0894 9.60859e-09
11.0894 2.97762e-13
11.0894 -2.97762e-13
11.0894 0
11.0894 0
11.0894 -1.58996e-09
11.0894 -1.58596e-08
11.2162 0.000120602
11.0895 9.58913e-09
11.0895 2.9643e-13
11.0895 -2.96208e-13
11.0895 0
11.0895 0
11.0895 -1.58739e-09
11.0895 -1.58339e-08
11.2162 0.000120651
11.0895 9.5697e-09
11.0895 2.95097e-13
11.0895 -2.94875e-13
11.0895 2.22045e-16
11.0895 -2.22045e-16
11.0895 2.22045e-16
11.0896 -1.58082e-08
11.0895 -2.22045e-16
11.0895 0
11.0895 0
11.0895 -1.58482e-09
11.0896 -1.58082e-08
11.2163 0.000120701
11.0896 9.55029e-09
11.0896 2.93987e-13
11.0896 -2.93987e-13
11.0896 0
11.0896 0
11.0896 -1.58225e-09
11.0897 -1.57825e-08
11.2164 0.00012075
11.0897 9.53091e-09
11.0897 2.92877e-13
11.0897 -2.92877e-13
11.0897 -2.22045e-16
11.0897 2.22045e-16
11.0897 0
11.0897 0
11.0897 -1.57968e-09
11.0897 -1.57568e-08
11.2164 0.000120799
11.0897 9.51154e-09
11.0897 2.91545e-13
11.0897 -2.91545e-13
11.0897 0
11.0897 0
11.0897 -1.57711e-09
11.0898 -1.57311e-08
11.2165 0.000120848
11.0898 9.49221e-09
11.0898 2.90212e-13
11.0898 -2.90212e-13
11.0898 0
11.0898 0
11.0898 -1.57454e-09
11.0899 -1.57055e-08
11.2166 0.000120897
11.0899 9.47289e-09
11.0899 2.89102e-13
11.0899 -2.89102e-13
11.0899 0
11.0899 0
11.0899 -1.57198e-09
11.0899 -1.56798e-08
11.2167 0.000120947
11.09 9.4536e-09
11.0899 2.87992e-13
11.0899 -2.87992e-13
11.0899 -2.22045e-16
11.0899 4.44089e-16
11.0899 2.22045e-16
11.0899 2.22045e-16
11.09 -1.56542e-08
11.0899 0
11.0899 0
11.09 -1.56941e-09
11.09 -1.56542e-08
11.2167 0.000120996
11.09 9.43433e-09
11.09 2.8666e-13
11.09 -2.8666e-13
11.09 0
11.09 0
11.09 -1.56685e-09
11.0901 -1.56285e-08
11.2168 0.000121045
11.0901 9.41508e-09
11.0901 2.85771e-13
11.0901 -2.85993e-13
11.0901 0
11.0901 0
11.0901 -1.56429e-09
11.0901 -1.56029e-08
11.2169 0.000121094
11.0902 9.39586e-09
11.0902 2.84439e-13
11.0902 -2.84661e-13
11.0902 0
11.0902 0
11.0902 -1.56172e-09
11.0902 -1.55773e-08
11.2169 0.000121143
11.0902 9.37666e-09
11.0902 2.83107e-13
11.0902 -2.83107e-13
11.0902 0
11.0902 0
11.0902 -1.55916e-09
11.0903 -1.55517e-08
11.217 0.000121192
11.0903 9.35748e-09
11.0903 2.81775e-13
11.0903 -2.81553e-13
11.0903 2.22045e-16
11.0903 0
11.0903 0
11.0903 -1.5566e-09
11.0904 -1.55261e-08
11.2171 0.000121241
11.0904 9.33833e-09
11.0904 2.80886e-13
11.0904 -2.80886e-13
11.0904 0
11.0904 0
11.0904 -1.55404e-09
11.0904 -1.55005e-08
11.2171 0.000121291
11.0904 9.31919e-09
11.0904 2.79554e-13
11.0904 -2.79554e-13
11.0904 2.22045e-16
11.0904 0
11.0904 0
11.0904 -1.55149e-09
11.0905 -1.5475e-08
11.2172 0.00012134
11.0905 9.30008e-09
11.0905 2.78444e-13
11.0905 -2.78222e-13
11.0905 -2.22045e-16
11.0905 2.22045e-16
11.0905 0
11.0905 0
11.0905 -1.54893e-09
11.0906 -1.54494e-08
11.2173 0.000121389
11.0906 9.281e-09
11.0906 2.77334e-13
11.0906 -2.77334e-13
11.0906 -2.22045e-16
11.0906 4.44089e-16
11.0906 2.22045e-16
11.0906 2.22045e-16
11.0906 -1.54239e-08
11.0906 0
11.0906 0
11.0906 -1.54637e-09
11.0906 -1.54239e-08
11.2174 0.000121438
11.0906 9.26193e-09
11.0906 2.76001e-13
11.0906 -2.76001e-13
11.0906 0
11.0906 0
11.0906 -1.54382e-09
11.0907 -1.53983e-08
11.2174 0.000121487
11.0907 9.24289e-09
11.0907 2.74891e-13
11.0907 -2.74891e-13
11.0907 2.22045e-16
11.0907 0
11.0907 0
11.0907 -1.54127e-09
11.0908 -1.53728e-08
11.2175 0.000121536
11.0908 9.22388e-09
11.0908 2.73781e-13
11.0908 -2.73781e-13
11.0908 2.22045e-16
11.0908 0
11.0908 0
11.0908 -1.53871e-09
11.0908 -1.53473e-08
11.2176 0.000121585
11.0909 9.20488e-09
11.0909 2.72449e-13
11.0909 -2.72005e-13
11.0909 0
11.0909 0
11.0909 -1.53616e-09
11.0909 -1.53218e-08
11.2176 0.000121634
11.0909 9.18591e-09
11.0909 2.71561e-13
11.0909 -2.71561e-13
11.0909 -2.22045e-16
11.0909 4.44089e-16
11.0909 2.22045e-16
11.0909 2.22045e-16
11.091 -1.52963e-08
11.0909 -2.22045e-16
11.0909 -2.22045e-16
11.0909 0
11.0909 0
11.0909 -1.53361e-09
11.091 -1.52963e-08
11.2177 0.000121683
11.091 9.16696e-09
11.091 2.7045e-13
11.091 -2.7045e-13
11.091 2.22045e-16
11.091 -4.44089e-16
11.091 2.22045e-16
11.091 -1.52708e-08
11.091 -2.22045e-16
11.091 -2.22045e-16
11.091 -2.22045e-16
11.091 -2.22045e-16
11.091 -1.52708e-08
11.2178 0.000121732
11.0911 9.14803e-09
11.0911 2.6934e-13
11.0911 -2.69562e-13
11.0911 0
11.0911 0
11.0911 -1.52852e-09
11.0911 -1.52453e-08
11.2178 0.000121781
11.0911 9.12912e-09
11.0911 2.6823e-13
11.0911 -2.6823e-13
11.0911 2.22045e-16
11.0911 0
11.0911 0
11.0911 -1.52597e-09
11.0912 -1.52198e-08
11.2179 0.00012183
11.0912 9.11024e-09
11.0912 2.66898e-13
11.0912 -2.66898e-13
11.0912 0
11.0912 0
11.0912 -1.52342e-09
11.0913 -1.51944e-08
11.218 0.000121879
11.0913 9.09138e-09
11.0913 2.65787e-13
11.0913 -2.65565e-13
11.0913 0
11.0913 0
11.0913 -1.52088e-09
11.0913 -1.51689e-08
11.2181 0.000121927
11.0913 9.07254e-09
11.0913 2.64677e-13
11.0913 -2.64677e-13
11.0913 -2.22045e-16
11.0913 2.22045e-16
11.0913 2.22045e-16
11.0913 2.22045e-16
11.0914 -1.51435e-08
11.0913 -2.22045e-16
11.0913 0
11.0913 0
11.0913 -1.51833e-09
11.0914 -1.51435e-08
11.2181 0.000121976
11.0914 9.05372e-09
11.0914 2.63567e-13
11.0914 -2.63567e-13
11.0914 2.22045e-16
11.0914 -2.22045e-16
11.0914 2.22045e-16
11.0915 -1.51181e-08
11.0914 -2.22045e-16
11.0914 -2.22045e-16
11.0914 -2.22045e-16
11.0914 -2.22045e-16
11.0915 -1.51181e-08
11.2182 0.000122025
11.0915 9.03493e-09
11.0915 2.62457e-13
11.0915 -2.62679e-13
11.0915 0
11.0915 0
11.0915 -1.51325e-09
11.0915 -1.50927e-08
11.2183 0.000122074
11.0915 9.01616e-09
11.0915 2.61346e-13
11.0915 -2.61346e-13
11.0915 0
11.0915 0
11.0915 -1.51071e-09
11.0916 -1.50673e-08
11.2183 0.000122123
11.0916 8.99741e-09
11.0916 2.60236e-13
11.0916 -2.60236e-13
11.0916 -2.22045e-16
11.0916 4.44089e-16
11.0916 2.22045e-16
11.0916 2.22045e-16
11.0917 -1.50419e-08
11.0916 0
11.0916 0
11.0916 -1.50817e-09
11.0917 -1.50419e-08
11.2184 0.000122172
11.0917 8.97868e-09
11.0917 2.58682e-13
11.0917 -2.58238e-13
11.0917 2.22045e-16
11.0917 -2.22045e-16
11.0917 2.22045e-16
11.0917 -1.50165e-08
11.0917 -2.22045e-16
11.0917 0
11.0917 0
11.0917 -1.50563e-09
11.0917 -1.50165e-08
11.2185 0.000122221
11.0918 8.95997e-09
11.0918 2.58016e-13
11.0918 -2.58238e-13
11.0918 0
11.0918 0
11.0918 -1.50309e-09
11.0918 -1.49911e-08
11.2185 0.000122269
11.0918 8.94129e-09
11.0918 2.56906e-13
11.0918 -2.56906e-13
11.0918 -2.22045e-16
11.0918 2.22045e-16
11.0918 2.22045e-16
11.0918 2.22045e-16
11.0919 -1.49657e-08
11.0918 0
11.0918 0
11.0918 -1.50055e-09
11.0919 -1.49657e-08
11.2186 0.000122318
11.0919 8.92263e-09
11.0919 2.55573e-13
11.0919 -2.55351e-13
11.0919 0
11.0919 0
11.0919 -1.49802e-09
11.0919 -1.49404e-08
11.2187 0.000122367
11.092 8.90399e-09
11.092 2.54685e-13
11.092 -2.54463e-13
11.092 0
11.092 0
11.092 -1.49548e-09
11.092 -1.49151e-08
11.2187 0.000122416
11.092 8.88537e-09
11.092 2.53797e-13
11.092 -2.54019e-13
11.092 0
11.092 0
11.092 -1.49295e-09
11.0921 -1.48897e-08
11.2188 0.000122464
11.0921 8.86678e-09
11.0921 2.52465e-13
11.0921 -2.52243e-13
11.0921 0
11.0921 0
11.0921 -1.49042e-09
11.0922 -1.48644e-08
11.2189 0.000122513
11.0922 8.8482e-09
11.0922 2.51132e-13
11.0922 -2.50688e-13
11.0922 -2.22045e-16
11.0922 4.44089e-16
11.0922 2.22045e-16
11.0922 2.22045e-16
11.0922 -1.48391e-08
11.0922 -2.22045e-16
11.0922 0
11.0922 0
11.0922 -1.48788e-09
11.0922 -1.48391e-08
11.219 0.000122562
11.0922 8.82965e-09
11.0922 2.50244e-13
11.0922 -2.50244e-13
11.0922 0
11.0922 0
11.0922 -1.48535e-09
11.0923 -1.48138e-08
11.219 0.000122611
11.0923 8.81112e-09
11.0923 2.49356e-13
11.0923 -2.49578e-13
11.0923 0
11.0923 0
11.0923 -1.48282e-09
11.0924 -1.47885e-08
11.2191 0.000122659
11.0924 8.79261e-09
11.0924 2.48024e-13
11.0924 -2.48024e-13
11.0924 2.22045e-16
11.0924 -2.22045e-16
11.0924 2.22045e-16
11.0924 -1.47632e-08
11.0924 -2.22045e-16
11.0924 0
11.0924 0
11.0924 -1.4803e-09
11.0924 -1.47632e-08
11.2192 0.000122708
11.0924 8.77412e-09
11.0924 2.47136e-13
11.0924 -2.47136e-13
11.0924 2.22045e-16
11.0924 -4.44089e-16
11.0924 2.22045e-16
11.0925 -1.47379e-08
11.0924 -2.22045e-16
11.0924 -2.22045e-16
11.0924 -2.22045e-16
11.0924 -2.22045e-16
11.0925 -1.47379e-08
11.2192 0.000122757
11.0925 8.75566e-09
11.0925 2.46247e-13
11.0925 -2.4647e-13
11.0925 2.22045e-16
11.0925 -2.22045e-16
11.0925 2.22045e-16
11.0926 -1.47127e-08
11.0925 -2.22045e-16
11.0925 -2.22045e-16
11.0925 0
11.0925 0
11.0925 -1.47524e-09
11.0926 -1.47127e-08
11.2193 0.000122805
11.0926 8.73721e-09
11.0926 2.44915e-13
11.0926 -2.44915e-13
11.0926 0
11.0926 0
11.0926 -1.47272e-09
11.0926 -1.46874e-08
11.2194 0.000122854
11.0927 8.71879e-09
11.0926 2.44027e-13
11.0926 -2.44027e-13
11.0926 -2.22045e-16
11.0926 6.66134e-16
11.0926 2.22045e-16
11.0926 2.22045e-16
11.0927 -1.46622e-08
11.0926 0
11.0926 0
11.0927 -1.47019e-09
11.0927 -1.46622e-08
11.2194 0.000122903
11.0927 8.70039e-09
11.0927 2.42695e-13
11.0927 -2.42473e-13
11.0927 0
11.0927 0
11.0927 -1.46767e-09
11.0928 -1.4637e-08
11.2195 0.000122951
11.0928 8.68201e-09
11.0928 2.41807e-13
11.0928 -2.41807e-13
11.0928 2.22045e-16
11.0928 -2.22045e-16
11.0928 2.22045e-16
11.0928 -1.46118e-08
11.0928 -2.22045e-16
11.0928 0
11.0928 0
11.0928 -1.46515e-09
11.0928 -1.46118e-08
11.2196 0.000123
11.0929 8.66366e-09
11.0929 2.40918e-13
11.0929 -2.40918e-13
11.0929 -2.22045e-16
11.0929 2.22045e-16
11.0929 0
11.0929 0
11.0929 -1.46262e-09
11.0929 -1.45865e-08
11.2197 0.000123048
11.0929 8.64532e-09
11.0929 2.39586e-13
11.0929 -2.39586e-13
11.0929 2.22045e-16
11.0929 -2.22045e-16
11.0929 2.22045e-16
11.093 -1.45613e-08
11.0929 -2.22045e-16
11.0929 0
11.0929 0
11.0929 -1.4601e-09
11.093 -1.45613e-08
11.2197 0.000123097
11.093 8.627e-09
11.093 2.38698e-13
11.093 -2.38476e-13
11.093 -2.22045e-16
11.093 6.66134e-16
11.093 2.22045e-16
11.093 2.22045e-16
11.0931 -1.45362e-08
11.093 0
11.093 0
11.093 -1.45758e-09
11.0931 -1.45362e-08
11.2198 0.000123145
11.0931 8.60871e-09
11.0931 2.37588e-13
11.0931 -2.37366e-13
11.0931 0
11.0931 0
11.0931 -1.45507e-09
11.0931 -1.4511e-08
11.2199 0.000123194
11.0931 8.59044e-09
11.0931 2.36922e-13
11.0931 -2.37144e-13
11.0931 0
11.0931 0
11.0931 -1.45255e-09
11.0932 -1.44858e-08
11.2199 0.000123242
11.0932 8.57219e-09
11.0932 2.35589e-13
11.0932 -2.35589e-13
11.0932 0
11.0932 0
11.0932 -1.45003e-09
11.0933 -1.44607e-08
11.22 0.000123291
11.0933 8.55396e-09
11.0933 2.34257e-13
11.0933 -2.34035e-13
11.0933 2.22045e-16
11.0933 -2.22045e-16
11.0933 2.22045e-16
11.0933 -1.44355e-08
11.0933 2.22045e-16
11.0933 -2.22045e-16
11.0933 -4.44089e-16
11.0933 -2.22045e-16
11.0933 -2.22045e-16
11.0933 -1.44355e-08
11.2201 0.000123339
11.0933 8.53575e-09
11.0933 2.33369e-13
11.0933 -2.33147e-13
11.0933 2.22045e-16
11.0933 -2.22045e-16
11.0933 2.22045e-16
11.0934 -1.44104e-08
11.0933 0
11.0933 0
11.0933 -1.445e-09
11.0934 -1.44104e-08
11.2201 0.000123388
11.0934 8.51756e-09
11.0934 2.32703e-13
11.0934 -2.32703e-13
11.0934 0
11.0934 0
11.0934 -1.44249e-09
11.0935 -1.43852e-08
11.2202 0.000123436
11.0935 8.4994e-09
11.0935 2.31593e-13
11.0935 -2.31593e-13
11.0935 -2.22045e-16
11.0935 2.22045e-16
11.0935 2.22045e-16
11.0935 2.22045e-16
11.0935 -1.43601e-08
11.0935 -2.22045e-16
11.0935 0
11.0935 0
11.0935 -1.43998e-09
11.0935 -1.43601e-08
11.2203 0.000123485
11.0935 8.48125e-09
11.0935 2.3026e-13
11.0935 -2.29816e-13
11.0935 0
11.0935 0
11.0935 -1.43747e-09
11.0936 -1.4335e-08
11.2203 0.000123533
11.0936 8.46313e-09
11.0936 2.29372e-13
11.0936 -2.29372e-13
11.0936 2.22045e-16
11.0936 2.22045e-16
11.0936 -4.44089e-16
11.0936 -4.44089e-16
11.0936 2.22045e-16
11.0937 -1.43099e-08
11.0936 -2.22045e-16
11.0936 -2.22045e-16
11.0936 -2.22045e-16
11.0936 -2.22045e-16
11.0937 -1.43099e-08
11.2204 0.000123582
11.0937 8.44503e-09
11.0937 2.28484e-13
11.0937 -2.28484e-13
11.0937 0
11.0937 0
11.0937 -1.43245e-09
11.0937 -1.42848e-08
11.2205 0.00012363
11.0938 8.42694e-09
11.0937 2.27374e-13
11.0937 -2.27374e-13
11.0937 0
11.0937 0
11.0938 -1.42994e-09
11.0938 -1.42598e-08
11.2206 0.000123679
11.0938 8.40888e-09
11.0938 2.26708e-13
11.0938 -2.27152e-13
11.0938 2.22045e-16
11.0938 -2.22045e-16
11.0938 2.22045e-16
11.0939 -1.42347e-08
11.0938 -2.22045e-16
11.0938 -2.22045e-16
11.0938 -2.22045e-16
11.0938 -2.22045e-16
11.0939 -1.42347e-08
11.2206 0.000123727
11.0939 8.39084e-09
11.0939 2.25375e-13
11.0939 -2.24931e-13
11.0939 2.22045e-16
11.0939 -2.22045e-16
11.0939 2.22045e-16
11.0939 -1.42096e-08
11.0939 -2.22045e-16
11.0939 -2.22045e-16
11.0939 0
11.0939 0
11.0939 -1.42493e-09
11.0939 -1.42096e-08
11.2207 0.000123775
11.094 8.37283e-09
11.094 2.24709e-13
11.094 -2.24709e-13
11.094 -2.22045e-16
11.094 2.22045e-16
11.094 2.22045e-16
11.094 2.22045e-16
11.094 -1.41846e-08
11.094 -2.22045e-16
11.094 2.22045e-16
11.094 2.22045e-16
11.094 -2.22045e-16
11.094 -1.41846e-08
11.2208 0.000123824
11.094 8.35483e-09
11.094 2.23599e-13
11.094 -2.23599e-13
11.094 0
11.094 0
11.094 -1.41992e-09
11.0941 -1.41596e-08
11.2208 0.000123872
11.0941 8.33685e-09
11.0941 2.22711e-13
11.0941 -2.22711e-13
11.0941 0
11.0941 0
11.0941 -1.41741e-09
11.0941 -1.41345e-08
11.2209 0.00012392
11.0942 8.31889e-09
11.0942 2.21601e-13
11.0942 -2.21378e-13
11.0942 0
11.0942 0
11.0942 -1.41491e-09
11.0942 -1.41095e-08
11.221 0.000123969
11.0942 8.30096e-09
11.0942 2.2049e-13
11.0942 -2.20268e-13
11.0942 2.22045e-16
11.0942 -2.22045e-16
11.0942 2.22045e-16
11.0943 -1.40845e-08
11.0942 -2.22045e-16
11.0942 0
11.0942 0
11.0942 -1.41241e-09
11.0943 -1.40845e-08
11.221 0.000124017
11.0943 8.28304e-09
11.0943 2.19602e-13
11.0943 -2.19602e-13
11.0943 -2.22045e-16
11.0943 4.44089e-16
11.0943 2.22045e-16
11.0943 2.22045e-16
11.0944 -1.40595e-08
11.0943 0
11.0943 0
11.0943 -1.40991e-09
11.0944 -1.40595e-08
11.2211 0.000124065
11.0944 8.26515e-09
11.0944 2.18714e-13
11.0944 -2.18714e-13
11.0944 -2.22045e-16
11.0944 2.22045e-16
11.0944 2.22045e-16
11.0944 2.22045e-16
11.0944 -1.40345e-08
11.0944 0
11.0944 0
11.0944 -1.40741e-09
11.0944 -1.40345e-08
11.2212 0.000124114
11.0944 8.24727e-09
11.0944 2.17826e-13
11.0944 -2.17826e-13
11.0944 0
11.0944 0
11.0944 -1.40491e-09
11.0945 -1.40096e-08
11.2212 0.000124162
11.0945 8.22942e-09
11.0945 2.16493e-13
11.0945 -2.16493e-13
11.0945 0
11.0945 0
11.0945 -1.40242e-09
11.0946 -1.39846e-08
11.2213 0.00012421
11.0946 8.21159e-09
11.0946 2.15605e-13
11.0946 -2.15605e-13
11.0946 0
11.0946 0
11.0946 -1.39992e-09
11.0946 -1.39596e-08
11.2214 0.000124258
11.0946 8.19378e-09
11.0946 2.14939e-13
11.0946 -2.15161e-13
11.0946 2.22045e-16
11.0946 -4.44089e-16
11.0946 2.22045e-16
11.0947 -1.39347e-08
11.0946 -4.44089e-16
11.0946 -2.22045e-16
11.0946 0
11.0946 0
11.0946 -1.39742e-09
11.0947 -1.39347e-08
11.2214 0.000124307
11.0947 8.17599e-09
11.0947 2.14051e-13
11.0947 -2.14273e-13
11.0947 0
11.0947 0
11.0947 -1.39493e-09
11.0948 -1.39098e-08
11.2215 0.000124355
11.0948 8.15821e-09
11.0948 2.12941e-13
11.0948 -2.12941e-13
11.0948 0
11.0948 0
11.0948 -1.39244e-09
11.0948 -1.38848e-08
11.2216 0.000124403
11.0948 8.14046e-09
11.0948 2.12053e-13
11.0948 -2.12053e-13
11.0948 0
11.0948 0
11.0948 -1.38994e-09
11.0949 -1.38599e-08
11.2217 0.000124451
11.0949 8.12273e-09
11.0949 2.10942e-13
11.0949 -2.10942e-13
11.0949 2.22045e-16
11.0949 -2.22045e-16
11.0949 2.22045e-16
11.095 -1.3835e-08
11.0949 -2.22045e-16
11.0949 -2.22045e-16
11.0949 2.22045e-16
11.0949 0
11.0949 0
11.0949 -1.38745e-09
11.095 -1.3835e-08
11.2217 0.000124499
11.095 8.10502e-09
11.095 2.10276e-13
11.095 -2.10276e-13
11.095 -2.22045e-16
11.095 4.44089e-16
11.095 2.22045e-16
11.095 2.22045e-16
11.095 -1.38101e-08
11.095 -2.22045e-16
11.095 -2.22045e-16
11.095 -2.22045e-16
11.095 -2.22045e-16
11.095 -1.38101e-08
11.2218 0.000124547
11.0951 8.08733e-09
11.095 2.08944e-13
11.095 -2.08722e-13
11.095 0
11.095 0
11.0951 -1.38247e-09
11.0951 -1.37852e-08
11.2219 0.000124596
11.0951 8.06966e-09
11.0951 2.08278e-13
11.0951 -2.085e-13
11.0951 2.22045e-16
11.0951 -2.22045e-16
11.0951 2.22045e-16
11.0952 -1.37603e-08
11.0951 -2.22045e-16
11.0951 0
11.0951 0
11.0951 -1.37999e-09
11.0952 -1.37603e-08
11.2219 0.000124644
11.0952 8.05202e-09
11.0952 2.07168e-13
11.0952 -2.07168e-13
11.0952 2.22045e-16
11.0952 0
11.0952 0
11.0952 -1.3775e-09
11.0952 -1.37355e-08
11.222 0.000124692
11.0953 8.03439e-09
11.0953 2.06279e-13
11.0953 -2.06279e-13
11.0953 2.22045e-16
11.0953 -2.22045e-16
11.0953 2.22045e-16
11.0953 -1.37106e-08
11.0953 -2.22045e-16
11.0953 -2.22045e-16
11.0953 2.22045e-16
11.0953 -2.22045e-16
11.0953 -2.22045e-16
11.0953 -1.37106e-08
11.2221 0.00012474
11.0953 8.01678e-09
11.0953 2.05391e-13
11.0953 -2.05169e-13
11.0953 -2.22045e-16
11.0953 2.22045e-16
11.0953 0
11.0953 0
11.0953 -1.37253e-09
11.0954 -1.36858e-08
11.2221 0.000124788
11.0954 7.99919e-09
11.0954 2.04503e-13
11.0954 -2.04503e-13
11.0954 0
11.0954 0
11.0954 -1.37004e-09
11.0954 -1.36609e-08
11.2222 0.000124836
11.0955 7.98162e-09
11.0955 2.03615e-13
11.0955 -2.03837e-13
11.0955 -2.22045e-16
11.0955 4.44089e-16
11.0955 0
11.0955 0
11.0955 -1.36756e-09
11.0955 -1.36361e-08
11.2223 0.000124884
11.0955 7.96407e-09
11.0955 2.02727e-13
11.0955 -2.02727e-13
11.0955 0
11.0955 0
11.0955 -1.36508e-09
11.0956 -1.36113e-08
11.2223 0.000124932
11.0956 7.94654e-09
11.0956 2.01839e-13
11.0956 -2.01839e-13
11.0956 -2.22045e-16
11.0956 2.22045e-16
11.0956 2.22045e-16
11.0956 2.22045e-16
11.0957 -1.35865e-08
11.0956 -2.22045e-16
11.0956 0
11.0956 0
11.0956 -1.3626e-09
11.0957 -1.35865e-08
11.2224 0.00012498
11.0957 7.92904e-09
11.0957 2.0095e-13
11.0957 -2.0095e-13
11.0957 -2.22045e-16
11.0957 2.22045e-16
11.0957 2.22045e-16
11.0957 2.22045e-16
11.0957 -1.35617e-08
11.0957 0
11.0957 0
11.0957 -1.36012e-09
11.0957 -1.35617e-08
11.2225 0.000125028
11.0957 7.91155e-09
11.0957 2.00062e-13
11.0957 -2.00062e-13
11.0957 0
11.0957 0
11.0957 -1.35764e-09
11.0958 -1.35369e-08
11.2225 0.000125076
11.0958 7.89408e-09
11.0958 1.99174e-13
11.0958 -1.99174e-13
11.0958 -2.22045e-16
11.0958 2.22045e-16
11.0958 2.22045e-16
11.0958 2.22045e-16
11.0959 -1.35121e-08
11.0958 -2.22045e-16
11.0958 -2.22045e-16
11.0958 2.22045e-16
11.0958 0
11.0958 0
11.0958 -1.35516e-09
11.0959 -1.35121e-08
11.2226 0.000125124
11.0959 7.87663e-09
11.0959 1.98286e-13
11.0959 -1.98286e-13
11.0959 0
11.0959 0
11.0959 -1.35268e-09
11.0959 -1.34874e-08
11.2227 0.000125172
11.0959 7.8592e-09
11.0959 1.97176e-13
11.0959 -1.97176e-13
11.0959 2.22045e-16
11.0959 -2.22045e-16
11.0959 2.22045e-16
11.096 -1.34626e-08
11.0959 -2.22045e-16
11.0959 0
11.0959 0
11.0959 -1.35021e-09
11.096 -1.34626e-08
11.2227 0.00012522
11.096 7.84179e-09
11.096 1.96287e-13
11.096 -1.96509e-13
11.096 0
11.096 0
11.096 -1.34773e-09
11.0961 -1.34379e-08
11.2228 0.000125268
11.0961 7.82441e-09
11.0961 1.95177e-13
11.0961 -1.94955e-13
11.0961 2.22045e-16
11.0961 -2.22045e-16
11.0961 2.22045e-16
11.0961 -1.34131e-08
11.0961 -2.22045e-16
11.0961 2.22045e-16
11.0961 -2.22045e-16
11.0961 -2.22045e-16
11.0961 -1.34131e-08
11.2229 0.000125316
11.0961 7.80704e-09
11.0961 1.94511e-13
11.0961 -1.94289e-13
11.0961 -2.22045e-16
11.0961 2.22045e-16
11.0961 0
11.0961 0
11.0961 -1.34278e-09
11.0962 -1.33884e-08
11.223 0.000125364
11.0962 7.78969e-09
11.0962 1.93845e-13
11.0962 -1.93845e-13
11.0962 -2.22045e-16
11.0962 2.22045e-16
11.0962 2.22045e-16
11.0962 2.22045e-16
11.0963 -1.33637e-08
11.0962 -2.22045e-16
11.0962 0
11.0962 0
11.0962 -1.34031e-09
11.0963 -1.33637e-08
11.223 0.000125412
11.0963 7.77236e-09
11.0963 1.92735e-13
11.0963 -1.92513e-13
11.0963 2.22045e-16
11.0963 -2.22045e-16
11.0963 2.22045e-16
11.0963 -1.3339e-08
11.0963 -4.44089e-16
11.0963 -2.22045e-16
11.0963 0
11.0963 0
11.0963 -1.33784e-09
11.0963 -1.3339e-08
11.2231 0.00012546
11.0963 7.75505e-09
11.0963 1.91847e-13
11.0963 -1.91847e-13
11.0963 0
11.0963 0
11.0963 -1.33537e-09
11.0964 -1.33143e-08
11.2232 0.000125508
11.0964 7.73776e-09
11.0964 1.9118e-13
11.0964 -1.9118e-13
11.0964 0
11.0964 0
11.0964 -1.3329e-09
11.0965 -1.32896e-08
11.2232 0.000125555
11.0965 7.72049e-09
11.0965 1.90514e-13
11.0965 -1.90736e-13
11.0965 -2.22045e-16
11.0965 2.22045e-16
11.0965 0
11.0965 0
11.0965 -1.33043e-09
11.0965 -1.32649e-08
11.2233 0.000125603
11.0965 7.70323e-09
11.0965 1.89404e-13
11.0965 -1.89404e-13
11.0965 0
11.0965 0
11.0965 -1.32796e-09
11.0966 -1.32402e-08
11.2234 0.000125651
11.0966 7.686e-09
11.0966 1.88516e-13
11.0966 -1.88516e-13
11.0966 0
11.0966 0
11.0966 -1.3255e-09
11.0967 -1.32156e-08
11.2234 0.000125699
11.0967 7.66879e-09
11.0967 1.87628e-13
11.0967 -1.87628e-13
11.0967 2.22045e-16
11.0967 -2.22045e-16
11.0967 2.22045e-16
11.0967 -1.31909e-08
11.0967 0
11.0967 0
11.0967 -1.32303e-09
11.0967 -1.31909e-08
11.2235 0.000125747
11.0967 -1.23706e-08
11.0967 -1.22719e-08
11.0967 -1.22482e-08
11.0967 -1.22584e-08
11.0967 -1.22584e-08
11.0967 -1.35792e-08
11.0968 -2.54268e-08
11.2237 0.000126057
11.0968 1.47412e-08
11.0968 6.91447e-13
11.0968 -6.91225e-13
11.0968 0
11.0968 0
11.0968 -1.3181e-09
11.0969 -1.31417e-08
11.2238 0.000126121
11.0969 7.61651e-09
11.0969 1.84519e-13
11.0969 -1.84297e-13
11.0969 -2.22045e-16
11.0969 4.44089e-16
11.0969 0
11.0969 0
11.0969 -1.31564e-09
11.0969 -1.3117e-08
11.2238 0.000126168
11.097 7.59938e-09
11.0969 1.83631e-13
11.0969 -1.83631e-13
11.0969 2.22045e-16
11.0969 -2.22045e-16
11.0969 2.22045e-16
11.097 -1.30924e-08
11.0969 0
11.0969 0
11.097 -1.31318e-09
11.097 -1.30924e-08
11.2239 0.000126216
11.097 7.58228e-09
11.097 1.82965e-13
11.097 -1.82965e-13
11.097 -2.22045e-16
11.097 4.44089e-16
11.097 2.22045e-16
11.097 2.22045e-16
11.0971 -1.30678e-08
11.097 -2.22045e-16
11.097 0
11.097 0
11.097 -1.31072e-09
11.0971 -1.30678e-08
11.224 0.000126264
11.0971 7.56519e-09
11.0971 1.82299e-13
11.0971 -1.82299e-13
11.0971 -2.22045e-16
11.0971 4.44089e-16
11.0971 2.22045e-16
11.0971 2.22045e-16
11.0971 -1.30432e-08
11.0971 -2.22045e-16
11.0971 0
11.0971 0
11.0971 -1.30826e-09
11.0971 -1.30432e-08
11.224 0.000126312
11.0972 7.54812e-09
11.0971 1.81188e-13
11.0971 -1.80966e-13
11.0971 2.22045e-16
11.0971 -2.22045e-16
11.0971 2.22045e-16
11.0972 -1.30187e-08
11.0971 -2.22045e-16
11.0971 -2.22045e-16
11.0971 0
11.0971 0
11.0972 -1.3058e-09
11.0972 -1.30187e-08
11.2241 0.000126359
11.0972 7.53107e-09
11.0972 1.803e-13
11.0972 -1.80078e-13
11.0972 2.22045e-16
11.0972 -2.22045e-16
11.0972 2.22045e-16
11.0973 -1.29941e-08
11.0972 -4.44089e-16
11.0972 -2.22045e-16
11.0972 0
11.0972 0
11.0972 -1.30334e-09
11.0973 -1.29941e-08
11.2242 0.000126407
11.0973 7.51404e-09
11.0973 1.79412e-13
11.0973 -1.7919e-13
11.0973 0
11.0973 0
11.0973 -1.30089e-09
11.0973 -1.29695e-08
11.2242 0.000126455
11.0974 7.49703e-09
11.0974 1.78746e-13
11.0974 -1.78746e-13
11.0974 0
11.0974 0
11.0974 -1.29843e-09
11.0974 -1.2945e-08
11.2243 0.000126503
11.0974 7.48004e-09
11.0974 1.77858e-13
11.0974 -1.77858e-13
11.0974 -2.22045e-16
11.0974 2.22045e-16
11.0974 0
11.0974 0
11.0974 -1.29598e-09
11.0975 -1.29205e-08
11.2244 0.00012655
11.0975 7.46306e-09
11.0975 1.76748e-13
11.0975 -1.76525e-13
11.0975 2.22045e-16
11.0975 0
11.0975 0
11.0975 -1.29353e-09
11.0975 -1.28959e-08
11.2244 0.000126598
11.0976 7.44611e-09
11.0976 1.76303e-13
11.0976 -1.76525e-13
11.0976 2.22045e-16
11.0976 -2.22045e-16
11.0976 2.22045e-16
11.0976 -1.28714e-08
11.0976 -2.22045e-16
11.0976 -2.22045e-16
11.0976 2.22045e-16
11.0976 0
11.0976 0
11.0976 -1.29107e-09
11.0976 -1.28714e-08
11.2245 0.000126646
11.0976 7.42917e-09
11.0976 1.75193e-13
11.0976 -1.74971e-13
11.0976 2.22045e-16
11.0976 -2.22045e-16
11.0976 2.22045e-16
11.0977 -1.28469e-08
11.0976 -2.22045e-16
11.0976 -2.22045e-16
11.0976 0
11.0976 0
11.0976 -1.28862e-09
11.0977 -1.28469e-08
11.2246 0.000126693
11.0977 7.41226e-09
11.0977 1.74305e-13
11.0977 -1.74083e-13
11.0977 2.22045e-16
11.0977 0
11.0977 0
11.0977 -1.28617e-09
11.0977 -1.28224e-08
11.2247 0.000126741
11.0978 7.39536e-09
11.0978 1.73861e-13
11.0978 -1.73861e-13
11.0978 -2.22045e-16
11.0978 2.22045e-16
11.0978 2.22045e-16
11.0978 2.22045e-16
11.0978 -1.27979e-08
11.0978 0
11.0978 0
11.0978 -1.28372e-09
11.0978 -1.27979e-08
11.2247 0.000126788
11.0978 7.37848e-09
11.0978 1.73195e-13
11.0978 -1.73417e-13
11.0978 0
11.0978 0
11.0978 -1.28127e-09
11.0979 -1.27734e-08
11.2248 0.000126836
11.0979 7.36162e-09
11.0979 1.72307e-13
11.0979 -1.72529e-13
11.0979 2.22045e-16
11.0979 -2.22045e-16
11.0979 2.22045e-16
11.0979 -1.27489e-08
11.0979 -2.22045e-16
11.0979 0
11.0979 0
11.0979 -1.27882e-09
11.0979 -1.27489e-08
11.2249 0.000126884
11.098 7.34478e-09
11.098 1.71418e-13
11.098 -1.71418e-13
11.098 -2.22045e-16
11.098 4.44089e-16
11.098 2.22045e-16
11.098 2.22045e-16
11.098 -1.27245e-08
11.098 -2.22045e-16
11.098 0
11.098 0
11.098 -1.27638e-09
11.098 -1.27245e-08
11.2249 0.000126931
11.098 7.32796e-09
11.098 1.70752e-13
11.098 -1.70974e-13
11.098 -2.22045e-16
11.098 4.44089e-16
11.098 0
11.098 0
11.098 -1.27393e-09
11.0981 -1.27e-08
11.225 0.000126979
11.0981 7.31116e-09
11.0981 1.69864e-13
11.0981 -1.69864e-13
11.0981 0
11.0981 0
11.0981 -1.27149e-09
11.0981 -1.26756e-08
11.2251 0.000127026
11.0982 7.29438e-09
11.0982 1.68976e-13
11.0982 -1.68976e-13
11.0982 0
11.0982 0
11.0982 -1.26904e-09
11.0982 -1.26512e-08
11.2251 0.000127074
11.0982 7.27761e-09
11.0982 1.6831e-13
11.0982 -1.68754e-13
11.0982 -2.22045e-16
11.0982 4.44089e-16
11.0982 2.22045e-16
11.0982 2.22045e-16
11.0983 -1.26267e-08
11.0982 -2.22045e-16
11.0982 2.22045e-16
11.0982 0
11.0982 0
11.0982 -1.2666e-09
11.0983 -1.26267e-08
11.2252 0.000127121
11.0983 7.26086e-09
11.0983 1.67422e-13
11.0983 -1.67422e-13
11.0983 0
11.0983 0
11.0983 -1.26416e-09
11.0984 -1.26023e-08
11.2253 0.000127169
11.0984 7.24414e-09
11.0984 1.66311e-13
11.0984 -1.66089e-13
11.0984 0
11.0984 0
11.0984 -1.26172e-09
11.0984 -1.25779e-08
11.2253 0.000127216
11.0984 7.22743e-09
11.0984 1.65867e-13
11.0984 -1.65867e-13
11.0984 0
11.0984 0
11.0984 -1.25928e-09
11.0985 -1.25535e-08
11.2254 0.000127264
11.0985 7.21074e-09
11.0985 1.64979e-13
11.0985 -1.64979e-13
11.0985 2.22045e-16
11.0985 0
11.0985 0
11.0985 -1.25684e-09
11.0986 -1.25291e-08
11.2255 0.000127311
11.0986 7.19407e-09
11.0986 1.64535e-13
11.0986 -1.64757e-13
11.0986 0
11.0986 0
11.0986 -1.2544e-09
11.0986 -1.25048e-08
11.2255 0.000127359
11.0986 7.17741e-09
11.0986 1.63203e-13
11.0986 -1.62981e-13
11.0986 0
11.0986 0
11.0986 -1.25196e-09
11.0987 -1.24804e-08
11.2256 0.000127406
11.0987 7.16078e-09
11.0987 1.62759e-13
11.0987 -1.62981e-13
11.0987 0
11.0987 0
11.0987 -1.24953e-09
11.0988 -1.2456e-08
11.2257 0.000127454
11.0988 7.14416e-09
11.0988 1.61871e-13
11.0988 -1.61648e-13
11.0988 0
11.0988 0
11.0988 -1.24709e-09
11.0988 -1.24317e-08
11.2257 0.000127501
11.0988 7.12756e-09
11.0988 1.61204e-13
11.0988 -1.61204e-13
11.0988 -2.22045e-16
11.0988 4.44089e-16
11.0988 2.22045e-16
11.0988 2.22045e-16
11.0989 -1.24073e-08
11.0988 -2.22045e-16
11.0988 0
11.0988 0
11.0988 -1.24466e-09
11.0989 -1.24073e-08
11.2258 0.000127549
11.0989 7.11098e-09
11.0989 1.60538e-13
11.0989 -1.60538e-13
11.0989 -2.22045e-16
11.0989 4.44089e-16
11.0989 2.22045e-16
11.0989 2.22045e-16
11.099 -1.2383e-08
11.0989 0
11.0989 0
11.0989 -1.24222e-09
11.099 -1.2383e-08
11.2259 0.000127596
11.099 7.09442e-09
11.099 1.5965e-13
11.099 -1.5965e-13
11.099 0
11.099 0
11.099 -1.23979e-09
11.099 -1.23587e-08
11.2259 0.000127643
11.099 7.07788e-09
11.099 1.58762e-13
11.099 -1.58762e-13
11.099 0
11.099 0
11.099 -1.23736e-09
11.0991 -1.23344e-08
11.226 0.000127691
11.0991 7.06136e-09
11.0991 1.58096e-13
11.0991 -1.58096e-13
11.0991 0
11.0991 0
11.0991 -1.23493e-09
11.0992 -1.23101e-08
11.2261 0.000127738
11.0992 7.04485e-09
11.0992 1.5743e-13
11.0992 -1.57652e-13
11.0992 2.22045e-16
11.0992 -2.22045e-16
11.0992 2.22045e-16
11.0992 -1.22858e-08
11.0992 -2.22045e-16
11.0992 -2.22045e-16
11.0992 2.22045e-16
11.0992 0
11.0992 0
11.0992 -1.2325e-09
11.0992 -1.22858e-08
11.2261 0.000127785
11.0992 7.02836e-09
11.0992 1.56541e-13
11.0992 -1.56541e-13
11.0992 2.22045e-16
11.0992 -2.22045e-16
11.0992 2.22045e-16
11.0993 -1.22615e-08
11.0992 -2.22045e-16
11.0992 -2.22045e-16
11.0992 -2.22045e-16
11.0992 -2.22045e-16
11.0993 -1.22615e-08
11.2262 0.000127833
11.0993 7.01189e-09
11.0993 1.55875e-13
11.0993 -1.56097e-13
11.0993 -2.22045e-16
11.0993 2.22045e-16
11.0993 2.22045e-16
11.0993 2.22045e-16
11.0994 -1.22372e-08
11.0993 0
11.0993 0
11.0993 -1.22764e-09
11.0994 -1.22372e-08
11.2263 0.00012788
11.0994 6.99544e-09
11.0994 1.54987e-13
11.0994 -1.55209e-13
11.0994 2.22045e-16
11.0994 0
11.0994 0
11.0994 -1.22522e-09
11.0994 -1.2213e-08
11.2263 0.000127927
11.0994 6.97901e-09
11.0994 1.54321e-13
11.0994 -1.54321e-13
11.0994 -2.22045e-16
11.0994 2.22045e-16
11.0994 2.22045e-16
11.0994 2.22045e-16
11.0995 -1.21887e-08
11.0994 -2.22045e-16
11.0994 2.22045e-16
11.0994 0
11.0994 0
11.0994 -1.22279e-09
11.0995 -1.21887e-08
11.2264 0.000127975
11.0995 6.9626e-09
11.0995 1.53433e-13
11.0995 -1.53211e-13
11.0995 2.22045e-16
11.0995 0
11.0995 0
11.0995 -1.22036e-09
11.0996 -1.21645e-08
11.2265 0.000128022
11.0996 6.9462e-09
11.0996 1.52545e-13
11.0996 -1.52323e-13
11.0996 2.22045e-16
11.0996 -2.22045e-16
11.0996 2.22045e-16
11.0996 -1.21403e-08
11.0996 -2.22045e-16
11.0996 -2.22045e-16
11.0996 2.22045e-16
11.0996 -2.22045e-16
11.0996 -2.22045e-16
11.0996 -1.21403e-08
11.2265 0.000128069
11.0996 6.92982e-09
11.0996 1.52101e-13
11.0996 -1.52101e-13
11.0996 2.22045e-16
11.0996 0
11.0996 0
11.0996 -1.21552e-09
11.0997 -1.2116e-08
11.2266 0.000128116
11.0997 6.91346e-09
11.0997 1.51434e-13
11.0997 -1.51434e-13
11.0997 0
11.0997 0
11.0997 -1.2131e-09
11.0998 -1.20918e-08
11.2267 0.000128164
11.0998 6.89712e-09
11.0998 1.50768e-13
11.0998 -1.50768e-13
11.0998 -2.22045e-16
11.0998 2.22045e-16
11.0998 0
11.0998 0
11.0998 -1.21067e-09
11.0998 -1.20676e-08
11.2267 0.000128211
11.0998 6.88079e-09
11.0998 1.4988e-13
11.0998 -1.4988e-13
11.0998 2.22045e-16
11.0998 -2.22045e-16
11.0998 2.22045e-16
11.0999 -1.20434e-08
11.0998 0
11.0998 0
11.0998 -1.20826e-09
11.0999 -1.20434e-08
11.2268 0.000128258
11.0999 6.86449e-09
11.0999 1.49436e-13
11.0999 -1.49658e-13
11.0999 0
11.0999 0
11.0999 -1.20584e-09
11.1 -1.20192e-08
11.2269 0.000128305
11.1 6.8482e-09
11.1 1.48548e-13
11.1 -1.48548e-13
11.1 0
11.1 0
11.1 -1.20342e-09
11.1 -1.1995e-08
11.2269 0.000128353
11.1 6.83193e-09
11.1 1.47882e-13
11.1 -1.48104e-13
11.1 0
11.1 0
11.1 -1.201e-09
11.1001 -1.19709e-08
11.227 0.0001284
11.1001 6.81568e-09
11.1001 1.46771e-13
11.1001 -1.46771e-13
11.1001 4.44089e-16
11.1001 -2.22045e-16
11.1001 0
11.1001 0
11.1001 -1.19858e-09
11.1002 -1.19467e-08
11.2271 0.000128447
11.1002 6.79944e-09
11.1002 1.46327e-13
11.1002 -1.46105e-13
11.1002 0
11.1002 0
11.1002 -1.19617e-09
11.1002 -1.19226e-08
11.2271 0.000128494
11.1002 6.78322e-09
11.1002 1.45661e-13
11.1002 -1.45439e-13
11.1002 -2.22045e-16
11.1002 4.44089e-16
11.1002 0
11.1002 0
11.1002 -1.19375e-09
11.1003 -1.18984e-08
11.2272 0.000128541
11.1003 6.76702e-09
11.1003 1.44995e-13
11.1003 -1.44995e-13
11.1003 0
11.1003 0
11.1003 -1.19134e-09
11.1004 -1.18743e-08
11.2273 0.000128588
11.1004 6.75084e-09
11.1004 1.44329e-13
11.1004 -1.44551e-13
11.1004 0
11.1004 0
11.1004 -1.18893e-09
11.1004 -1.18502e-08
11.2273 0.000128636
11.1004 6.73468e-09
11.1004 1.43219e-13
11.1004 -1.42997e-13
11.1004 2.22045e-16
11.1004 -2.22045e-16
11.1004 2.22045e-16
11.1005 -1.18261e-08
11.1004 -2.22045e-16
11.1004 0
11.1004 0
11.1004 -1.18652e-09
11.1005 -1.18261e-08
11.2274 0.000128683
11.1005 6.71853e-09
11.1005 1.42775e-13
11.1005 -1.42775e-13
11.1005 0
11.1005 0
11.1005 -1.1841e-09
11.1006 -1.1802e-08
11.2275 0.00012873
11.1006 6.7024e-09
11.1006 1.41887e-13
11.1006 -1.41442e-13
11.1006 0
11.1006 0
11.1006 -1.18169e-09
11.1006 -1.17779e-08
11.2275 0.000128777
11.1006 6.68629e-09
11.1006 1.41442e-13
11.1006 -1.41442e-13
11.1006 0
11.1006 0
11.1006 -1.17929e-09
11.1007 -1.17538e-08
11.2276 0.000128824
11.1007 6.67019e-09
11.1007 1.40998e-13
11.1007 -1.4122e-13
11.1007 -2.22045e-16
11.1007 4.44089e-16
11.1007 0
11.1007 0
11.1007 -1.17688e-09
11.1008 -1.17297e-08
11.2277 0.000128871
11.1008 6.65411e-09
11.1008 1.4011e-13
11.1008 -1.4011e-13
11.1008 0
11.1008 0
11.1008 -1.17447e-09
11.1008 -1.17056e-08
11.2277 0.000128918
11.1008 6.63805e-09
11.1008 1.39222e-13
11.1008 -1.39e-13
11.1008 2.22045e-16
11.1008 -2.22045e-16
11.1008 2.22045e-16
11.1009 -1.16816e-08
11.1008 -2.22045e-16
11.1008 0
11.1008 0
11.1008 -1.17206e-09
11.1009 -1.16816e-08
11.2278 0.000128965
11.1009 6.62201e-09
11.1009 1.38778e-13
11.1009 -1.38778e-13
11.1009 -2.22045e-16
11.1009 4.44089e-16
11.1009 0
11.1009 0
11.1009 -1.16966e-09
11.101 -1.16575e-08
11.2279 0.000129012
11.101 6.60599e-09
11.101 1.3789e-13
11.101 -1.3789e-13
11.101 0
11.101 0
11.101 -1.16725e-09
11.101 -1.16335e-08
11.2279 0.000129059
11.101 6.58998e-09
11.101 1.37224e-13
11.101 -1.37224e-13
11.101 2.22045e-16
11.101 -2.22045e-16
11.101 2.22045e-16
11.1011 -1.16095e-08
11.101 0
11.101 0
11.101 -1.16485e-09
11.1011 -1.16095e-08
11.228 0.000129106
11.1011 6.57399e-09
11.1011 1.36557e-13
11.1011 -1.36557e-13
11.1011 -2.22045e-16
11.1011 4.44089e-16
11.1011 2.22045e-16
11.1011 2.22045e-16
11.1012 -1.15855e-08
11.1011 0
11.1011 0
11.1011 -1.16245e-09
11.1012 -1.15855e-08
11.2281 0.000129153
11.1012 6.55802e-09
11.1012 1.36113e-13
11.1012 -1.36113e-13
11.1012 -2.22045e-16
11.1012 2.22045e-16
11.1012 2.22045e-16
11.1012 2.22045e-16
11.1012 -1.15614e-08
11.1012 -2.22045e-16
11.1012 0
11.1012 0
11.1012 -1.16005e-09
11.1012 -1.15614e-08
11.2281 0.0001292
11.1012 6.54206e-09
11.1012 1.35447e-13
11.1012 -1.35669e-13
11.1012 -2.22045e-16
11.1012 2.22045e-16
11.1012 2.22045e-16
11.1012 2.22045e-16
11.1013 -1.15374e-08
11.1012 0
11.1012 0
11.1012 -1.15765e-09
11.1013 -1.15374e-08
11.2282 0.000129247
11.1013 6.52613e-09
11.1013 1.34559e-13
11.1013 -1.34559e-13
11.1013 2.22045e-16
11.1013 -2.22045e-16
11.1013 2.22045e-16
11.1014 -1.15135e-08
11.1013 -2.22045e-16
11.1013 0
11.1013 0
11.1013 -1.15525e-09
11.1014 -1.15135e-08
11.2283 0.000129294
11.1014 6.51021e-09
11.1014 1.33893e-13
11.1014 -1.33893e-13
11.1014 2.22045e-16
11.1014 -2.22045e-16
11.1014 2.22045e-16
11.1014 -1.14895e-08
11.1014 0
11.1014 0
11.1014 -1.15285e-09
11.1014 -1.14895e-08
11.2283 0.000129341
11.1014 6.4943e-09
11.1014 1.33449e-13
11.1014 -1.33449e-13
11.1014 -2.22045e-16
11.1014 2.22045e-16
11.1014 2.22045e-16
11.1014 2.22045e-16
11.1015 -1.14655e-08
11.1014 -2.22045e-16
11.1014 -2.22045e-16
11.1014 -2.22045e-16
11.1014 -2.22045e-16
11.1015 -1.14655e-08
11.2284 0.000129388
11.1015 6.47842e-09
11.1015 1.32561e-13
11.1015 -1.32561e-13
11.1015 2.22045e-16
11.1015 -2.22045e-16
11.1015 2.22045e-16
11.1015 -1.14415e-08
11.1015 -2.22045e-16
11.1015 2.22045e-16
11.1015 0
11.1015 0
11.1015 -1.14805e-09
11.1015 -1.14415e-08
11.2285 0.000129435
11.1016 6.46255e-09
11.1016 1.31894e-13
11.1016 -1.31672e-13
11.1016 0
11.1016 0
11.1016 -1.14566e-09
11.1016 -1.14176e-08
11.2285 0.000129482
11.1016 6.4467e-09
11.1016 1.31228e-13
11.1016 -1.31006e-13
11.1016 2.22045e-16
11.1016 -2.22045e-16
11.1016 2.22045e-16
11.1017 -1.13936e-08
11.1016 -2.22045e-16
11.1016 0
11.1016 0
11.1016 -1.14326e-09
11.1017 -1.13936e-08
11.2286 0.000129529
11.1017 6.43087e-09
11.1017 1.30784e-13
11.1017 -1.30784e-13
11.1017 2.22045e-16
11.1017 -2.22045e-16
11.1017 2.22045e-16
11.1017 -1.13697e-08
11.1017 -2.22045e-16
11.1017 0
11.1017 0
11.1017 -1.14087e-09
11.1017 -1.13697e-08
11.2287 0.000129576
11.1018 6.41505e-09
11.1018 1.29896e-13
11.1018 -1.29896e-13
11.1018 2.22045e-16
11.1018 -2.22045e-16
11.1018 2.22045e-16
11.1018 -1.13458e-08
11.1018 0
11.1018 0
11.1018 -1.13848e-09
11.1018 -1.13458e-08
11.2287 0.000129623
11.1018 6.39925e-09
11.1018 1.2923e-13
11.1018 -1.2923e-13
11.1018 2.22045e-16
11.1018 0
11.1018 0
11.1018 -1.13608e-09
11.1019 -1.13219e-08
11.2288 0.00012967
11.1019 6.38347e-09
11.1019 1.28786e-13
11.1019 -1.28564e-13
11.1019 -2.22045e-16
11.1019 2.22045e-16
11.1019 2.22045e-16
11.1019 2.22045e-16
11.1019 -1.1298e-08
11.1019 -2.22045e-16
11.1019 2.22045e-16
11.1019 0
11.1019 0
11.1019 -1.13369e-09
11.1019 -1.1298e-08
11.2289 0.000129716
11.102 6.36771e-09
11.102 1.2812e-13
11.102 -1.28342e-13
11.102 -2.22045e-16
11.102 4.44089e-16
11.102 2.22045e-16
11.102 2.22045e-16
11.102 -1.12741e-08
11.102 0
11.102 0
11.102 -1.1313e-09
11.102 -1.12741e-08
11.2289 0.000129763
11.102 6.35196e-09
11.102 1.27232e-13
11.102 -1.27232e-13
11.102 2.22045e-16
11.102 -2.22045e-16
11.102 2.22045e-16
11.1021 -1.12502e-08
11.102 -2.22045e-16
11.102 -2.22045e-16
11.102 2.22045e-16
11.102 0
11.102 0
11.102 -1.12891e-09
11.1021 -1.12502e-08
11.229 0.00012981
11.1021 6.33623e-09
11.1021 1.26787e-13
11.1021 -1.26787e-13
11.1021 0
11.1021 0
11.1021 -1.12652e-09
11.1021 -1.12263e-08
11.2291 0.000129857
11.1022 6.32052e-09
11.1021 1.26121e-13
11.1021 -1.25899e-13
11.1021 0
11.1021 0
11.1022 -1.12414e-09
11.1022 -1.12024e-08
11.2291 0.000129904
11.1022 6.30482e-09
11.1022 1.25455e-13
11.1022 -1.25455e-13
11.1022 2.22045e-16
11.1022 -2.22045e-16
11.1022 2.22045e-16
11.1023 -1.11785e-08
11.1022 0
11.1022 0
11.1022 -1.12175e-09
11.1023 -1.11785e-08
11.2292 0.000129951
11.1023 6.28914e-09
11.1023 1.25011e-13
11.1023 -1.25011e-13
11.1023 -2.22045e-16
11.1023 2.22045e-16
11.1023 0
11.1023 0
11.1023 -1.11936e-09
11.1023 -1.11547e-08
11.2293 0.000129997
11.1024 6.27348e-09
11.1023 1.24345e-13
11.1023 -1.24567e-13
11.1023 -2.22045e-16
11.1023 4.44089e-16
11.1023 2.22045e-16
11.1023 2.22045e-16
11.1024 -1.11308e-08
11.1023 0
11.1023 0
11.1024 -1.11698e-09
11.1024 -1.11308e-08
11.2293 0.000130044
11.1024 6.25783e-09
11.1024 1.23679e-13
11.1024 -1.23901e-13
11.1024 2.22045e-16
11.1024 0
11.1024 0
11.1024 -1.11459e-09
11.1025 -1.1107e-08
11.2294 0.000130091
11.1025 6.2422e-09
11.1025 1.22791e-13
11.1025 -1.22791e-13
11.1025 2.22045e-16
11.1025 0
11.1025 0
11.1025 -1.11221e-09
11.1025 -1.10832e-08
11.2295 0.000130138
11.1025 6.22659e-09
11.1025 1.22125e-13
11.1025 -1.22125e-13
11.1025 0
11.1025 0
11.1026 -1.10983e-09
11.1026 -1.10594e-08
11.2295 0.000130184
11.1026 6.211e-09
11.1026 1.21458e-13
11.1026 -1.21236e-13
11.1026 2.22045e-16
11.1026 -2.22045e-16
11.1026 2.22045e-16
11.1027 -1.10356e-08
11.1026 -4.44089e-16
11.1026 -2.22045e-16
11.1026 0
11.1026 0
11.1026 -1.10745e-09
11.1027 -1.10356e-08
11.2296 0.000130231
11.1027 6.19542e-09
11.1027 1.21014e-13
11.1027 -1.21014e-13
11.1027 2.22045e-16
11.1027 -2.22045e-16
11.1027 2.22045e-16
11.1027 -1.10118e-08
11.1027 -2.22045e-16
11.1027 0
11.1027 0
11.1027 -1.10507e-09
11.1027 -1.10118e-08
11.2297 0.000130278
11.1027 6.17986e-09
11.1027 1.20348e-13
11.1027 -1.20126e-13
11.1027 0
11.1027 0
11.1027 -1.10269e-09
11.1028 -1.0988e-08
11.2297 0.000130325
11.1028 6.16431e-09
11.1028 1.19904e-13
11.1028 -1.19682e-13
11.1028 2.22045e-16
11.1028 -4.44089e-16
11.1028 2.22045e-16
11.1029 -1.09642e-08
11.1028 -4.44089e-16
11.1028 0
11.1028 0
11.1028 -1.10031e-09
11.1029 -1.09642e-08
11.2298 0.000130371
11.1029 6.14879e-09
11.1029 1.19238e-13
11.1029 -1.19238e-13
11.1029 0
11.1029 0
11.1029 -1.09793e-09
11.1029 -1.09404e-08
11.2299 0.000130418
11.1029 6.13328e-09
11.1029 1.18794e-13
11.1029 -1.19016e-13
11.1029 -2.22045e-16
11.1029 2.22045e-16
11.1029 2.22045e-16
11.1029 2.22045e-16
11.103 -1.09167e-08
11.1029 0
11.1029 0
11.1029 -1.09555e-09
11.103 -1.09167e-08
11.2299 0.000130465
11.103 6.11778e-09
11.103 1.17906e-13
11.103 -1.18128e-13
11.103 -2.22045e-16
11.103 6.66134e-16
11.103 2.22045e-16
11.103 2.22045e-16
11.1031 -1.08929e-08
11.103 0
11.103 0
11.103 -1.09318e-09
11.1031 -1.08929e-08
11.23 0.000130511
11.1031 6.1023e-09
11.1031 1.17462e-13
11.1031 -1.17906e-13
11.1031 0
11.1031 0
11.1031 -1.0908e-09
11.1031 -1.08692e-08
11.2301 0.000130558
11.1031 6.08684e-09
11.1031 1.17018e-13
11.1031 -1.1724e-13
11.1031 0
11.1031 0
11.1031 -1.08843e-09
11.1032 -1.08454e-08
11.2301 0.000130604
11.1032 6.0714e-09
11.1032 1.16129e-13
11.1032 -1.16129e-13
11.1032 2.22045e-16
11.1032 -2.22045e-16
11.1032 2.22045e-16
11.1033 -1.08217e-08
11.1032 -2.22045e-16
11.1032 -2.22045e-16
11.1032 -2.22045e-16
11.1032 -2.22045e-16
11.1033 -1.08217e-08
11.2302 0.000130651
11.1033 6.05597e-09
11.1033 1.15463e-13
11.1033 -1.15463e-13
11.1033 2.22045e-16
11.1033 -2.22045e-16
11.1033 2.22045e-16
11.1033 -1.0798e-08
11.1033 -2.22045e-16
11.1033 0
11.1033 0
11.1033 -1.08368e-09
11.1033 -1.0798e-08
11.2303 0.000130698
11.1033 6.04056e-09
11.1033 1.14797e-13
11.1033 -1.14797e-13
11.1033 0
11.1033 0
11.1033 -1.08131e-09
11.1034 -1.07743e-08
11.2303 0.000130744
11.1034 6.02516e-09
11.1034 1.14353e-13
11.1034 -1.14353e-13
11.1034 2.22045e-16
11.1034 -2.22045e-16
11.1034 2.22045e-16
11.1035 -1.07506e-08
11.1034 -2.22045e-16
11.1034 2.22045e-16
11.1034 0
11.1034 0
11.1034 -1.07894e-09
11.1035 -1.07506e-08
11.2304 0.000130791
11.1035 6.00979e-09
11.1035 1.13909e-13
11.1035 -1.13909e-13
11.1035 -2.22045e-16
11.1035 2.22045e-16
11.1035 2.22045e-16
11.1035 2.22045e-16
11.1035 -1.07269e-08
11.1035 -2.22045e-16
11.1035 0
11.1035 0
11.1035 -1.07657e-09
11.1035 -1.07269e-08
11.2305 0.000130837
11.1035 5.99443e-09
11.1035 1.13021e-13
11.1035 -1.12799e-13
11.1035 0
11.1035 0
11.1035 -1.0742e-09
11.1036 -1.07032e-08
11.2305 0.000130884
11.1036 5.97908e-09
11.1036 1.12577e-13
11.1036 -1.12577e-13
11.1036 0
11.1036 0
11.1036 -1.07184e-09
11.1037 -1.06795e-08
11.2306 0.00013093
11.1037 5.96375e-09
11.1037 1.12133e-13
11.1037 -1.12133e-13
11.1037 -2.22045e-16
11.1037 2.22045e-16
11.1037 2.22045e-16
11.1037 2.22045e-16
11.1037 -1.06559e-08
11.1037 -2.22045e-16
11.1037 -2.22045e-16
11.1037 0
11.1037 0
11.1037 -1.06947e-09
11.1037 -1.06559e-08
11.2307 0.000130977
11.1037 5.94844e-09
11.1037 1.11466e-13
11.1037 -1.11688e-13
11.1037 0
11.1037 0
11.1037 -1.0671e-09
11.1038 -1.06322e-08
11.2307 0.000131023
11.1038 5.93314e-09
11.1038 1.108e-13
11.1038 -1.108e-13
11.1038 2.22045e-16
11.1038 -2.22045e-16
11.1038 2.22045e-16
11.1039 -1.06086e-08
11.1038 -2.22045e-16
11.1038 -2.22045e-16
11.1038 0
11.1038 0
11.1038 -1.06474e-09
11.1039 -1.06086e-08
11.2308 0.00013107
11.1039 5.91786e-09
11.1039 1.10356e-13
11.1039 -1.10356e-13
11.1039 2.22045e-16
11.1039 -4.44089e-16
11.1039 2.22045e-16
11.1039 -1.05849e-08
11.1039 -2.22045e-16
11.1039 -2.22045e-16
11.1039 0
11.1039 0
11.1039 -1.06237e-09
11.1039 -1.05849e-08
11.2309 0.000131116
11.1039 5.9026e-09
11.1039 1.09468e-13
11.1039 -1.09468e-13
11.1039 2.22045e-16
11.1039 -2.22045e-16
11.1039 2.22045e-16
11.104 -1.05613e-08
11.1039 -2.22045e-16
11.1039 2.22045e-16
11.1039 -2.22045e-16
11.1039 0
11.1039 0
11.1039 -1.06001e-09
11.104 -1.05613e-08
11.2309 0.000131163
11.104 5.88735e-09
11.104 1.09024e-13
11.104 -1.09024e-13
11.104 2.22045e-16
11.104 -2.22045e-16
11.104 2.22045e-16
11.104 -1.05377e-08
11.104 -2.22045e-16
11.104 -2.22045e-16
11.104 0
11.104 0
11.104 -1.05765e-09
11.104 -1.05377e-08
11.231 0.000131209
11.1041 5.87212e-09
11.1041 1.0858e-13
11.1041 -1.08802e-13
11.1041 2.22045e-16
11.1041 -2.22045e-16
11.1041 2.22045e-16
11.1041 -1.05141e-08
11.1041 -2.22045e-16
11.1041 -2.22045e-16
11.1041 0
11.1041 0
11.1041 -1.05529e-09
11.1041 -1.05141e-08
11.2311 0.000131256
11.1041 5.85691e-09
11.1041 1.08136e-13
11.1041 -1.08136e-13
11.1041 0
11.1041 0
11.1041 -1.05293e-09
11.1042 -1.04905e-08
11.2311 0.000131302
11.1042 5.84171e-09
11.1042 1.07248e-13
11.1042 -1.07248e-13
11.1042 2.22045e-16
11.1042 2.22045e-16
11.1042 -6.66134e-16
11.1042 -2.22045e-16
11.1042 2.22045e-16
11.1042 -1.04669e-08
11.1042 -2.22045e-16
11.1042 -2.22045e-16
11.1042 -2.22045e-16
11.1042 -2.22045e-16
11.1042 -1.04669e-08
11.2312 0.000131349
11.1043 5.82653e-09
11.1042 1.06803e-13
11.1042 -1.06803e-13
11.1042 0
11.1042 0
11.1043 -1.04821e-09
11.1043 -1.04433e-08
11.2313 0.000131395
11.1043 5.81136e-09
11.1043 1.06359e-13
11.1043 -1.06359e-13
11.1043 -2.22045e-16
11.1043 2.22045e-16
11.1043 2.22045e-16
11.1043 2.22045e-16
11.1044 -1.04197e-08
11.1043 -2.22045e-16
11.1043 0
11.1043 0
11.1043 -1.04585e-09
11.1044 -1.04197e-08
11.2313 0.000131441
11.1044 5.79621e-09
11.1044 1.05693e-13
11.1044 -1.05693e-13
11.1044 2.22045e-16
11.1044 -2.22045e-16
11.1044 2.22045e-16
11.1044 -1.03962e-08
11.1044 -2.22045e-16
11.1044 -2.22045e-16
11.1044 0
11.1044 0
11.1044 -1.04349e-09
11.1044 -1.03962e-08
11.2314 0.000131488
11.1044 5.78108e-09
11.1044 1.05027e-13
11.1044 -1.04805e-13
11.1044 2.22045e-16
11.1044 -2.22045e-16
11.1044 2.22045e-16
11.1045 -1.03726e-08
11.1044 -2.22045e-16
11.1044 0
11.1044 0
11.1045 -1.04114e-09
11.1045 -1.03726e-08
11.2315 0.000131534
11.1045 5.76596e-09
11.1045 1.04583e-13
11.1045 -1.04361e-13
11.1045 -2.22045e-16
11.1045 2.22045e-16
11.1045 2.22045e-16
11.1045 2.22045e-16
11.1046 -1.03491e-08
11.1045 -2.22045e-16
11.1045 -2.22045e-16
11.1045 0
11.1045 0
11.1045 -1.03878e-09
11.1046 -1.03491e-08
11.2315 0.00013158
11.1046 5.75086e-09
11.1046 1.03917e-13
11.1046 -1.04139e-13
11.1046 2.22045e-16
11.1046 -2.22045e-16
11.1046 2.22045e-16
11.1046 -1.03255e-08
11.1046 -2.22045e-16
11.1046 0
11.1046 0
11.1046 -1.03643e-09
11.1046 -1.03255e-08
11.2316 0.000131627
11.1046 5.73578e-09
11.1046 1.03473e-13
11.1046 -1.03473e-13
11.1046 0
11.1046 0
11.1046 -1.03407e-09
11.1047 -1.0302e-08
11.2317 0.000131673
11.1047 5.72071e-09
11.1047 1.02807e-13
11.1047 -1.02807e-13
11.1047 0
11.1047 0
11.1047 -1.03172e-09
11.1048 -1.02785e-08
11.2317 0.000131719
11.1048 5.70565e-09
11.1048 1.02363e-13
11.1048 -1.02363e-13
11.1048 -2.22045e-16
11.1048 4.44089e-16
11.1048 2.22045e-16
11.1048 2.22045e-16
11.1048 -1.0255e-08
11.1048 0
11.1048 0
11.1048 -1.02937e-09
11.1048 -1.0255e-08
11.2318 0.000131766
11.1048 5.69062e-09
11.1048 1.01696e-13
11.1048 -1.01474e-13
11.1048 2.22045e-16
11.1048 -2.22045e-16
11.1048 2.22045e-16
11.1049 -1.02315e-08
11.1048 -2.22045e-16
11.1048 -2.22045e-16
11.1048 2.22045e-16
11.1048 -2.22045e-16
11.1048 -2.22045e-16
11.1049 -1.02315e-08
11.2318 0.000131812
11.1049 5.6756e-09
11.1049 1.01252e-13
11.1049 -1.01474e-13
11.1049 -2.22045e-16
11.1049 4.44089e-16
11.1049 2.22045e-16
11.1049 2.22045e-16
11.105 -1.0208e-08
11.1049 2.22045e-16
11.1049 -2.22045e-16
11.1049 -2.22045e-16
11.1049 -2.22045e-16
11.1049 -2.22045e-16
11.105 -1.0208e-08
11.2319 0.000131858
11.105 5.66059e-09
11.105 1.00586e-13
11.105 -1.00586e-13
11.105 0
11.105 0
11.105 -1.02232e-09
11.105 -1.01845e-08
11.232 0.000131905
11.105 5.6456e-09
11.105 1.00142e-13
11.105 -1.00142e-13
11.105 2.22045e-16
11.105 0
11.105 0
11.105 -1.01997e-09
11.1051 -1.0161e-08
11.232 0.000131951
11.1051 5.63063e-09
11.1051 9.9476e-14
11.1051 -9.92539e-14
11.1051 0
11.1051 0
11.1051 -1.01763e-09
11.1052 -1.01375e-08
11.2321 0.000131997
11.1052 5.61567e-09
11.1052 9.90319e-14
11.1052 -9.88098e-14
11.1052 0
11.1052 0
11.1052 -1.01528e-09
11.1052 -1.01141e-08
11.2322 0.000132043
11.1052 5.60073e-09
11.1052 9.85878e-14
11.1052 -9.85878e-14
11.1052 0
11.1052 0
11.1052 -1.01293e-09
11.1053 -1.00906e-08
11.2322 0.00013209
11.1053 5.5858e-09
11.1053 9.76996e-14
11.1053 -9.74776e-14
11.1053 0
11.1053 0
11.1053 -1.01059e-09
11.1054 -1.00672e-08
11.2323 0.000132136
11.1054 5.57089e-09
11.1054 9.74776e-14
11.1054 -9.74776e-14
11.1054 0
11.1054 0
11.1054 -1.00825e-09
11.1054 -1.00438e-08
11.2324 0.000132182
11.1054 5.556e-09
11.1054 9.70335e-14
11.1054 -9.70335e-14
11.1054 -2.22045e-16
11.1054 4.44089e-16
11.1054 2.22045e-16
11.1054 2.22045e-16
11.1055 -1.00203e-08
11.1054 -2.22045e-16
11.1054 2.22045e-16
11.1054 0
11.1054 0
11.1054 -1.0059e-09
11.1055 -1.00203e-08
11.2324 0.000132228
11.1055 5.54112e-09
11.1055 9.63674e-14
11.1055 -9.63674e-14
11.1055 2.22045e-16
11.1055 -2.22045e-16
11.1055 2.22045e-16
11.1055 -9.99693e-09
11.1055 -2.22045e-16
11.1055 -2.22045e-16
11.1055 0
11.1055 0
11.1055 -1.00356e-09
11.1055 -9.99693e-09
11.2325 0.000132274
11.1056 5.52625e-09
11.1056 9.59233e-14
11.1056 -9.59233e-14
11.1056 -2.22045e-16
11.1056 2.22045e-16
11.1056 2.22045e-16
11.1056 2.22045e-16
11.1056 -9.97352e-09
11.1056 0
11.1056 0
11.1056 -1.00122e-09
11.1056 -9.97352e-09
11.2326 0.000132321
11.1056 5.51141e-09
11.1056 9.57012e-14
11.1056 -9.59233e-14
11.1056 0
11.1056 0
11.1056 -9.9888e-10
11.1057 -9.95013e-09
11.2326 0.000132367
11.1057 5.49658e-09
11.1057 9.4591e-14
11.1057 -9.4369e-14
11.1057 0
11.1057 0
11.1057 -9.9654e-10
11.1057 -9.92674e-09
11.2327 0.000132413
11.1058 5.48176e-09
11.1057 9.4369e-14
11.1057 -9.4369e-14
11.1057 2.22045e-16
11.1057 -2.22045e-16
11.1057 2.22045e-16
11.1058 -9.90336e-09
11.1057 -2.22045e-16
11.1057 0
11.1057 0
11.1058 -9.94202e-10
11.1058 -9.90336e-09
11.2328 0.000132459
11.1058 5.46696e-09
11.1058 9.39249e-14
11.1058 -9.41469e-14
11.1058 0
11.1058 0
11.1058 -9.91864e-10
11.1059 -9.87999e-09
11.2328 0.000132505
11.1059 5.45217e-09
11.1059 9.30367e-14
11.1059 -9.30367e-14
11.1059 0
11.1059 0
11.1059 -9.89527e-10
11.1059 -9.85663e-09
11.2329 0.000132551
11.1059 5.4374e-09
11.1059 9.30367e-14
11.1059 -9.32587e-14
11.1059 0
11.1059 0
11.1059 -9.87192e-10
11.106 -9.83328e-09
11.233 0.000132597
11.106 5.42265e-09
11.106 9.25926e-14
11.106 -9.30367e-14
11.106 0
11.106 0
11.106 -9.84857e-10
11.1061 -9.80993e-09
11.233 0.000132643
11.1061 5.40791e-09
11.1061 9.19265e-14
11.1061 -9.21485e-14
11.1061 0
11.1061 0
11.1061 -9.82523e-10
11.1061 -9.7866e-09
11.2331 0.000132689
11.1061 5.39319e-09
11.1061 9.12603e-14
11.1061 -9.12603e-14
11.1061 0
11.1061 0
11.1061 -9.8019e-10
11.1062 -9.76327e-09
11.2332 0.000132735
11.1062 5.37848e-09
11.1062 9.08162e-14
11.1062 -9.08162e-14
11.1062 0
11.1062 0
11.1062 -9.77858e-10
11.1063 -9.73996e-09
11.2332 0.000132781
11.1063 5.36379e-09
11.1063 9.03722e-14
11.1063 -9.03722e-14
11.1063 0
11.1063 0
11.1063 -9.75526e-10
11.1063 -9.71665e-09
11.2333 0.000132827
11.1063 5.34911e-09
11.1063 8.9484e-14
11.1063 -8.92619e-14
11.1063 0
11.1063 0
11.1063 -9.73196e-10
11.1064 -9.69335e-09
11.2334 0.000132873
11.1064 5.33445e-09
11.1064 8.9484e-14
11.1064 -8.9706e-14
11.1064 2.22045e-16
11.1064 -4.44089e-16
11.1064 2.22045e-16
11.1065 -9.67006e-09
11.1064 -2.22045e-16
11.1064 -2.22045e-16
11.1064 0
11.1064 0
11.1064 -9.70866e-10
11.1065 -9.67006e-09
11.2334 0.000132919
11.1065 5.31981e-09
11.1065 8.88178e-14
11.1065 -8.88178e-14
11.1065 -2.22045e-16
11.1065 2.22045e-16
11.1065 2.22045e-16
11.1065 2.22045e-16
11.1065 -9.64677e-09
11.1065 0
11.1065 0
11.1065 -9.68537e-10
11.1065 -9.64677e-09
11.2335 0.000132965
11.1065 5.30518e-09
11.1065 8.81517e-14
11.1065 -8.81517e-14
11.1065 -2.22045e-16
11.1065 4.44089e-16
11.1065 0
11.1065 0
11.1065 -9.66209e-10
11.1066 -9.6235e-09
11.2335 0.000133011
11.1066 5.29056e-09
11.1066 8.79297e-14
11.1066 -8.81517e-14
11.1066 0
11.1066 0
11.1066 -9.63882e-10
11.1066 -9.60024e-09
11.2336 0.000133057
11.1067 5.27596e-09
11.1067 8.72635e-14
11.1067 -8.72635e-14
11.1067 0
11.1067 0
11.1067 -9.61556e-10
11.1067 -9.57698e-09
11.2337 0.000133103
11.1067 5.26138e-09
11.1067 8.65974e-14
11.1067 -8.63754e-14
11.1067 -2.22045e-16
11.1067 2.22045e-16
11.1067 2.22045e-16
11.1067 2.22045e-16
11.1068 -9.55373e-09
11.1067 -2.22045e-16
11.1067 2.22045e-16
11.1067 2.22045e-16
11.1067 0
11.1067 0
11.1067 -9.59231e-10
11.1068 -9.55373e-09
11.2337 0.000133149
11.1068 5.24681e-09
11.1068 8.61533e-14
11.1068 -8.59313e-14
11.1068 2.22045e-16
11.1068 -2.22045e-16
11.1068 2.22045e-16
11.1068 -9.53049e-09
11.1068 -2.22045e-16
11.1068 0
11.1068 0
11.1068 -9.56907e-10
11.1068 -9.53049e-09
11.2338 0.000133195
11.1069 5.23225e-09
11.1068 8.57092e-14
11.1068 -8.57092e-14
11.1068 0
11.1068 0
11.1069 -9.54583e-10
11.1069 -9.50726e-09
11.2339 0.000133241
11.1069 5.21771e-09
11.1069 8.50431e-14
11.1069 -8.50431e-14
11.1069 0
11.1069 0
11.1069 -9.5226e-10
11.107 -9.48404e-09
11.2339 0.000133287
11.107 5.20319e-09
11.107 8.4599e-14
11.107 -8.43769e-14
11.107 0
11.107 0
11.107 -9.49938e-10
11.107 -9.46083e-09
11.234 0.000133333
11.107 5.18868e-09
11.107 8.43769e-14
11.107 -8.41549e-14
11.107 -2.22045e-16
11.107 2.22045e-16
11.107 0
11.107 0
11.107 -9.47617e-10
11.1071 -9.43762e-09
11.2341 0.000133379
11.1071 5.17419e-09
11.1071 8.37108e-14
11.1071 -8.34888e-14
11.1071 0
11.1071 0
11.1071 -9.45297e-10
11.1072 -9.41443e-09
11.2341 0.000133425
11.1072 5.15971e-09
11.1072 8.32667e-14
11.1072 -8.32667e-14
11.1072 2.22045e-16
11.1072 -2.22045e-16
11.1072 2.22045e-16
11.1072 -9.39124e-09
11.1072 -2.22045e-16
11.1072 0
11.1072 0
11.1072 -9.42978e-10
11.1072 -9.39124e-09
11.2342 0.000133471
11.1072 5.14525e-09
11.1072 8.28226e-14
11.1072 -8.28226e-14
11.1072 0
11.1072 0
11.1072 -9.4066e-10
11.1073 -9.36806e-09
11.2343 0.000133516
11.1073 5.1308e-09
11.1073 8.23785e-14
11.1073 -8.23785e-14
11.1073 0
11.1073 0
11.1073 -9.38342e-10
11.1074 -9.34489e-09
11.2343 0.000133562
11.1074 5.11636e-09
11.1074 8.21565e-14
11.1074 -8.23785e-14
11.1074 -2.22045e-16
11.1074 2.22045e-16
11.1074 2.22045e-16
11.1074 2.22045e-16
11.1074 -9.32173e-09
11.1074 -2.22045e-16
11.1074 2.22045e-16
11.1074 0
11.1074 0
11.1074 -9.36026e-10
11.1074 -9.32173e-09
11.2344 0.000133608
11.1074 5.10195e-09
11.1074 8.14904e-14
11.1074 -8.14904e-14
11.1074 -2.22045e-16
11.1074 4.44089e-16
11.1074 2.22045e-16
11.1074 2.22045e-16
11.1075 -9.29858e-09
11.1074 0
11.1074 0
11.1074 -9.3371e-10
11.1075 -9.29858e-09
11.2345 0.000133654
11.1075 5.08754e-09
11.1075 8.08242e-14
11.1075 -8.06022e-14
11.1075 2.22045e-16
11.1075 -2.22045e-16
11.1075 2.22045e-16
11.1076 -9.27543e-09
11.1075 -2.22045e-16
11.1075 0
11.1075 0
11.1075 -9.31395e-10
11.1076 -9.27543e-09
11.2345 0.0001337
11.1076 5.07316e-09
11.1076 8.06022e-14
11.1076 -8.06022e-14
11.1076 0
11.1076 0
11.1076 -9.29081e-10
11.1076 -9.2523e-09
11.2346 0.000133745
11.1076 5.05878e-09
11.1076 7.99361e-14
11.1076 -7.9714e-14
11.1076 0
11.1076 0
11.1076 -9.26768e-10
11.1077 -9.22917e-09
11.2346 0.000133791
11.1077 5.04442e-09
11.1077 7.9714e-14
11.1077 -7.9714e-14
11.1077 -2.22045e-16
11.1077 4.44089e-16
11.1077 2.22045e-16
11.1077 2.22045e-16
11.1077 -9.20605e-09
11.1077 -2.22045e-16
11.1077 0
11.1077 0
11.1077 -9.24455e-10
11.1077 -9.20605e-09
11.2347 0.000133837
11.1078 5.03008e-09
11.1077 7.92699e-14
11.1077 -7.92699e-14
11.1077 -2.22045e-16
11.1077 4.44089e-16
11.1077 2.22045e-16
11.1077 2.22045e-16
11.1078 -9.18294e-09
11.1077 -2.22045e-16
11.1077 0
11.1077 0
11.1078 -9.22144e-10
11.1078 -9.18294e-09
11.2348 0.000133883
11.1078 5.01575e-09
11.1078 7.86038e-14
11.1078 -7.86038e-14
11.1078 0
11.1078 0
11.1078 -9.19833e-10
11.1079 -9.15984e-09
11.2348 0.000133928
11.1079 5.00144e-09
11.1079 7.83817e-14
11.1079 -7.86038e-14
11.1079 -2.22045e-16
11.1079 2.22045e-16
11.1079 2.22045e-16
11.1079 2.22045e-16
11.1079 -9.13675e-09
11.1079 -2.22045e-16
11.1079 0
11.1079 0
11.1079 -9.17523e-10
11.1079 -9.13675e-09
11.2349 0.000133974
11.1079 4.98714e-09
11.1079 7.79377e-14
11.1079 -7.79377e-14
11.1079 0
11.1079 0
11.1079 -9.15215e-10
11.108 -9.11367e-09
11.235 0.00013402
11.108 4.97286e-09
11.108 7.74936e-14
11.108 -7.77156e-14
11.108 0
11.108 0
11.108 -9.12907e-10
11.1081 -9.09059e-09
11.235 0.000134066
11.1081 4.95859e-09
11.1081 7.68274e-14
11.1081 -7.70495e-14
11.1081 0
11.1081 0
11.1081 -9.106e-10
11.1081 -9.06753e-09
11.2351 0.000134111
11.1081 4.94433e-09
11.1081 7.63833e-14
11.1081 -7.66054e-14
11.1081 2.22045e-16
11.1081 0
11.1081 0
11.1081 -9.08293e-10
11.1082 -9.04447e-09
11.2352 0.000134157
11.1082 4.93009e-09
11.1082 7.57172e-14
11.1082 -7.54952e-14
11.1082 2.22045e-16
11.1082 -2.22045e-16
11.1082 2.22045e-16
11.1083 -9.02142e-09
11.1082 -2.22045e-16
11.1082 2.22045e-16
11.1082 -2.22045e-16
11.1082 -2.22045e-16
11.1082 -2.22045e-16
11.1083 -9.02142e-09
11.2352 0.000134203
11.1083 4.91587e-09
11.1083 7.52731e-14
11.1083 -7.50511e-14
11.1083 -2.22045e-16
11.1083 4.44089e-16
11.1083 2.22045e-16
11.1083 2.22045e-16
11.1083 -8.99838e-09
11.1083 0
11.1083 0
11.1083 -9.03683e-10
11.1083 -8.99838e-09
11.2353 0.000134248
11.1083 4.90166e-09
11.1083 7.50511e-14
11.1083 -7.50511e-14
11.1083 0
11.1083 0
11.1083 -9.01379e-10
11.1084 -8.97534e-09
11.2354 0.000134294
11.1084 4.88746e-09
11.1084 7.4607e-14
11.1084 -7.43849e-14
11.1084 -2.22045e-16
11.1084 4.44089e-16
11.1084 2.22045e-16
11.1084 2.22045e-16
11.1084 -8.95232e-09
11.1084 0
11.1084 0
11.1084 -8.99076e-10
11.1084 -8.95232e-09
11.2354 0.000134339
11.1085 4.87328e-09
11.1085 7.43849e-14
11.1085 -7.43849e-14
11.1085 -2.22045e-16
11.1085 2.22045e-16
11.1085 2.22045e-16
11.1085 2.22045e-16
11.1085 -8.92931e-09
11.1085 -2.22045e-16
11.1085 0
11.1085 0
11.1085 -8.96774e-10
11.1085 -8.92931e-09
11.2355 0.000134385
11.1085 4.85911e-09
11.1085 7.39409e-14
11.1085 -7.39409e-14
11.1085 -2.22045e-16
11.1085 2.22045e-16
11.1085 0
11.1085 0
11.1085 -8.94473e-10
11.1086 -8.9063e-09
11.2356 0.000134431
11.1086 4.84496e-09
11.1086 7.34968e-14
11.1086 -7.37188e-14
11.1086 2.22045e-16
11.1086 -2.22045e-16
11.1086 2.22045e-16
11.1086 -8.8833e-09
11.1086 0
11.1086 0
11.1086 -8.92173e-10
11.1086 -8.8833e-09
11.2356 0.000134476
11.1086 4.83082e-09
11.1086 7.26086e-14
11.1086 -7.26086e-14
11.1086 0
11.1086 0
11.1087 -8.89873e-10
11.1087 -8.86031e-09
11.2357 0.000134522
11.1087 4.8167e-09
11.1087 7.26086e-14
11.1087 -7.28306e-14
11.1087 0
11.1087 0
11.1087 -8.87575e-10
11.1088 -8.83733e-09
11.2357 0.000134567
11.1088 4.80259e-09
11.1088 7.19425e-14
11.1088 -7.19425e-14
11.1088 2.22045e-16
11.1088 -2.22045e-16
11.1088 2.22045e-16
11.1088 -8.81436e-09
11.1088 -2.22045e-16
11.1088 0
11.1088 0
11.1088 -8.85277e-10
11.1088 -8.81436e-09
11.2358 0.000134613
11.1088 4.7885e-09
11.1088 7.14984e-14
11.1088 -7.14984e-14
11.1088 -2.22045e-16
11.1088 4.44089e-16
11.1088 2.22045e-16
11.1088 2.22045e-16
11.1089 -8.79139e-09
11.1088 0
11.1088 0
11.1088 -8.8298e-10
11.1089 -8.79139e-09
11.2359 0.000134659
11.1089 4.77442e-09
11.1089 7.12763e-14
11.1089 -7.12763e-14
11.1089 -2.22045e-16
11.1089 2.22045e-16
11.1089 2.22045e-16
11.1089 2.22045e-16
11.109 -8.76843e-09
11.1089 -2.22045e-16
11.1089 0
11.1089 0
11.1089 -8.80684e-10
11.109 -8.76844e-09
11.2359 0.000134704
11.109 4.76036e-09
11.109 7.08322e-14
11.109 -7.10543e-14
11.109 0
11.109 0
11.109 -8.78388e-10
11.109 -8.74549e-09
11.236 0.00013475
11.109 4.74631e-09
11.109 7.03881e-14
11.109 -7.03881e-14
11.109 0
11.109 0
11.109 -8.76094e-10
11.1091 -8.72255e-09
11.2361 0.000134795
11.1091 4.73227e-09
11.1091 6.99441e-14
11.1091 -6.99441e-14
11.1091 0
11.1091 0
11.1091 -8.738e-10
11.1092 -8.69962e-09
11.2361 0.000134841
11.1092 4.71825e-09
11.1092 6.95e-14
11.1092 -6.95e-14
11.1092 2.22045e-16
11.1092 0
11.1092 0
11.1092 -8.71508e-10
11.1092 -8.6767e-09
11.2362 0.000134886
11.1092 4.70424e-09
11.1092 6.90559e-14
11.1092 -6.90559e-14
11.1092 -2.22045e-16
11.1092 4.44089e-16
11.1092 2.22045e-16
11.1092 2.22045e-16
11.1093 -8.65378e-09
11.1092 0
11.1092 0
11.1092 -8.69216e-10
11.1093 -8.65378e-09
11.2363 0.000134932
11.1093 4.69025e-09
11.1093 6.86118e-14
11.1093 -6.86118e-14
11.1093 -2.22045e-16
11.1093 2.22045e-16
11.1093 2.22045e-16
11.1093 2.22045e-16
11.1093 -8.63088e-09
11.1093 -2.22045e-16
11.1093 2.22045e-16
11.1093 0
11.1093 0
11.1093 -8.66925e-10
11.1093 -8.63088e-09
11.2363 0.000134977
11.1094 4.67627e-09
11.1094 6.81677e-14
11.1094 -6.81677e-14
11.1094 0
11.1094 0
11.1094 -8.64635e-10
11.1094 -8.60798e-09
11.2364 0.000135022
11.1094 4.66231e-09
11.1094 6.77236e-14
11.1094 -6.77236e-14
11.1094 2.22045e-16
11.1094 0
11.1094 0
11.1094 -8.62345e-10
11.1095 -8.58509e-09
11.2365 0.000135068
11.1095 4.64836e-09
11.1095 6.77236e-14
11.1095 -6.79456e-14
11.1095 -2.22045e-16
11.1095 2.22045e-16
11.1095 2.22045e-16
11.1095 2.22045e-16
11.1095 -8.56221e-09
11.1095 -2.22045e-16
11.1095 0
11.1095 0
11.1095 -8.60057e-10
11.1095 -8.56221e-09
11.2365 0.000135113
11.1095 4.63442e-09
11.1095 6.72795e-14
11.1095 -6.77236e-14
11.1095 -2.22045e-16
11.1095 4.44089e-16
11.1095 2.22045e-16
11.1095 2.22045e-16
11.1096 -8.53934e-09
11.1095 -2.22045e-16
11.1095 0
11.1095 0
11.1095 -8.57769e-10
11.1096 -8.53934e-09
11.2366 0.000135159
11.1096 4.6205e-09
11.1096 6.66134e-14
11.1096 -6.68354e-14
11.1096 0
11.1096 0
11.1096 -8.55482e-10
11.1097 -8.51648e-09
11.2366 0.000135204
11.1097 4.60659e-09
11.1097 6.59472e-14
11.1097 -6.57252e-14
11.1097 2.22045e-16
11.1097 -2.22045e-16
11.1097 2.22045e-16
11.1097 -8.49362e-09
11.1097 0
11.1097 0
11.1097 -8.53196e-10
11.1097 -8.49362e-09
11.2367 0.00013525
11.1097 4.5927e-09
11.1097 6.59472e-14
11.1097 -6.61693e-14
11.1097 2.22045e-16
11.1097 -2.22045e-16
11.1097 2.22045e-16
11.1098 -8.47078e-09
11.1097 -2.22045e-16
11.1097 0
11.1097 0
11.1097 -8.50911e-10
11.1098 -8.47078e-09
11.2368 0.000135295
11.1098 4.57882e-09
11.1098 6.55032e-14
11.1098 -6.57252e-14
11.1098 0
11.1098 0
11.1098 -8.48627e-10
11.1099 -8.44794e-09
11.2368 0.00013534
11.1099 4.56496e-09
11.1099 6.4837e-14
11.1099 -6.4615e-14
11.1099 0
11.1099 0
11.1099 -8.46343e-10
11.1099 -8.42511e-09
11.2369 0.000135386
11.1099 4.55111e-09
11.1099 6.43929e-14
11.1099 -6.41709e-14
11.1099 2.22045e-16
11.1099 -2.22045e-16
11.1099 2.22045e-16
11.11 -8.40229e-09
11.1099 0
11.1099 0
11.1099 -8.44061e-10
11.11 -8.40229e-09
11.237 0.000135431
11.11 4.53727e-09
11.11 6.41709e-14
11.11 -6.41709e-14
11.11 2.22045e-16
11.11 -2.22045e-16
11.11 2.22045e-16
11.11 -8.37947e-09
11.11 -2.22045e-16
11.11 0
11.11 0
11.11 -8.41779e-10
11.11 -8.37947e-09
11.237 0.000135476
11.1101 4.52345e-09
11.1101 6.37268e-14
11.1101 -6.37268e-14
11.1101 2.22045e-16
11.1101 0
11.1101 0
11.1101 -8.39498e-10
11.1101 -8.35667e-09
11.2371 0.000135522
11.1101 4.50964e-09
11.1101 6.32827e-14
11.1101 -6.32827e-14
11.1101 0
11.1101 0
11.1101 -8.37218e-10
11.1102 -8.33387e-09
11.2372 0.000135567
11.1102 4.49585e-09
11.1102 6.30607e-14
11.1102 -6.32827e-14
11.1102 0
11.1102 0
11.1102 -8.34939e-10
11.1102 -8.31109e-09
11.2372 0.000135612
11.1102 4.48207e-09
11.1102 6.26166e-14
11.1102 -6.26166e-14
11.1102 -2.22045e-16
11.1102 2.22045e-16
11.1102 2.22045e-16
11.1102 2.22045e-16
11.1103 -8.28831e-09
11.1102 0
11.1102 0
11.1102 -8.3266e-10
11.1103 -8.28831e-09
11.2373 0.000135658
11.1103 4.4683e-09
11.1103 6.19504e-14
11.1103 -6.17284e-14
11.1103 2.22045e-16
11.1103 0
11.1103 0
11.1103 -8.30383e-10
11.1104 -8.26554e-09
11.2374 0.000135703
11.1104 4.45455e-09
11.1104 6.17284e-14
11.1104 -6.15064e-14
11.1104 -2.22045e-16
11.1104 4.44089e-16
11.1104 2.22045e-16
11.1104 2.22045e-16
11.1104 -8.24277e-09
11.1104 -2.22045e-16
11.1104 2.22045e-16
11.1104 0
11.1104 0
11.1104 -8.28106e-10
11.1104 -8.24277e-09
11.2374 0.000135748
11.1104 4.44081e-09
11.1104 6.15064e-14
11.1104 -6.15064e-14
11.1104 -2.22045e-16
11.1104 4.44089e-16
11.1104 2.22045e-16
11.1104 2.22045e-16
11.1105 -8.22002e-09
11.1104 0
11.1104 0
11.1104 -8.2583e-10
11.1105 -8.22002e-09
11.2375 0.000135793
11.1105 4.42709e-09
11.1105 6.10623e-14
11.1105 -6.10623e-14
11.1105 -2.22045e-16
11.1105 2.22045e-16
11.1105 0
11.1105 0
11.1105 -8.23555e-10
11.1106 -8.19727e-09
11.2375 0.000135839
11.1106 4.41338e-09
11.1106 6.08402e-14
11.1106 -6.10623e-14
11.1106 0
11.1106 0
11.1106 -8.2128e-10
11.1106 -8.17454e-09
11.2376 0.000135884
11.1106 4.39968e-09
11.1106 6.01741e-14
11.1106 -6.03961e-14
11.1106 0
11.1106 0
11.1106 -8.19007e-10
11.1107 -8.15181e-09
11.2377 0.000135929
11.1107 4.386e-09
11.1107 6.01741e-14
11.1107 -6.03961e-14
11.1107 -2.22045e-16
11.1107 2.22045e-16
11.1107 2.22045e-16
11.1107 2.22045e-16
11.1107 -8.12908e-09
11.1107 -2.22045e-16
11.1107 2.22045e-16
11.1107 0
11.1107 0
11.1107 -8.16734e-10
11.1107 -8.12908e-09
11.2377 0.000135974
11.1108 4.37233e-09
11.1107 5.973e-14
11.1107 -6.01741e-14
11.1107 2.22045e-16
11.1107 -2.22045e-16
11.1107 2.22045e-16
11.1108 -8.10637e-09
11.1107 -2.22045e-16
11.1107 2.22045e-16
11.1107 0
11.1107 0
11.1108 -8.14462e-10
11.1108 -8.10637e-09
11.2378 0.000136019
11.1108 4.35868e-09
11.1108 5.92859e-14
11.1108 -5.92859e-14
11.1108 -2.22045e-16
11.1108 6.66134e-16
11.1108 4.44089e-16
11.1108 4.44089e-16
11.1109 -8.08367e-09
11.1108 -2.22045e-16
11.1108 -2.22045e-16
11.1108 2.22045e-16
11.1108 -2.22045e-16
11.1108 0
11.1108 0
11.1108 -8.12192e-10
11.1109 -8.08367e-09
11.2379 0.000136065
11.1109 4.34504e-09
11.1109 5.88418e-14
11.1109 -5.88418e-14
11.1109 0
11.1109 0
11.1109 -8.09922e-10
11.1109 -8.06097e-09
11.2379 0.00013611
11.1109 4.33141e-09
11.1109 5.81757e-14
11.1109 -5.79536e-14
11.1109 0
11.1109 0
11.1109 -8.07652e-10
11.111 -8.03828e-09
11.238 0.000136155
11.111 4.3178e-09
11.111 5.81757e-14
11.111 -5.81757e-14
11.111 2.22045e-16
11.111 -4.44089e-16
11.111 2.22045e-16
11.1111 -8.0156e-09
11.111 -2.22045e-16
11.111 -2.22045e-16
11.111 -2.22045e-16
11.111 -2.22045e-16
11.111 -2.22045e-16
11.1111 -8.0156e-09
11.2381 0.0001362
11.1111 4.3042e-09
11.1111 5.79536e-14
11.1111 -5.81757e-14
11.1111 -2.22045e-16
11.1111 2.22045e-16
11.1111 2.22045e-16
11.1111 2.22045e-16
11.1111 -7.99293e-09
11.1111 -2.22045e-16
11.1111 2.22045e-16
11.1111 0
11.1111 0
11.1111 -8.03116e-10
11.1111 -7.99293e-09
11.2381 0.000136245
11.1111 4.29062e-09
11.1111 5.70655e-14
11.1111 -5.66214e-14
11.1111 0
11.1111 0
11.1111 -8.00849e-10
11.1112 -7.97027e-09
11.2382 0.00013629
11.1112 4.27705e-09
11.1112 5.70655e-14
11.1112 -5.70655e-14
11.1112 -2.22045e-16
11.1112 2.22045e-16
11.1112 2.22045e-16
11.1112 2.22045e-16
11.1113 -7.94761e-09
11.1112 -2.22045e-16
11.1112 2.22045e-16
11.1112 0
11.1112 0
11.1112 -7.98583e-10
11.1113 -7.94761e-09
11.2382 0.000136335
11.1113 4.26349e-09
11.1113 5.63993e-14
11.1113 -5.63993e-14
11.1113 0
11.1113 0
11.1113 -7.96318e-10
11.1113 -7.92497e-09
11.2383 0.000136381
11.1113 4.24994e-09
11.1113 5.63993e-14
11.1113 -5.66214e-14
11.1113 0
11.1113 0
11.1113 -7.94054e-10
11.1114 -7.90233e-09
11.2384 0.000136426
11.1114 4.23641e-09
11.1114 5.57332e-14
11.1114 -5.57332e-14
11.1114 0
11.1114 0
11.1114 -7.9179e-10
11.1114 -7.8797e-09
11.2384 0.000136471
11.1114 4.2229e-09
11.1114 5.52891e-14
11.1114 -5.50671e-14
11.1114 2.22045e-16
11.1114 -2.22045e-16
11.1114 2.22045e-16
11.1115 -7.85708e-09
11.1114 -2.22045e-16
11.1114 -2.22045e-16
11.1114 -2.22045e-16
11.1114 0
11.1114 0
11.1115 -7.89528e-10
11.1115 -7.85708e-09
11.2385 0.000136516
11.1115 4.20939e-09
11.1115 5.52891e-14
11.1115 -5.52891e-14
11.1115 -2.22045e-16
11.1115 2.22045e-16
11.1115 2.22045e-16
11.1115 2.22045e-16
11.1116 -7.83446e-09
11.1115 -2.22045e-16
11.1115 -2.22045e-16
11.1115 2.22045e-16
11.1115 2.22045e-16
11.1115 0
11.1115 0
11.1115 -7.87266e-10
11.1116 -7.83446e-09
11.2386 0.000136561
11.1116 4.1959e-09
11.1116 5.4845e-14
11.1116 -5.4845e-14
11.1116 -2.22045e-16
11.1116 2.22045e-16
11.1116 0
11.1116 0
11.1116 -7.85005e-10
11.1116 -7.81186e-09
11.2386 0.000136606
11.1116 4.18243e-09
11.1116 5.44009e-14
11.1116 -5.4623e-14
11.1116 2.22045e-16
11.1116 0
11.1116 0
11.1116 -7.82745e-10
11.1117 -7.78926e-09
11.2387 0.000136651
11.1117 4.16896e-09
11.1117 5.39568e-14
11.1117 -5.37348e-14
11.1117 0
11.1117 0
11.1117 -7.80485e-10
11.1118 -7.76667e-09
11.2388 0.000136696
11.1118 4.15552e-09
11.1118 5.37348e-14
11.1118 -5.39568e-14
11.1118 2.22045e-16
11.1118 -2.22045e-16
11.1118 2.22045e-16
11.1118 -7.74409e-09
11.1118 -2.22045e-16
11.1118 -2.22045e-16
11.1118 0
11.1118 0
11.1118 -7.78226e-10
11.1118 -7.74409e-09
11.2388 0.000136741
11.1118 4.14208e-09
11.1118 5.35127e-14
11.1118 -5.37348e-14
11.1118 0
11.1118 0
11.1118 -7.75969e-10
11.1119 -7.72152e-09
11.2389 0.000136786
11.1119 4.12866e-09
11.1119 5.28466e-14
11.1119 -5.26246e-14
11.1119 0
11.1119 0
11.1119 -7.73712e-10
11.1119 -7.69896e-09
11.2389 0.000136831
11.112 4.11525e-09
11.112 5.26246e-14
11.112 -5.26246e-14
11.112 0
11.112 0
11.112 -7.71456e-10
11.112 -7.6764e-09
11.239 0.000136876
11.112 4.10186e-09
11.112 5.21805e-14
11.112 -5.21805e-14
11.112 -2.22045e-16
11.112 4.44089e-16
11.112 2.22045e-16
11.112 2.22045e-16
11.1121 -7.65385e-09
11.112 2.22045e-16
11.112 -2.22045e-16
11.112 -2.22045e-16
11.112 -2.22045e-16
11.112 0
11.112 0
11.112 -7.692e-10
11.1121 -7.65385e-09
11.2391 0.000136921
11.1121 4.08847e-09
11.1121 5.17364e-14
11.1121 -5.15143e-14
11.1121 0
11.1121 0
11.1121 -7.66946e-10
11.1121 -7.63131e-09
11.2391 0.000136966
11.1121 4.07511e-09
11.1121 5.17364e-14
11.1121 -5.17364e-14
11.1121 0
11.1121 0
11.1121 -7.64692e-10
11.1122 -7.60878e-09
11.2392 0.000137011
11.1122 4.06175e-09
11.1122 5.12923e-14
11.1122 -5.12923e-14
11.1122 2.22045e-16
11.1122 -2.22045e-16
11.1122 2.22045e-16
11.1123 -7.58626e-09
11.1122 -2.22045e-16
11.1122 -2.22045e-16
11.1122 0
11.1122 0
11.1122 -7.62439e-10
11.1123 -7.58626e-09
11.2393 0.000137056
11.1123 4.04841e-09
11.1123 5.08482e-14
11.1123 -5.04041e-14
11.1123 0
11.1123 0
11.1123 -7.60187e-10
11.1123 -7.56374e-09
11.2393 0.000137101
11.1123 4.03508e-09
11.1123 5.04041e-14
11.1123 -5.04041e-14
11.1123 0
11.1123 0
11.1123 -7.57936e-10
11.1124 -7.54123e-09
11.2394 0.000137146
11.1124 4.02177e-09
11.1124 4.996e-14
11.1124 -4.95159e-14
11.1124 0
11.1124 0
11.1124 -7.55686e-10
11.1125 -7.51874e-09
11.2395 0.00013719
11.1125 4.00847e-09
11.1125 4.9738e-14
11.1125 -4.95159e-14
11.1125 0
11.1125 0
11.1125 -7.53436e-10
11.1125 -7.49624e-09
11.2395 0.000137235
11.1125 3.99518e-09
11.1125 4.9738e-14
11.1125 -4.9738e-14
11.1125 0
11.1125 0
11.1125 -7.51188e-10
11.1126 -7.47376e-09
11.2396 0.00013728
11.1126 3.98191e-09
11.1126 4.95159e-14
11.1126 -4.9738e-14
11.1126 0
11.1126 0
11.1126 -7.48939e-10
11.1126 -7.45129e-09
11.2396 0.000137325
11.1126 3.96864e-09
11.1126 4.90719e-14
11.1126 -4.92939e-14
11.1126 0
11.1126 0
11.1127 -7.46692e-10
11.1127 -7.42882e-09
11.2397 0.00013737
11.1127 3.9554e-09
11.1127 4.86278e-14
11.1127 -4.86278e-14
11.1127 0
11.1127 0
11.1127 -7.44446e-10
11.1128 -7.40636e-09
11.2398 0.000137415
11.1128 3.94216e-09
11.1128 4.81837e-14
11.1128 -4.81837e-14
11.1128 0
11.1128 0
11.1128 -7.422e-10
11.1128 -7.38391e-09
11.2398 0.00013746
11.1128 3.92894e-09
11.1128 4.77396e-14
11.1128 -4.77396e-14
11.1128 0
11.1128 0
11.1128 -7.39956e-10
11.1129 -7.36147e-09
11.2399 0.000137504
11.1129 3.91573e-09
11.1129 4.77396e-14
11.1129 -4.79616e-14
11.1129 -2.22045e-16
11.1129 2.22045e-16
11.1129 2.22045e-16
11.1129 2.22045e-16
11.113 -7.33904e-09
11.1129 2.22045e-16
11.1129 -2.22045e-16
11.1129 -2.22045e-16
11.1129 -2.22045e-16
11.1129 -2.22045e-16
11.1129 -2.22045e-16
11.113 -7.33904e-09
11.24 0.000137549
11.113 3.90254e-09
11.113 4.72955e-14
11.113 -4.72955e-14
11.113 -2.22045e-16
11.113 4.44089e-16
11.113 2.22045e-16
11.113 2.22045e-16
11.113 -7.31661e-09
11.113 2.22045e-16
11.113 -2.22045e-16
11.113 -2.22045e-16
11.113 -2.22045e-16
11.113 0
11.113 0
11.113 -7.35469e-10
11.113 -7.31661e-09
11.24 0.000137594
11.113 3.88935e-09
11.113 4.68514e-14
11.113 -4.68514e-14
11.113 2.22045e-16
11.113 -2.22045e-16
11.113 2.22045e-16
11.1131 -7.29419e-09
11.113 -2.22045e-16
11.113 -2.22045e-16
11.113 0
11.113 0
11.113 -7.33227e-10
11.1131 -7.29419e-09
11.2401 0.000137639
11.1131 3.87619e-09
11.1131 4.64073e-14
11.1131 -4.59632e-14
11.1131 0
11.1131 0
11.1131 -7.30985e-10
11.1131 -7.27178e-09
11.2402 0.000137684
11.1131 3.86303e-09
11.1131 4.64073e-14
11.1131 -4.64073e-14
11.1131 -2.22045e-16
11.1131 2.22045e-16
11.1131 2.22045e-16
11.1131 2.22045e-16
11.1132 -7.24938e-09
11.1131 0
11.1131 0
11.1132 -7.28744e-10
11.1132 -7.24938e-09
11.2402 0.000137728
11.1132 3.84989e-09
11.1132 4.59632e-14
11.1132 -4.59632e-14
11.1132 2.22045e-16
11.1132 -2.22045e-16
11.1132 2.22045e-16
11.1133 -7.22699e-09
11.1132 -2.22045e-16
11.1132 -2.22045e-16
11.1132 -2.22045e-16
11.1132 0
11.1132 0
11.1132 -7.26504e-10
11.1133 -7.22699e-09
11.2403 0.000137773
11.1133 3.83676e-09
11.1133 4.55191e-14
11.1133 -4.55191e-14
11.1133 2.22045e-16
11.1133 2.22045e-16
11.1133 -4.44089e-16
11.1133 -2.22045e-16
11.1133 2.22045e-16
11.1133 -7.2046e-09
11.1133 -2.22045e-16
11.1133 -2.22045e-16
11.1133 2.22045e-16
11.1133 0
11.1133 0
11.1133 -7.24266e-10
11.1133 -7.2046e-09
11.2403 0.000137818
11.1133 3.82364e-09
11.1133 4.52971e-14
11.1133 -4.52971e-14
11.1133 0
11.1133 0
11.1133 -7.22027e-10
11.1134 -7.18223e-09
11.2404 0.000137863
11.1134 3.81054e-09
11.1134 4.4853e-14
11.1134 -4.4853e-14
11.1134 0
11.1134 0
11.1134 -7.1979e-10
11.1135 -7.15986e-09
11.2405 0.000137907
11.1135 3.79745e-09
11.1135 4.4853e-14
11.1135 -4.50751e-14
11.1135 2.22045e-16
11.1135 0
11.1135 0
11.1135 -7.17553e-10
11.1135 -7.1375e-09
11.2405 0.000137952
11.1135 3.78437e-09
11.1135 4.4631e-14
11.1135 -4.4631e-14
11.1135 -2.22045e-16
11.1135 2.22045e-16
11.1135 0
11.1135 0
11.1135 -7.15317e-10
11.1136 -7.11514e-09
11.2406 0.000137997
11.1136 3.77131e-09
11.1136 4.37428e-14
11.1136 -4.35207e-14
11.1136 0
11.1136 0
11.1136 -7.13082e-10
11.1136 -7.0928e-09
11.2407 0.000138041
11.1137 3.75825e-09
11.1136 4.32987e-14
11.1136 -4.30767e-14
11.1136 2.22045e-16
11.1136 2.22045e-16
11.1136 -6.66134e-16
11.1136 -2.22045e-16
11.1136 2.22045e-16
11.1137 -7.07046e-09
11.1136 -2.22045e-16
11.1136 0
11.1136 0
11.1137 -7.10848e-10
11.1137 -7.07046e-09
11.2407 0.000138086
11.1137 3.74522e-09
11.1137 4.32987e-14
11.1137 -4.32987e-14
11.1137 0
11.1137 0
11.1137 -7.08615e-10
11.1138 -7.04813e-09
11.2408 0.000138131
11.1138 3.73219e-09
11.1138 4.32987e-14
11.1138 -4.35207e-14
11.1138 2.22045e-16
11.1138 -2.22045e-16
11.1138 2.22045e-16
11.1138 -7.02581e-09
11.1138 -2.22045e-16
11.1138 -2.22045e-16
11.1138 2.22045e-16
11.1138 -2.22045e-16
11.1138 0
11.1138 0
11.1138 -7.06382e-10
11.1138 -7.02581e-09
11.2408 0.000138175
11.1138 3.71918e-09
11.1138 4.28546e-14
11.1138 -4.28546e-14
11.1138 0
11.1138 0
11.1138 -7.0415e-10
11.1139 -7.0035e-09
11.2409 0.00013822
11.1139 3.70618e-09
11.1139 4.24105e-14
11.1139 -4.24105e-14
11.1139 0
11.1139 0
11.1139 -7.01919e-10
11.114 -6.98119e-09
11.241 0.000138265
11.114 3.69319e-09
11.114 4.24105e-14
11.114 -4.26326e-14
11.114 -2.22045e-16
11.114 4.44089e-16
11.114 2.22045e-16
11.114 2.22045e-16
11.114 -6.95889e-09
11.114 0
11.114 0
11.114 -6.99689e-10
11.114 -6.95889e-09
11.241 0.000138309
11.114 3.68022e-09
11.114 4.19664e-14
11.114 -4.19664e-14
11.114 0
11.114 0
11.114 -6.9746e-10
11.1141 -6.93661e-09
11.2411 0.000138354
11.1141 3.66726e-09
11.1141 4.17444e-14
11.1141 -4.17444e-14
11.1141 -2.22045e-16
11.1141 2.22045e-16
11.1141 0
11.1141 0
11.1141 -6.95231e-10
11.1141 -6.91432e-09
11.2412 0.000138398
11.1142 3.65431e-09
11.1141 4.13003e-14
11.1141 -4.15223e-14
11.1141 2.22045e-16
11.1141 0
11.1141 0
11.1142 -6.93003e-10
11.1142 -6.89205e-09
11.2412 0.000138443
11.1142 3.64137e-09
11.1142 4.10783e-14
11.1142 -4.10783e-14
11.1142 0
11.1142 0
11.1142 -6.90776e-10
11.1143 -6.86979e-09
11.2413 0.000138488
11.1143 3.62845e-09
11.1143 4.06342e-14
11.1143 -4.06342e-14
11.1143 2.22045e-16
11.1143 -2.22045e-16
11.1143 2.22045e-16
11.1143 -6.84753e-09
11.1143 -2.22045e-16
11.1143 0
11.1143 0
11.1143 -6.8855e-10
11.1143 -6.84753e-09
11.2413 0.000138532
11.1143 3.61554e-09
11.1143 4.01901e-14
11.1143 -3.9968e-14
11.1143 0
11.1143 0
11.1143 -6.86325e-10
11.1144 -6.82528e-09
11.2414 0.000138577
11.1144 3.60264e-09
11.1144 4.01901e-14
11.1144 -4.01901e-14
11.1144 -2.22045e-16
11.1144 4.44089e-16
11.1144 2.22045e-16
11.1144 2.22045e-16
11.1145 -6.80304e-09
11.1144 0
11.1144 0
11.1144 -6.841e-10
11.1145 -6.80304e-09
11.2415 0.000138621
11.1145 3.58976e-09
11.1145 3.9746e-14
11.1145 -3.95239e-14
11.1145 0
11.1145 0
11.1145 -6.81876e-10
11.1145 -6.78081e-09
11.2415 0.000138666
11.1145 3.57688e-09
11.1145 3.95239e-14
11.1145 -3.93019e-14
11.1145 0
11.1145 0
11.1145 -6.79653e-10
11.1146 -6.75858e-09
11.2416 0.00013871
11.1146 3.56403e-09
11.1146 3.93019e-14
11.1146 -3.93019e-14
11.1146 2.22045e-16
11.1146 -2.22045e-16
11.1146 2.22045e-16
11.1146 -6.73636e-09
11.1146 -2.22045e-16
11.1146 0
11.1146 0
11.1146 -6.77431e-10
11.1146 -6.73636e-09
11.2417 0.000138755
11.1147 3.55118e-09
11.1146 3.88578e-14
11.1146 -3.88578e-14
11.1146 -2.22045e-16
11.1146 4.44089e-16
11.1146 2.22045e-16
11.1146 2.22045e-16
11.1147 -6.71415e-09
11.1146 0
11.1146 0
11.1147 -6.75209e-10
11.1147 -6.71415e-09
11.2417 0.000138799
11.1147 3.53834e-09
11.1147 3.88578e-14
11.1147 -3.88578e-14
11.1147 -2.22045e-16
11.1147 4.44089e-16
11.1147 2.22045e-16
11.1147 2.22045e-16
11.1148 -6.69195e-09
11.1147 -2.22045e-16
11.1147 2.22045e-16
11.1147 0
11.1147 0
11.1147 -6.72989e-10
11.1148 -6.69195e-09
11.2418 0.000138844
11.1148 3.52552e-09
11.1148 3.84137e-14
11.1148 -3.84137e-14
11.1148 2.22045e-16
11.1148 -2.22045e-16
11.1148 2.22045e-16
11.1148 -6.66976e-09
11.1148 -2.22045e-16
11.1148 -2.22045e-16
11.1148 0
11.1148 0
11.1148 -6.70769e-10
11.1148 -6.66976e-09
11.2419 0.000138888
11.1148 3.51271e-09
11.1148 3.84137e-14
11.1148 -3.86358e-14
11.1148 0
11.1148 0
11.1148 -6.6855e-10
11.1149 -6.64757e-09
11.2419 0.000138933
11.1149 3.49992e-09
11.1149 3.77476e-14
11.1149 -3.77476e-14
11.1149 2.22045e-16
11.1149 0
11.1149 0
11.1149 -6.66332e-10
11.115 -6.6254e-09
11.242 0.000138977
11.115 3.48714e-09
11.115 3.75255e-14
11.115 -3.75255e-14
11.115 0
11.115 0
11.115 -6.64115e-10
11.115 -6.60323e-09
11.242 0.000139022
11.115 3.47436e-09
11.115 3.73035e-14
11.115 -3.73035e-14
11.115 0
11.115 0
11.115 -6.61898e-10
11.1151 -6.58107e-09
11.2421 0.000139066
11.1151 3.46161e-09
11.1151 3.70814e-14
11.1151 -3.70814e-14
11.1151 0
11.1151 0
11.1151 -6.59682e-10
11.1151 -6.55891e-09
11.2422 0.00013911
11.1151 3.44886e-09
11.1151 3.70814e-14
11.1151 -3.73035e-14
11.1151 -2.22045e-16
11.1151 4.44089e-16
11.1151 0
11.1151 0
11.1152 -6.57467e-10
11.1152 -6.53677e-09
11.2422 0.000139155
11.1152 3.43613e-09
11.1152 3.66374e-14
11.1152 -3.68594e-14
11.1152 0
11.1152 0
11.1152 -6.55253e-10
11.1153 -6.51463e-09
11.2423 0.000139199
11.1153 3.42341e-09
11.1153 3.61933e-14
11.1153 -3.61933e-14
11.1153 0
11.1153 0
11.1153 -6.53039e-10
11.1153 -6.4925e-09
11.2424 0.000139244
11.1153 3.4107e-09
11.1153 3.57492e-14
11.1153 -3.55271e-14
11.1153 2.22045e-16
11.1153 -2.22045e-16
11.1153 2.22045e-16
11.1154 -6.47038e-09
11.1153 -2.22045e-16
11.1153 0
11.1153 0
11.1153 -6.50826e-10
11.1154 -6.47038e-09
11.2424 0.000139288
11.1154 3.398e-09
11.1154 3.57492e-14
11.1154 -3.57492e-14
11.1154 0
11.1154 0
11.1154 -6.48614e-10
11.1155 -6.44826e-09
11.2425 0.000139332
11.1155 3.38532e-09
11.1155 3.53051e-14
11.1155 -3.53051e-14
11.1155 0
11.1155 0
11.1155 -6.46403e-10
11.1155 -6.42616e-09
11.2425 0.000139377
11.1155 3.37265e-09
11.1155 3.53051e-14
11.1155 -3.55271e-14
11.1155 2.22045e-16
11.1155 -2.22045e-16
11.1155 2.22045e-16
11.1156 -6.40406e-09
11.1155 0
11.1155 0
11.1155 -6.44193e-10
11.1156 -6.40406e-09
11.2426 0.000139421
11.1156 3.35999e-09
11.1156 3.4861e-14
11.1156 -3.4861e-14
11.1156 0
11.1156 0
11.1156 -6.41983e-10
11.1156 -6.38197e-09
11.2427 0.000139465
11.1156 3.34734e-09
11.1156 3.4861e-14
11.1156 -3.5083e-14
11.1156 0
11.1156 0
11.1156 -6.39775e-10
11.1157 -6.35988e-09
11.2427 0.00013951
11.1157 3.33471e-09
11.1157 3.44169e-14
11.1157 -3.44169e-14
11.1157 0
11.1157 0
11.1157 -6.37567e-10
11.1158 -6.33781e-09
11.2428 0.000139554
11.1158 3.32209e-09
11.1158 3.39728e-14
11.1158 -3.39728e-14
11.1158 2.22045e-16
11.1158 -2.22045e-16
11.1158 2.22045e-16
11.1158 -6.31574e-09
11.1158 -2.22045e-16
11.1158 0
11.1158 0
11.1158 -6.3536e-10
11.1158 -6.31574e-09
11.2429 0.000139598
11.1158 3.30948e-09
11.1158 3.39728e-14
11.1158 -3.39728e-14
11.1158 -2.22045e-16
11.1158 4.44089e-16
11.1158 2.22045e-16
11.1158 2.22045e-16
11.1159 -6.29368e-09
11.1158 -2.22045e-16
11.1158 -2.22045e-16
11.1158 2.22045e-16
11.1158 2.22045e-16
11.1158 -2.22045e-16
11.1158 -2.22045e-16
11.1159 -6.29368e-09
11.2429 0.000139642
11.1159 3.29688e-09
11.1159 3.37508e-14
11.1159 -3.35287e-14
11.1159 0
11.1159 0
11.1159 -6.30948e-10
11.116 -6.27163e-09
11.243 0.000139687
11.116 3.2843e-09
11.116 3.30846e-14
11.116 -3.28626e-14
11.116 2.22045e-16
11.116 -2.22045e-16
11.116 2.22045e-16
11.116 -6.24959e-09
11.116 -2.22045e-16
11.116 0
11.116 0
11.116 -6.28743e-10
11.116 -6.24959e-09
11.243 0.000139731
11.116 3.27172e-09
11.116 3.30846e-14
11.116 -3.30846e-14
11.116 0
11.116 0
11.116 -6.26538e-10
11.1161 -6.22755e-09
11.2431 0.000139775
11.1161 3.25916e-09
11.1161 3.26406e-14
11.1161 -3.26406e-14
11.1161 -2.22045e-16
11.1161 4.44089e-16
11.1161 2.22045e-16
11.1161 2.22045e-16
11.1161 -6.20552e-09
11.1161 -2.22045e-16
11.1161 2.22045e-16
11.1161 0
11.1161 0
11.1161 -6.24335e-10
11.1161 -6.20552e-09
11.2432 0.000139819
11.1161 3.24662e-09
11.1161 3.24185e-14
11.1161 -3.21965e-14
11.1161 0
11.1161 0
11.1161 -6.22133e-10
11.1162 -6.1835e-09
11.2432 0.000139864
11.1162 3.23408e-09
11.1162 3.21965e-14
11.1162 -3.21965e-14
11.1162 0
11.1162 0
11.1162 -6.19931e-10
11.1163 -6.16149e-09
11.2433 0.000139908
11.1163 3.22156e-09
11.1163 3.17524e-14
11.1163 -3.17524e-14
11.1163 2.22045e-16
11.1163 -2.22045e-16
11.1163 2.22045e-16
11.1163 -6.13949e-09
11.1163 0
11.1163 0
11.1163 -6.1773e-10
11.1163 -6.13949e-09
11.2434 0.000139952
11.1163 3.20904e-09
11.1163 3.17524e-14
11.1163 -3.17524e-14
11.1163 0
11.1163 0
11.1163 -6.1553e-10
11.1164 -6.11749e-09
11.2434 0.000139996
11.1164 3.19655e-09
11.1164 3.15303e-14
11.1164 -3.13083e-14
11.1164 -2.22045e-16
11.1164 2.22045e-16
11.1164 2.22045e-16
11.1164 2.22045e-16
11.1164 -6.0955e-09
11.1164 -2.22045e-16
11.1164 0
11.1164 0
11.1164 -6.1333e-10
11.1164 -6.0955e-09
11.2435 0.000140041
11.1165 3.18406e-09
11.1164 3.13083e-14
11.1164 -3.13083e-14
11.1164 2.22045e-16
11.1164 -2.22045e-16
11.1164 2.22045e-16
11.1165 -6.07352e-09
11.1164 -2.22045e-16
11.1164 0
11.1164 0
11.1165 -6.11132e-10
11.1165 -6.07352e-09
11.2435 0.000140085
11.1165 3.17158e-09
11.1165 3.10862e-14
11.1165 -3.13083e-14
11.1165 0
11.1165 0
11.1165 -6.08934e-10
11.1166 -6.05155e-09
11.2436 0.000140129
11.1166 3.15912e-09
11.1166 3.08642e-14
11.1166 -3.08642e-14
11.1166 -2.22045e-16
11.1166 2.22045e-16
11.1166 2.22045e-16
11.1166 2.22045e-16
11.1166 -6.02958e-09
11.1166 -2.22045e-16
11.1166 -2.22045e-16
11.1166 0
11.1166 0
11.1166 -6.06737e-10
11.1166 -6.02958e-09
11.2437 0.000140173
11.1166 3.14667e-09
11.1166 3.08642e-14
11.1166 -3.13083e-14
11.1166 -2.22045e-16
11.1166 4.44089e-16
11.1166 2.22045e-16
11.1166 2.22045e-16
11.1167 -6.00762e-09
11.1166 2.22045e-16
11.1166 -2.22045e-16
11.1166 0
11.1166 0
11.1166 -6.04541e-10
11.1167 -6.00762e-09
11.2437 0.000140217
11.1167 3.13423e-09
11.1167 3.01981e-14
11.1167 -3.01981e-14
11.1167 0
11.1167 0
11.1167 -6.02345e-10
11.1168 -5.98567e-09
11.2438 0.000140261
11.1168 3.12181e-09
11.1168 2.9976e-14
11.1168 -2.9754e-14
11.1168 0
11.1168 0
11.1168 -6.0015e-10
11.1168 -5.96373e-09
11.2438 0.000140305
11.1168 3.10939e-09
11.1168 2.9976e-14
11.1168 -2.9976e-14
11.1168 -2.22045e-16
11.1168 2.22045e-16
11.1168 2.22045e-16
11.1168 2.22045e-16
11.1169 -5.9418e-09
11.1168 -2.22045e-16
11.1168 0
11.1168 0
11.1168 -5.97957e-10
11.1169 -5.9418e-09
11.2439 0.00014035
11.1169 3.09699e-09
11.1169 2.93099e-14
11.1169 -2.90878e-14
11.1169 2.22045e-16
11.1169 -2.22045e-16
11.1169 2.22045e-16
11.1169 -5.91987e-09
11.1169 -2.22045e-16
11.1169 0
11.1169 0
11.1169 -5.95763e-10
11.1169 -5.91987e-09
11.244 0.000140394
11.1169 3.0846e-09
11.1169 2.90878e-14
11.1169 -2.88658e-14
11.1169 2.22045e-16
11.1169 -2.22045e-16
11.1169 2.22045e-16
11.117 -5.89795e-09
11.1169 -2.22045e-16
11.1169 0
11.1169 0
11.1169 -5.93571e-10
11.117 -5.89795e-09
11.244 0.000140438
11.117 3.07222e-09
11.117 2.90878e-14
11.117 -2.90878e-14
11.117 0
11.117 0
11.117 -5.91379e-10
11.1171 -5.87604e-09
11.2441 0.000140482
11.1171 3.05985e-09
11.1171 2.88658e-14
11.1171 -2.90878e-14
11.1171 0
11.1171 0
11.1171 -5.89188e-10
11.1171 -5.85414e-09
11.2442 0.000140526
11.1171 3.0475e-09
11.1171 2.88658e-14
11.1171 -2.90878e-14
11.1171 -2.22045e-16
11.1171 4.44089e-16
11.1171 2.22045e-16
11.1171 2.22045e-16
11.1172 -5.83224e-09
11.1171 -2.22045e-16
11.1171 2.22045e-16
11.1171 -2.22045e-16
11.1171 -2.22045e-16
11.1171 0
11.1171 0
11.1171 -5.86998e-10
11.1172 -5.83224e-09
11.2442 0.00014057
11.1172 3.03516e-09
11.1172 2.81997e-14
11.1172 -2.81997e-14
11.1172 2.22045e-16
11.1172 -2.22045e-16
11.1172 2.22045e-16
11.1172 -5.81035e-09
11.1172 -2.22045e-16
11.1172 0
11.1172 0
11.1172 -5.84809e-10
11.1172 -5.81035e-09
11.2443 0.000140614
11.1173 3.02283e-09
11.1173 2.81997e-14
11.1173 -2.81997e-14
11.1173 -2.22045e-16
11.1173 2.22045e-16
11.1173 2.22045e-16
11.1173 2.22045e-16
11.1173 -5.78847e-09
11.1173 0
11.1173 0
11.1173 -5.8262e-10
11.1173 -5.78847e-09
11.2443 0.000140658
11.1173 3.01051e-09
11.1173 2.79776e-14
11.1173 -2.77556e-14
11.1173 0
11.1173 0
11.1173 -5.80433e-10
11.1174 -5.7666e-09
11.2444 0.000140702
11.1174 2.9982e-09
11.1174 2.77556e-14
11.1174 -2.77556e-14
11.1174 0
11.1174 0
11.1174 -5.78246e-10
11.1174 -5.74473e-09
11.2445 0.000140746
11.1174 2.98591e-09
11.1174 2.75335e-14
11.1174 -2.73115e-14
11.1174 0
11.1174 0
11.1174 -5.7606e-10
11.1175 -5.72288e-09
11.2445 0.00014079
11.1175 2.97362e-09
11.1175 2.73115e-14
11.1175 -2.75335e-14
11.1175 0
11.1175 0
11.1175 -5.73874e-10
11.1176 -5.70103e-09
11.2446 0.000140834
11.1176 2.96135e-09
11.1176 2.68674e-14
11.1176 -2.66454e-14
11.1176 0
11.1176 0
11.1176 -5.7169e-10
11.1176 -5.67919e-09
11.2447 0.000140878
11.1176 2.94909e-09
11.1176 2.66454e-14
11.1176 -2.64233e-14
11.1176 0
11.1176 0
11.1176 -5.69506e-10
11.1177 -5.65735e-09
11.2447 0.000140922
11.1177 2.93684e-09
11.1177 2.64233e-14
11.1177 -2.62013e-14
11.1177 2.22045e-16
11.1177 -2.22045e-16
11.1177 2.22045e-16
11.1177 -5.63553e-09
11.1177 0
11.1177 0
11.1177 -5.67323e-10
11.1177 -5.63553e-09
11.2448 0.000140966
11.1177 2.92461e-09
11.1177 2.62013e-14
11.1177 -2.62013e-14
11.1177 0
11.1177 0
11.1177 -5.6514e-10
11.1178 -5.61371e-09
11.2448 0.00014101
11.1178 2.91238e-09
11.1178 2.59792e-14
11.1178 -2.59792e-14
11.1178 0
11.1178 0
11.1178 -5.62958e-10
11.1179 -5.5919e-09
11.2449 0.000141054
11.1179 2.90017e-09
11.1179 2.59792e-14
11.1179 -2.59792e-14
11.1179 0
11.1179 0
11.1179 -5.60778e-10
11.1179 -5.57009e-09
11.245 0.000141098
11.1179 2.88797e-09
11.1179 2.57572e-14
11.1179 -2.59792e-14
11.1179 2.22045e-16
11.1179 -2.22045e-16
11.1179 2.22045e-16
11.118 -5.5483e-09
11.1179 0
11.1179 0
11.1179 -5.58598e-10
11.118 -5.5483e-09
11.245 0.000141142
11.118 2.87578e-09
11.118 2.57572e-14
11.118 -2.59792e-14
11.118 -2.22045e-16
11.118 2.22045e-16
11.118 2.22045e-16
11.118 2.22045e-16
11.118 -5.52651e-09
11.118 -2.22045e-16
11.118 0
11.118 0
11.118 -5.56418e-10
11.118 -5.52651e-09
11.2451 0.000141186
11.1181 2.86361e-09
11.1181 2.5091e-14
11.1181 -2.5091e-14
11.1181 0
11.1181 0
11.1181 -5.5424e-10
11.1181 -5.50473e-09
11.2452 0.000141229
11.1181 2.85144e-09
11.1181 2.4869e-14
11.1181 -2.4647e-14
11.1181 0
11.1181 0
11.1181 -5.52062e-10
11.1182 -5.48296e-09
11.2452 0.000141273
11.1182 2.83929e-09
11.1182 2.44249e-14
11.1182 -2.42029e-14
11.1182 2.22045e-16
11.1182 2.22045e-16
11.1182 -4.44089e-16
11.1182 -2.22045e-16
11.1182 2.22045e-16
11.1182 -5.46119e-09
11.1182 -2.22045e-16
11.1182 -2.22045e-16
11.1182 0
11.1182 0
11.1182 -5.49885e-10
11.1182 -5.46119e-09
11.2453 0.000141317
11.1182 2.82715e-09
11.1182 2.4647e-14
11.1182 -2.4869e-14
11.1182 0
11.1182 0
11.1182 -5.47709e-10
11.1183 -5.43943e-09
11.2453 0.000141361
11.1183 2.81502e-09
11.1183 2.42029e-14
11.1183 -2.42029e-14
11.1183 0
11.1183 0
11.1183 -5.45533e-10
11.1184 -5.41768e-09
11.2454 0.000141405
11.1184 2.8029e-09
11.1184 2.42029e-14
11.1184 -2.42029e-14
11.1184 0
11.1184 0
11.1184 -5.43359e-10
11.1184 -5.39594e-09
11.2455 0.000141449
11.1184 2.79079e-09
11.1184 2.37588e-14
11.1184 -2.35367e-14
11.1184 0
11.1184 0
11.1184 -5.41185e-10
11.1185 -5.37421e-09
11.2455 0.000141493
11.1185 2.77869e-09
11.1185 2.37588e-14
11.1185 -2.37588e-14
11.1185 0
11.1185 0
11.1185 -5.39012e-10
11.1185 -5.35248e-09
11.2456 0.000141536
11.1185 2.76661e-09
11.1185 2.33147e-14
11.1185 -2.33147e-14
11.1185 0
11.1185 0
11.1185 -5.36839e-10
11.1186 -5.33076e-09
11.2456 0.00014158
11.1186 2.75454e-09
11.1186 2.33147e-14
11.1186 -2.30926e-14
11.1186 0
11.1186 0
11.1186 -5.34668e-10
11.1187 -5.30905e-09
11.2457 0.000141624
11.1187 2.74248e-09
11.1187 2.28706e-14
11.1187 -2.28706e-14
11.1187 0
11.1187 0
11.1187 -5.32496e-10
11.1187 -5.28734e-09
11.2458 0.000141668
11.1187 2.73043e-09
11.1187 2.28706e-14
11.1187 -2.28706e-14
11.1187 0
11.1187 0
11.1187 -5.30327e-10
11.1188 -5.26565e-09
11.2458 0.000141712
11.1188 2.71839e-09
11.1188 2.26485e-14
11.1188 -2.28706e-14
11.1188 0
11.1188 0
11.1188 -5.28157e-10
11.1188 -5.24396e-09
11.2459 0.000141755
11.1188 2.70636e-09
11.1188 2.26485e-14
11.1188 -2.26485e-14
11.1188 -2.22045e-16
11.1188 2.22045e-16
11.1188 2.22045e-16
11.1188 2.22045e-16
11.1189 -5.22228e-09
11.1188 0
11.1188 0
11.1189 -5.25989e-10
11.1189 -5.22228e-09
11.246 0.000141799
11.1189 2.69435e-09
11.1189 2.22045e-14
11.1189 -2.24265e-14
11.1189 2.22045e-16
11.1189 -2.22045e-16
11.1189 2.22045e-16
11.119 -5.2006e-09
11.1189 -2.22045e-16
11.1189 -2.22045e-16
11.1189 0
11.1189 0
11.1189 -5.23821e-10
11.119 -5.2006e-09
11.246 0.000141843
11.119 2.68235e-09
11.119 2.24265e-14
11.119 -2.24265e-14
11.119 -2.22045e-16
11.119 2.22045e-16
11.119 0
11.119 0
11.119 -5.21653e-10
11.119 -5.17894e-09
11.2461 0.000141887
11.119 2.67035e-09
11.119 2.19824e-14
11.119 -2.22045e-14
11.119 -2.22045e-16
11.119 2.22045e-16
11.119 0
11.119 0
11.119 -5.19487e-10
11.1191 -5.15728e-09
11.2461 0.00014193
11.1191 2.65837e-09
11.1191 2.15383e-14
11.1191 -2.17604e-14
11.1191 2.22045e-16
11.1191 -2.22045e-16
11.1191 2.22045e-16
11.1192 -5.13563e-09
11.1191 0
11.1191 0
11.1191 -5.17322e-10
11.1192 -5.13563e-09
11.2462 0.000141974
11.1192 2.64641e-09
11.1192 2.13163e-14
11.1192 -2.10942e-14
11.1192 0
11.1192 0
11.1192 -5.15157e-10
11.1192 -5.11398e-09
11.2463 0.000142018
11.1192 2.63445e-09
11.1192 2.13163e-14
11.1192 -2.13163e-14
11.1192 -2.22045e-16
11.1192 2.22045e-16
11.1192 2.22045e-16
11.1192 2.22045e-16
11.1193 -5.09235e-09
11.1192 -2.22045e-16
11.1192 0
11.1192 0
11.1192 -5.12993e-10
11.1193 -5.09235e-09
11.2463 0.000142061
11.1193 2.6225e-09
11.1193 2.15383e-14
11.1193 -2.19824e-14
11.1193 -2.22045e-16
11.1193 4.44089e-16
11.1193 0
11.1193 0
11.1193 -5.10829e-10
11.1193 -5.07072e-09
11.2464 0.000142105
11.1193 2.61057e-09
11.1193 2.10942e-14
11.1193 -2.13163e-14
11.1193 -2.22045e-16
11.1193 2.22045e-16
11.1193 2.22045e-16
11.1193 2.22045e-16
11.1194 -5.0491e-09
11.1193 -2.22045e-16
11.1193 0
11.1193 0
11.1193 -5.08667e-10
11.1194 -5.0491e-09
11.2464 0.000142149
11.1194 2.59864e-09
11.1194 2.06501e-14
11.1194 -2.08722e-14
11.1194 2.22045e-16
11.1194 -2.22045e-16
11.1194 2.22045e-16
11.1195 -5.02749e-09
11.1194 0
11.1194 0
11.1194 -5.06505e-10
11.1195 -5.02749e-09
11.2465 0.000142192
11.1195 2.58673e-09
11.1195 2.06501e-14
11.1195 -2.06501e-14
11.1195 0
11.1195 0
11.1195 -5.04344e-10
11.1195 -5.00588e-09
11.2466 0.000142236
11.1195 2.57483e-09
11.1195 2.02061e-14
11.1195 -2.02061e-14
11.1195 -2.22045e-16
11.1195 6.66134e-16
11.1195 2.22045e-16
11.1195 2.22045e-16
11.1196 -4.98428e-09
11.1195 2.22045e-16
11.1195 0
11.1195 0
11.1195 -5.02183e-10
11.1196 -4.98428e-09
11.2466 0.00014228
11.1196 2.56294e-09
11.1196 2.02061e-14
11.1196 -2.04281e-14
11.1196 0
11.1196 0
11.1196 -5.00024e-10
11.1196 -4.96269e-09
11.2467 0.000142323
11.1196 2.55106e-09
11.1196 1.9984e-14
11.1196 -1.9984e-14
11.1196 0
11.1196 0
11.1196 -4.97865e-10
11.1197 -4.94111e-09
11.2468 0.000142367
11.1197 2.5392e-09
11.1197 1.9762e-14
11.1197 -1.9762e-14
11.1197 -2.22045e-16
11.1197 2.22045e-16
11.1197 0
11.1197 0
11.1197 -4.95707e-10
11.1198 -4.91953e-09
11.2468 0.000142411
11.1198 2.52734e-09
11.1198 1.95399e-14
11.1198 -1.95399e-14
11.1198 2.22045e-16
11.1198 -2.22045e-16
11.1198 2.22045e-16
11.1198 -4.89796e-09
11.1198 -2.22045e-16
11.1198 -2.22045e-16
11.1198 0
11.1198 0
11.1198 -4.9355e-10
11.1198 -4.89796e-09
11.2469 0.000142454
11.1198 2.5155e-09
11.1198 1.93179e-14
11.1198 -1.93179e-14
11.1198 2.22045e-16
11.1198 0
11.1198 0
11.1198 -4.91393e-10
11.1199 -4.8764e-09
11.2469 0.000142498
11.1199 2.50366e-09
11.1199 1.90958e-14
11.1199 -1.90958e-14
11.1199 2.22045e-16
11.1199 0
11.1199 0
11.1199 -4.89238e-10
11.1199 -4.85485e-09
11.247 0.000142541
11.1199 2.49184e-09
11.1199 1.93179e-14
11.1199 -1.95399e-14
11.1199 0
11.1199 0
11.12 -4.87083e-10
11.12 -4.83331e-09
11.2471 0.000142585
11.12 2.48003e-09
11.12 1.88738e-14
11.12 -1.88738e-14
11.12 2.22045e-16
11.12 0
11.12 0
11.12 -4.84928e-10
11.1201 -4.81177e-09
11.2471 0.000142628
11.1201 2.46823e-09
11.1201 1.88738e-14
11.1201 -1.90958e-14
11.1201 0
11.1201 0
11.1201 -4.82774e-10
11.1201 -4.79024e-09
11.2472 0.000142672
11.1201 2.45644e-09
11.1201 1.86517e-14
11.1201 -1.84297e-14
11.1201 0
11.1201 0
11.1201 -4.80622e-10
11.1202 -4.76871e-09
11.2472 0.000142715
11.1202 2.44466e-09
11.1202 1.79856e-14
11.1202 -1.77636e-14
11.1202 0
11.1202 0
11.1202 -4.7847e-10
11.1202 -4.7472e-09
11.2473 0.000142759
11.1203 2.4329e-09
11.1203 1.82077e-14
11.1203 -1.84297e-14
11.1203 2.22045e-16
11.1203 -2.22045e-16
11.1203 2.22045e-16
11.1203 -4.72569e-09
11.1203 -2.22045e-16
11.1203 0
11.1203 0
11.1203 -4.76319e-10
11.1203 -4.72569e-09
11.2474 0.000142802
11.1203 2.42114e-09
11.1203 1.79856e-14
11.1203 -1.79856e-14
11.1203 -2.22045e-16
11.1203 4.44089e-16
11.1203 2.22045e-16
11.1203 2.22045e-16
11.1204 -4.70419e-09
11.1203 -2.22045e-16
11.1203 0
11.1203 0
11.1203 -4.74168e-10
11.1204 -4.70419e-09
11.2474 0.000142846
11.1204 2.4094e-09
11.1204 1.75415e-14
11.1204 -1.73195e-14
11.1204 2.22045e-16
11.1204 -2.22045e-16
11.1204 2.22045e-16
11.1204 -4.6827e-09
11.1204 -2.22045e-16
11.1204 -2.22045e-16
11.1204 -2.22045e-16
11.1204 0
11.1204 0
11.1204 -4.72018e-10
11.1204 -4.6827e-09
11.2475 0.000142889
11.1204 2.39767e-09
11.1204 1.77636e-14
11.1204 -1.79856e-14
11.1204 0
11.1204 0
11.1204 -4.69869e-10
11.1205 -4.66121e-09
11.2476 0.000142933
11.1205 2.38595e-09
11.1205 1.75415e-14
11.1205 -1.75415e-14
11.1205 0
11.1205 0
11.1205 -4.67721e-10
11.1206 -4.63973e-09
11.2476 0.000142976
11.1206 2.37424e-09
11.1206 1.70974e-14
11.1206 -1.70974e-14
11.1206 2.22045e-16
11.1206 -2.22045e-16
11.1206 2.22045e-16
11.1206 -4.61826e-09
11.1206 0
11.1206 0
11.1206 -4.65573e-10
11.1206 -4.61826e-09
11.2477 0.00014302
11.1206 2.36254e-09
11.1206 1.70974e-14
11.1206 -1.70974e-14
11.1206 2.22045e-16
11.1206 -2.22045e-16
11.1206 2.22045e-16
11.1207 -4.5968e-09
11.1206 -2.22045e-16
11.1206 -2.22045e-16
11.1206 2.22045e-16
11.1206 -2.22045e-16
11.1206 -2.22045e-16
11.1206 -2.22045e-16
11.1207 -4.5968e-09
11.2477 0.000143063
11.1207 2.35085e-09
11.1207 1.70974e-14
11.1207 -1.73195e-14
11.1207 2.22045e-16
11.1207 -2.22045e-16
11.1207 2.22045e-16
11.1207 -4.57534e-09
11.1207 -4.44089e-16
11.1207 -2.22045e-16
11.1207 0
11.1207 0
11.1207 -4.6128e-10
11.1207 -4.57534e-09
11.2478 0.000143107
11.1207 2.33917e-09
11.1207 1.66533e-14
11.1207 -1.66533e-14
11.1207 2.22045e-16
11.1207 -2.22045e-16
11.1207 2.22045e-16
11.1208 -4.55389e-09
11.1207 -2.22045e-16
11.1207 -2.22045e-16
11.1207 0
11.1207 0
11.1207 -4.59135e-10
11.1208 -4.55389e-09
11.2479 0.00014315
11.1208 2.3275e-09
11.1208 1.66533e-14
11.1208 -1.66533e-14
11.1208 -2.22045e-16
11.1208 2.22045e-16
11.1208 0
11.1208 0
11.1208 -4.5699e-10
11.1209 -4.53245e-09
11.2479 0.000143194
11.1209 2.31585e-09
11.1209 1.66533e-14
11.1209 -1.68754e-14
11.1209 0
11.1209 0
11.1209 -4.54846e-10
11.1209 -4.51102e-09
11.248 0.000143237
11.1209 2.3042e-09
11.1209 1.64313e-14
11.1209 -1.62093e-14
11.1209 0
11.1209 0
11.1209 -4.52703e-10
11.121 -4.48959e-09
11.248 0.00014328
11.121 2.29257e-09
11.121 1.59872e-14
11.121 -1.57652e-14
11.121 0
11.121 0
11.121 -4.50561e-10
11.121 -4.46817e-09
11.2481 0.000143324
11.121 2.28095e-09
11.121 1.62093e-14
11.121 -1.66533e-14
11.121 0
11.121 0
11.121 -4.48419e-10
11.1211 -4.44676e-09
11.2482 0.000143367
11.1211 2.26933e-09
11.1211 1.57652e-14
11.1211 -1.57652e-14
11.1211 2.22045e-16
11.1211 0
11.1211 0
11.1211 -4.46279e-10
11.1212 -4.42536e-09
11.2482 0.000143411
11.1212 2.25773e-09
11.1212 1.55431e-14
11.1212 -1.53211e-14
11.1212 0
11.1212 0
11.1212 -4.44138e-10
11.1212 -4.40396e-09
11.2483 0.000143454
11.1212 2.24614e-09
11.1212 1.53211e-14
11.1212 -1.53211e-14
11.1212 2.22045e-16
11.1212 -2.22045e-16
11.1212 2.22045e-16
11.1213 -4.38257e-09
11.1212 -2.22045e-16
11.1212 0
11.1212 0
11.1212 -4.41999e-10
11.1213 -4.38257e-09
11.2483 0.000143497
11.1213 2.23456e-09
11.1213 1.5099e-14
11.1213 -1.5099e-14
11.1213 0
11.1213 0
11.1213 -4.3986e-10
11.1213 -4.36119e-09
11.2484 0.000143541
11.1213 2.223e-09
11.1213 1.5099e-14
11.1213 -1.5099e-14
11.1213 0
11.1213 0
11.1213 -4.37722e-10
11.1214 -4.33981e-09
11.2485 0.000143584
11.1214 2.21144e-09
11.1214 1.4877e-14
11.1214 -1.4877e-14
11.1214 2.22045e-16
11.1214 -2.22045e-16
11.1214 2.22045e-16
11.1215 -4.31845e-09
11.1214 0
11.1214 0
11.1214 -4.35585e-10
11.1215 -4.31845e-09
11.2485 0.000143627
11.1215 2.19989e-09
11.1215 1.44329e-14
11.1215 -1.39888e-14
11.1215 0
11.1215 0
11.1215 -4.33448e-10
11.1215 -4.29709e-09
11.2486 0.000143671
11.1215 2.18836e-09
11.1215 1.46549e-14
11.1215 -1.44329e-14
11.1215 -2.22045e-16
11.1215 4.44089e-16
11.1215 2.22045e-16
11.1215 2.22045e-16
11.1216 -4.27573e-09
11.1215 -2.22045e-16
11.1215 -2.22045e-16
11.1215 0
11.1215 0
11.1215 -4.31313e-10
11.1216 -4.27573e-09
11.2486 0.000143714
11.1216 2.17683e-09
11.1216 1.46549e-14
11.1216 -1.4877e-14
11.1216 2.22045e-16
11.1216 0
11.1216 0
11.1216 -4.29178e-10
11.1216 -4.25439e-09
11.2487 0.000143757
11.1216 2.16532e-09
11.1216 1.42109e-14
11.1216 -1.42109e-14
11.1216 0
11.1216 0
11.1217 -4.27044e-10
11.1217 -4.23305e-09
11.2488 0.0001438
11.1217 2.15382e-09
11.1217 1.39888e-14
11.1217 -1.37668e-14
11.1217 2.22045e-16
11.1217 -2.22045e-16
11.1217 2.22045e-16
11.1218 -4.21172e-09
11.1217 -2.22045e-16
11.1217 2.22045e-16
11.1217 -2.22045e-16
11.1217 -2.22045e-16
11.1217 0
11.1217 0
11.1217 -4.2491e-10
11.1218 -4.21172e-09
11.2488 0.000143844
11.1218 2.14232e-09
11.1218 1.39888e-14
11.1218 -1.39888e-14
11.1218 2.22045e-16
11.1218 -2.22045e-16
11.1218 2.22045e-16
11.1218 -4.1904e-09
11.1218 -2.22045e-16
11.1218 2.22045e-16
11.1218 0
11.1218 0
11.1218 -4.22777e-10
11.1218 -4.1904e-09
11.2489 0.000143887
11.1218 2.13084e-09
11.1218 1.39888e-14
11.1218 -1.42109e-14
11.1218 2.22045e-16
11.1218 -1.11022e-15
11.1218 -2.22045e-16
11.1218 2.22045e-16
11.1219 -4.16908e-09
11.1218 -2.22045e-16
11.1218 0
11.1218 0
11.1218 -4.20645e-10
11.1219 -4.16908e-09
11.249 0.00014393
11.1219 2.11937e-09
11.1219 1.37668e-14
11.1219 -1.39888e-14
11.1219 2.22045e-16
11.1219 -1.11022e-15
11.1219 0
11.1219 0
11.1219 -4.18514e-10
11.1219 -4.14777e-09
11.249 0.000143973
11.1219 2.10791e-09
11.1219 1.35447e-14
11.1219 -1.31006e-14
11.1219 0
11.1219 0
11.122 -4.16383e-10
11.122 -4.12647e-09
11.2491 0.000144017
11.122 2.09646e-09
11.122 1.33227e-14
11.122 -1.31006e-14
11.122 2.22045e-16
11.122 -2.22045e-16
11.122 2.22045e-16
11.1221 -4.10518e-09
11.122 -2.22045e-16
11.122 2.22045e-16
11.122 0
11.122 0
11.122 -4.14254e-10
11.1221 -4.10518e-09
11.2491 0.00014406
11.1221 2.08502e-09
11.1221 1.33227e-14
11.1221 -1.33227e-14
11.1221 -2.22045e-16
11.1221 2.22045e-16
11.1221 2.22045e-16
11.1221 -4.08389e-09
11.1221 2.22045e-16
11.1221 -2.22045e-16
11.1221 2.22045e-16
11.1221 -2.22045e-16
11.1221 0
11.1221 0
11.1221 -4.12124e-10
11.1221 -4.08389e-09
11.2492 0.000144103
11.1221 2.07359e-09
11.1221 1.31006e-14
11.1221 -1.31006e-14
11.1221 -2.22045e-16
11.1221 4.44089e-16
11.1221 4.44089e-16
11.1222 -4.06261e-09
11.1221 0
11.1221 0
11.1221 -4.09996e-10
11.1222 -4.06261e-09
11.2493 0.000144146
11.1222 2.06218e-09
11.1222 1.28786e-14
11.1222 -1.26565e-14
11.1222 0
11.1222 0
11.1222 -4.07868e-10
11.1222 -4.04134e-09
11.2493 0.000144189
11.1223 2.05077e-09
11.1222 1.28786e-14
11.1222 -1.26565e-14
11.1222 0
11.1222 0
11.1223 -4.05741e-10
11.1223 -4.02008e-09
11.2494 0.000144233
11.1223 2.03937e-09
11.1223 1.28786e-14
11.1223 -1.31006e-14
11.1223 -2.22045e-16
11.1223 2.22045e-16
11.1223 2.22045e-16
11.1224 -3.99882e-09
11.1223 2.22045e-16
11.1223 -2.22045e-16
11.1223 0
11.1223 0
11.1223 -4.03615e-10
11.1224 -3.99882e-09
11.2494 0.000144276
11.1224 2.02799e-09
11.1224 1.26565e-14
11.1224 -1.26565e-14
11.1224 -2.22045e-16
11.1224 4.44089e-16
11.1224 4.44089e-16
11.1224 -3.97757e-09
11.1224 -2.22045e-16
11.1224 2.22045e-16
11.1224 0
11.1224 0
11.1224 -4.0149e-10
11.1224 -3.97757e-09
11.2495 0.000144319
11.1224 2.01661e-09
11.1224 1.24345e-14
11.1224 -1.24345e-14
11.1224 0
11.1224 0
11.1224 -3.99365e-10
11.1225 -3.95633e-09
11.2496 0.000144362
11.1225 2.00525e-09
11.1225 1.24345e-14
11.1225 -1.24345e-14
11.1225 0
11.1225 0
11.1225 -3.97241e-10
11.1225 -3.93509e-09
11.2496 0.000144405
11.1226 1.99389e-09
11.1226 1.22125e-14
11.1226 -1.22125e-14
11.1226 0
11.1226 0
11.1226 -3.95118e-10
11.1226 -3.91387e-09
11.2497 0.000144448
11.1226 1.98255e-09
11.1226 1.22125e-14
11.1226 -1.22125e-14
11.1226 0
11.1226 0
11.1226 -3.92996e-10
11.1227 -3.89265e-09
11.2497 0.000144491
11.1227 1.97122e-09
11.1227 1.17684e-14
11.1227 -1.17684e-14
11.1227 2.22045e-16
11.1227 -2.22045e-16
11.1227 2.22045e-16
11.1227 -3.87143e-09
11.1227 0
11.1227 0
11.1227 -3.90874e-10
11.1227 -3.87143e-09
11.2498 0.000144534
11.1227 1.95989e-09
11.1227 1.17684e-14
11.1227 -1.17684e-14
11.1227 -2.22045e-16
11.1227 4.44089e-16
11.1227 4.44089e-16
11.1228 -3.85023e-09
11.1227 -2.22045e-16
11.1227 0
11.1227 0
11.1227 -3.88752e-10
11.1228 -3.85023e-09
11.2499 0.000144578
11.1228 1.94858e-09
11.1228 1.15463e-14
11.1228 -1.17684e-14
11.1228 -2.22045e-16
11.1228 4.44089e-16
11.1228 4.44089e-16
11.1228 -3.82903e-09
11.1228 2.22045e-16
11.1228 0
11.1228 0
11.1228 -3.86633e-10
11.1228 -3.82903e-09
11.2499 0.000144621
11.1229 1.93728e-09
11.1229 1.13243e-14
11.1229 -1.11022e-14
11.1229 2.22045e-16
11.1229 -2.22045e-16
11.1229 2.22045e-16
11.1229 -3.80784e-09
11.1229 -2.22045e-16
11.1229 0
11.1229 0
11.1229 -3.84512e-10
11.1229 -3.80784e-09
11.25 0.000144664
11.1229 1.92599e-09
11.1229 1.13243e-14
11.1229 -1.13243e-14
11.1229 -2.22045e-16
11.1229 4.44089e-16
11.1229 4.44089e-16
11.123 -3.78665e-09
11.1229 -2.22045e-16
11.1229 0
11.1229 0
11.1229 -3.82393e-10
11.123 -3.78665e-09
11.25 0.000144707
11.123 1.91471e-09
11.123 1.13243e-14
11.123 -1.13243e-14
11.123 -2.22045e-16
11.123 2.22045e-16
11.123 2.22045e-16
11.123 -3.76547e-09
11.123 2.22045e-16
11.123 0
11.123 0
11.123 -3.80275e-10
11.123 -3.76547e-09
11.2501 0.00014475
11.123 1.90344e-09
11.123 1.11022e-14
11.123 -1.13243e-14
11.123 0
11.123 0
11.123 -3.78158e-10
11.1231 -3.7443e-09
11.2502 0.000144793
11.1231 1.89218e-09
11.1231 1.11022e-14
11.1231 -1.11022e-14
11.1231 -2.22045e-16
11.1231 4.44089e-16
11.1231 4.44089e-16
11.1231 -3.72314e-09
11.1231 0
11.1231 0
11.1231 -3.76041e-10
11.1231 -3.72314e-09
11.2502 0.000144836
11.1232 1.88093e-09
11.1232 1.08802e-14
11.1232 -1.08802e-14
11.1232 -2.22045e-16
11.1232 4.44089e-16
11.1232 4.44089e-16
11.1232 -3.70199e-09
11.1232 0
11.1232 0
11.1232 -3.73925e-10
11.1232 -3.70199e-09
11.2503 0.000144879
11.1232 1.86969e-09
11.1232 1.04361e-14
11.1232 -1.02141e-14
11.1232 0
11.1232 0
11.1232 -3.7181e-10
11.1233 -3.68084e-09
11.2503 0.000144922
11.1233 1.85846e-09
11.1233 1.06581e-14
11.1233 -1.08802e-14
11.1233 2.22045e-16
11.1233 -1.11022e-15
11.1233 -2.22045e-16
11.1233 2.22045e-16
11.1233 -3.6597e-09
11.1233 -2.22045e-16
11.1233 -2.22045e-16
11.1233 0
11.1233 0
11.1233 -3.69695e-10
11.1233 -3.6597e-09
11.2504 0.000144965
11.1233 1.84725e-09
11.1233 1.04361e-14
11.1233 -1.04361e-14
11.1233 0
11.1233 0
11.1233 -3.67582e-10
11.1234 -3.63856e-09
11.2505 0.000145008
11.1234 1.83604e-09
11.1234 9.99201e-15
11.1234 -9.99201e-15
11.1234 2.22045e-16
11.1234 -6.66134e-16
11.1234 -2.22045e-16
11.1234 2.22045e-16
11.1235 -3.61744e-09
11.1234 -2.22045e-16
11.1234 -2.22045e-16
11.1234 0
11.1234 0
11.1234 -3.65468e-10
11.1235 -3.61744e-09
11.2505 0.000145051
11.1235 1.82484e-09
11.1235 9.99201e-15
11.1235 -9.99201e-15
11.1235 0
11.1235 0
11.1235 -3.63356e-10
11.1235 -3.59632e-09
11.2506 0.000145094
11.1235 1.81366e-09
11.1235 9.76996e-15
11.1235 -9.76996e-15
11.1235 2.22045e-16
11.1235 -8.88178e-16
11.1235 0
11.1235 0
11.1235 -3.61245e-10
11.1236 -3.57521e-09
11.2506 0.000145137
11.1236 1.80248e-09
11.1236 9.76996e-15
11.1236 -9.99201e-15
11.1236 0
11.1236 0
11.1236 -3.59133e-10
11.1236 -3.5541e-09
11.2507 0.00014518
11.1236 1.79131e-09
11.1236 9.76996e-15
11.1236 -9.99201e-15
11.1236 2.22045e-16
11.1236 -8.88178e-16
11.1236 -2.22045e-16
11.1236 2.22045e-16
11.1237 -3.533e-09
11.1236 -2.22045e-16
11.1236 0
11.1236 0
11.1236 -3.57023e-10
11.1237 -3.533e-09
11.2508 0.000145223
11.1237 1.78016e-09
11.1237 9.76996e-15
11.1237 -9.76996e-15
11.1237 0
11.1237 0
11.1237 -3.54914e-10
11.1237 -3.51191e-09
11.2508 0.000145266
11.1238 1.76901e-09
11.1238 9.54792e-15
11.1238 -9.54792e-15
11.1238 0
11.1238 0
11.1238 -3.52805e-10
11.1238 -3.49083e-09
11.2509 0.000145309
11.1238 1.75788e-09
11.1238 9.54792e-15
11.1238 -9.54792e-15
11.1238 0
11.1238 0
11.1238 -3.50697e-10
11.1239 -3.46975e-09
11.251 0.000145351
11.1239 1.74675e-09
11.1239 9.32587e-15
11.1239 -9.54792e-15
11.1239 2.22045e-16
11.1239 -8.88178e-16
11.1239 -2.22045e-16
11.1239 2.22045e-16
11.1239 -3.44869e-09
11.1239 -2.22045e-16
11.1239 0
11.1239 0
11.1239 -3.48589e-10
11.1239 -3.44869e-09
11.251 0.000145394
11.1239 1.73564e-09
11.1239 9.10383e-15
11.1239 -8.65974e-15
11.1239 -2.22045e-16
11.1239 2.22045e-16
11.1239 2.22045e-16
11.124 -3.42762e-09
11.1239 2.22045e-16
11.1239 -2.22045e-16
11.1239 2.22045e-16
11.1239 0
11.1239 0
11.1239 -3.46483e-10
11.124 -3.42762e-09
11.2511 0.000145437
11.124 1.72453e-09
11.124 9.10383e-15
11.124 -9.10383e-15
11.124 -2.22045e-16
11.124 4.44089e-16
11.124 4.44089e-16
11.124 -3.40657e-09
11.124 -2.22045e-16
11.124 0
11.124 0
11.124 -3.44377e-10
11.124 -3.40657e-09
11.2511 0.00014548
11.1241 1.71344e-09
11.1241 9.10383e-15
11.1241 -9.10383e-15
11.1241 -2.22045e-16
11.1241 2.22045e-16
11.1241 2.22045e-16
11.1241 -3.38552e-09
11.1241 2.22045e-16
11.1241 -2.22045e-16
11.1241 -2.22045e-16
11.1241 -2.22045e-16
11.1241 -2.22045e-16
11.1241 -2.22045e-16
11.1241 -3.38552e-09
11.2512 0.000145523
11.1241 1.70235e-09
11.1241 8.88178e-15
11.1241 -8.65974e-15
11.1241 -2.22045e-16
11.1241 4.44089e-16
11.1241 4.44089e-16
11.1242 -3.36448e-09
11.1241 -2.22045e-16
11.1241 2.22045e-16
11.1241 2.22045e-16
11.1241 -2.22045e-16
11.1241 0
11.1241 0
11.1241 -3.40167e-10
11.1242 -3.36448e-09
11.2513 0.000145566
11.1242 1.69128e-09
11.1242 8.65974e-15
11.1242 -8.65974e-15
11.1242 0
11.1242 0
11.1242 -3.38063e-10
11.1242 -3.34345e-09
11.2513 0.000145609
11.1242 1.68022e-09
11.1242 8.43769e-15
11.1242 -8.21565e-15
11.1242 2.22045e-16
11.1242 0
11.1242 0
11.1242 -3.3596e-10
11.1243 -3.32242e-09
11.2514 0.000145651
11.1243 1.66916e-09
11.1243 8.65974e-15
11.1243 -8.65974e-15
11.1243 0
11.1243 0
11.1243 -3.33858e-10
11.1243 -3.3014e-09
11.2514 0.000145694
11.1244 1.65812e-09
11.1244 8.65974e-15
11.1244 -8.88178e-15
11.1244 0
11.1244 0
11.1244 -3.31756e-10
11.1244 -3.28039e-09
11.2515 0.000145737
11.1244 1.64709e-09
11.1244 8.21565e-15
11.1244 -7.99361e-15
11.1244 2.22045e-16
11.1244 -2.22045e-16
11.1244 2.22045e-16
11.1245 -3.25939e-09
11.1244 -2.22045e-16
11.1244 0
11.1244 0
11.1244 -3.29656e-10
11.1245 -3.25939e-09
11.2516 0.00014578
11.1245 1.63606e-09
11.1245 7.77156e-15
11.1245 -7.54952e-15
11.1245 0
11.1245 0
11.1245 -3.27555e-10
11.1245 -3.23839e-09
11.2516 0.000145823
11.1245 1.62505e-09
11.1245 8.21565e-15
11.1245 -8.43769e-15
11.1245 -2.22045e-16
11.1245 2.22045e-16
11.1245 2.22045e-16
11.1246 -3.2174e-09
11.1245 -2.22045e-16
11.1245 2.22045e-16
11.1245 2.22045e-16
11.1245 2.22045e-16
11.1245 2.22045e-16
11.1245 -2.22045e-16
11.1246 -3.2174e-09
11.2517 0.000145866
11.1246 1.61405e-09
11.1246 7.99361e-15
11.1246 -7.99361e-15
11.1246 2.22045e-16
11.1246 -8.88178e-16
11.1246 -2.22045e-16
11.1246 2.22045e-16
11.1246 -3.19642e-09
11.1246 -2.22045e-16
11.1246 -2.22045e-16
11.1246 -2.22045e-16
11.1246 0
11.1246 0
11.1246 -3.23357e-10
11.1246 -3.19642e-09
11.2517 0.000145908
11.1246 1.60306e-09
11.1246 7.77156e-15
11.1246 -7.54952e-15
11.1246 0
11.1246 0
11.1247 -3.21259e-10
11.1247 -3.17544e-09
11.2518 0.000145951
11.1247 1.59207e-09
11.1247 7.77156e-15
11.1247 -7.77156e-15
11.1247 0
11.1247 0
11.1247 -3.19161e-10
11.1248 -3.15447e-09
11.2519 0.000145994
11.1248 1.5811e-09
11.1248 7.77156e-15
11.1248 -7.99361e-15
11.1248 0
11.1248 0
11.1248 -3.17065e-10
11.1248 -3.13351e-09
11.2519 0.000146037
11.1248 1.57014e-09
11.1248 7.54952e-15
11.1248 -7.77156e-15
11.1248 2.22045e-16
11.1248 -6.66134e-16
11.1248 -2.22045e-16
11.1248 2.22045e-16
11.1249 -3.11256e-09
11.1248 0
11.1248 0
11.1248 -3.14969e-10
11.1249 -3.11256e-09
11.252 0.000146079
11.1249 1.55919e-09
11.1249 7.32747e-15
11.1249 -7.32747e-15
11.1249 0
11.1249 0
11.1249 -3.12874e-10
11.1249 -3.09161e-09
11.252 0.000146122
11.1249 1.54824e-09
11.1249 7.32747e-15
11.1249 -7.32747e-15
11.1249 2.22045e-16
11.1249 -6.66134e-16
11.1249 -2.22045e-16
11.1249 2.22045e-16
11.125 -3.07067e-09
11.1249 -2.22045e-16
11.1249 -2.22045e-16
11.1249 -2.22045e-16
11.1249 0
11.1249 0
11.125 -3.10779e-10
11.125 -3.07067e-09
11.2521 0.000146165
11.125 1.53731e-09
11.125 7.10543e-15
11.125 -7.10543e-15
11.125 0
11.125 0
11.125 -3.08685e-10
11.1251 -3.04974e-09
11.2522 0.000146207
11.1251 1.52639e-09
11.1251 6.88338e-15
11.1251 -6.88338e-15
11.1251 0
11.1251 0
11.1251 -3.06592e-10
11.1251 -3.02881e-09
11.2522 0.00014625
11.1251 1.51548e-09
11.1251 6.66134e-15
11.1251 -6.66134e-15
11.1251 2.22045e-16
11.1251 -6.66134e-16
11.1251 2.22045e-16
11.1251 -2.22045e-16
11.1251 2.22045e-16
11.1252 -3.00789e-09
11.1251 -2.22045e-16
11.1251 -2.22045e-16
11.1251 -2.22045e-16
11.1251 -2.22045e-16
11.1251 -2.22045e-16
11.1252 -3.00789e-09
11.2523 0.000146293
11.1252 1.50457e-09
11.1252 6.88338e-15
11.1252 -6.88338e-15
11.1252 -2.22045e-16
11.1252 4.44089e-16
11.1252 4.44089e-16
11.1252 -2.98698e-09
11.1252 0
11.1252 0
11.1252 -3.02408e-10
11.1252 -2.98698e-09
11.2523 0.000146336
11.1252 1.49368e-09
11.1252 6.88338e-15
11.1252 -6.88338e-15
11.1252 -2.22045e-16
11.1252 4.44089e-16
11.1252 4.44089e-16
11.1253 -2.96607e-09
11.1252 -2.22045e-16
11.1252 0
11.1252 0
11.1253 -3.00317e-10
11.1253 -2.96607e-09
11.2524 0.000146378
11.1253 1.4828e-09
11.1253 6.88338e-15
11.1253 -6.88338e-15
11.1253 -2.22045e-16
11.1253 2.22045e-16
11.1253 2.22045e-16
11.1254 -2.94518e-09
11.1253 -2.22045e-16
11.1253 2.22045e-16
11.1253 2.22045e-16
11.1253 2.22045e-16
11.1253 0
11.1253 0
11.1253 -2.98227e-10
11.1254 -2.94518e-09
11.2525 0.000146421
11.1254 1.47192e-09
11.1254 6.88338e-15
11.1254 -6.88338e-15
11.1254 -2.22045e-16
11.1254 2.22045e-16
11.1254 2.22045e-16
11.1254 -2.92429e-09
11.1254 0
11.1254 0
11.1254 -2.96138e-10
11.1254 -2.92429e-09
11.2525 0.000146463
11.1254 1.46106e-09
11.1254 6.66134e-15
11.1254 -6.66134e-15
11.1254 -2.22045e-16
11.1254 4.44089e-16
11.1254 4.44089e-16
11.1255 -2.9034e-09
11.1254 0
11.1254 0
11.1254 -2.94049e-10
11.1255 -2.9034e-09
11.2526 0.000146506
11.1255 1.45021e-09
11.1255 6.43929e-15
11.1255 -6.43929e-15
11.1255 0
11.1255 0
11.1255 -2.91961e-10
11.1255 -2.88253e-09
11.2526 0.000146549
11.1255 1.43937e-09
11.1255 6.21725e-15
11.1255 -5.9952e-15
11.1255 -2.22045e-16
11.1255 2.22045e-16
11.1255 2.22045e-16
11.1256 -2.86166e-09
11.1255 2.22045e-16
11.1255 0
11.1255 0
11.1255 -2.89873e-10
11.1256 -2.86166e-09
11.2527 0.000146591
11.1256 1.42853e-09
11.1256 6.21725e-15
11.1256 -6.21725e-15
11.1256 2.22045e-16
11.1256 -6.66134e-16
11.1256 -2.22045e-16
11.1256 2.22045e-16
11.1257 -2.84079e-09
11.1256 -4.44089e-16
11.1256 -2.22045e-16
11.1256 -2.22045e-16
11.1256 -2.22045e-16
11.1256 -2.22045e-16
11.1257 -2.84079e-09
11.2528 0.000146634
11.1257 1.41771e-09
11.1257 5.9952e-15
11.1257 -5.55112e-15
11.1257 -2.22045e-16
11.1257 2.22045e-16
11.1257 2.22045e-16
11.1257 -2.81994e-09
11.1257 2.22045e-16
11.1257 0
11.1257 0
11.1257 -2.857e-10
11.1257 -2.81994e-09
11.2528 0.000146677
11.1257 1.4069e-09
11.1257 5.9952e-15
11.1257 -5.9952e-15
11.1257 2.22045e-16
11.1257 -4.44089e-16
11.1257 -2.22045e-16
11.1257 2.22045e-16
11.1258 -2.79909e-09
11.1257 -2.22045e-16
11.1257 2.22045e-16
11.1257 -2.22045e-16
11.1257 2.22045e-16
11.1257 -2.22045e-16
11.1257 -2.22045e-16
11.1257 -2.22045e-16
11.1258 -2.79909e-09
11.2529 0.000146719
11.1258 1.39609e-09
11.1258 5.77316e-15
11.1258 -5.55112e-15
11.1258 -2.22045e-16
11.1258 2.22045e-16
11.1258 2.22045e-16
11.1258 -2.77825e-09
11.1258 2.22045e-16
11.1258 -2.22045e-16
11.1258 0
11.1258 0
11.1258 -2.81531e-10
11.1258 -2.77825e-09
11.2529 0.000146762
11.1258 1.3853e-09
11.1258 5.77316e-15
11.1258 -5.9952e-15
11.1258 2.22045e-16
11.1258 -6.66134e-16
11.1258 -2.22045e-16
11.1258 2.22045e-16
11.1259 -2.75741e-09
11.1258 -2.22045e-16
11.1258 2.22045e-16
11.1258 0
11.1258 0
11.1258 -2.79446e-10
11.1259 -2.75741e-09
11.253 0.000146804
11.1259 1.37451e-09
11.1259 5.9952e-15
11.1259 -5.9952e-15
11.1259 -2.22045e-16
11.1259 2.22045e-16
11.1259 2.22045e-16
11.126 -2.73659e-09
11.1259 -2.22045e-16
11.1259 2.22045e-16
11.1259 0
11.1259 0
11.1259 -2.77363e-10
11.126 -2.73659e-09
11.2531 0.000146847
11.126 1.36374e-09
11.126 5.55112e-15
11.126 -5.55112e-15
11.126 0
11.126 0
11.126 -2.75281e-10
11.126 -2.71577e-09
11.2531 0.000146889
11.126 1.35298e-09
11.126 5.77316e-15
11.126 -5.9952e-15
11.126 0
11.126 0
11.126 -2.73199e-10
11.1261 -2.69495e-09
11.2532 0.000146932
11.1261 1.34222e-09
11.1261 5.32907e-15
11.1261 -5.32907e-15
11.1261 2.22045e-16
11.1261 -4.44089e-16
11.1261 2.22045e-16
11.1261 2.22045e-16
11.1261 -2.67415e-09
11.1261 -2.22045e-16
11.1261 -2.22045e-16
11.1261 -2.22045e-16
11.1261 0
11.1261 0
11.1261 -2.71118e-10
11.1261 -2.67415e-09
11.2532 0.000146974
11.1261 1.33148e-09
11.1261 5.55112e-15
11.1261 -5.77316e-15
11.1261 -2.22045e-16
11.1261 4.44089e-16
11.1261 4.44089e-16
11.1262 -2.65335e-09
11.1261 -2.22045e-16
11.1261 -2.22045e-16
11.1261 2.22045e-16
11.1261 2.22045e-16
11.1261 2.22045e-16
11.1261 -2.22045e-16
11.1261 2.22045e-16
11.1261 -2.22045e-16
11.1262 -2.65335e-09
11.2533 0.000147017
11.1262 1.32074e-09
11.1262 5.10703e-15
11.1262 -5.10703e-15
11.1262 0
11.1262 0
11.1262 -2.66958e-10
11.1263 -2.63255e-09
11.2533 0.000147059
11.1263 1.31002e-09
11.1263 5.10703e-15
11.1263 -5.10703e-15
11.1263 2.22045e-16
11.1263 -4.44089e-16
11.1263 -2.22045e-16
11.1263 2.22045e-16
11.1263 -2.61177e-09
11.1263 -2.22045e-16
11.1263 -2.22045e-16
11.1263 2.22045e-16
11.1263 0
11.1263 0
11.1263 -2.64879e-10
11.1263 -2.61177e-09
11.2534 0.000147102
11.1263 1.2993e-09
11.1263 5.10703e-15
11.1263 -5.32907e-15
11.1263 0
11.1263 0
11.1263 -2.628e-10
11.1264 -2.59099e-09
11.2535 0.000147144
11.1264 1.28859e-09
11.1264 5.10703e-15
11.1264 -5.10703e-15
11.1264 -2.22045e-16
11.1264 4.44089e-16
11.1264 4.44089e-16
11.1264 -2.57022e-09
11.1264 2.22045e-16
11.1264 -2.22045e-16
11.1264 -2.22045e-16
11.1264 -2.22045e-16
11.1264 2.22045e-16
11.1264 -2.22045e-16
11.1264 0
11.1264 0
11.1264 -2.60723e-10
11.1264 -2.57022e-09
11.2535 0.000147187
11.1264 1.2779e-09
11.1264 5.10703e-15
11.1264 -5.10703e-15
11.1264 0
11.1264 0
11.1264 -2.58646e-10
11.1265 -2.54945e-09
11.2536 0.000147229
11.1265 1.26721e-09
11.1265 4.88498e-15
11.1265 -4.66294e-15
11.1265 0
11.1265 0
11.1265 -2.5657e-10
11.1265 -2.5287e-09
11.2536 0.000147272
11.1266 1.25653e-09
11.1265 4.66294e-15
11.1265 -4.66294e-15
11.1265 0
11.1265 0
11.1266 -2.54494e-10
11.1266 -2.50795e-09
11.2537 0.000147314
11.1266 1.24587e-09
11.1266 4.66294e-15
11.1266 -4.66294e-15
11.1266 2.22045e-16
11.1266 -2.22045e-16
11.1266 -2.22045e-16
11.1266 2.22045e-16
11.1267 -2.4872e-09
11.1266 0
11.1266 0
11.1266 -2.5242e-10
11.1267 -2.4872e-09
11.2538 0.000147357
11.1267 1.23521e-09
11.1267 4.44089e-15
11.1267 -4.21885e-15
11.1267 0
11.1267 0
11.1267 -2.50346e-10
11.1267 -2.46647e-09
11.2538 0.000147399
11.1267 1.22456e-09
11.1267 4.66294e-15
11.1267 -4.66294e-15
11.1267 0
11.1267 0
11.1267 -2.48272e-10
11.1268 -2.44574e-09
11.2539 0.000147442
11.1268 1.21392e-09
11.1268 4.21885e-15
11.1268 -3.77476e-15
11.1268 0
11.1268 0
11.1268 -2.46199e-10
11.1268 -2.42502e-09
11.2539 0.000147484
11.1268 1.20329e-09
11.1268 4.44089e-15
11.1268 -4.21885e-15
11.1268 0
11.1268 0
11.1269 -2.44127e-10
11.1269 -2.4043e-09
11.254 0.000147526
11.1269 1.19268e-09
11.1269 4.44089e-15
11.1269 -4.66294e-15
11.1269 -2.22045e-16
11.1269 4.44089e-16
11.1269 4.44089e-16
11.127 -2.38359e-09
11.1269 0
11.1269 0
11.1269 -2.42056e-10
11.127 -2.38359e-09
11.2541 0.000147569
11.127 1.18207e-09
11.127 4.21885e-15
11.127 -4.21885e-15
11.127 0
11.127 0
11.127 -2.39985e-10
11.127 -2.36289e-09
11.2541 0.000147611
11.127 1.17147e-09
11.127 3.9968e-15
11.127 -3.77476e-15
11.127 2.22045e-16
11.127 -2.22045e-16
11.127 2.22045e-16
11.1271 -2.34219e-09
11.127 0
11.127 0
11.127 -2.37916e-10
11.1271 -2.34219e-09
11.2542 0.000147654
11.1271 1.16088e-09
11.1271 3.9968e-15
11.1271 -4.21885e-15
11.1271 2.22045e-16
11.1271 -2.22045e-16
11.1271 2.22045e-16
11.1271 -2.32151e-09
11.1271 -2.22045e-16
11.1271 0
11.1271 0
11.1271 -2.35846e-10
11.1271 -2.32151e-09
11.2542 0.000147696
11.1271 1.15029e-09
11.1271 3.9968e-15
11.1271 -3.77476e-15
11.1271 0
11.1271 0
11.1271 -2.33778e-10
11.1272 -2.30083e-09
11.2543 0.000147738
11.1272 1.13972e-09
11.1272 3.9968e-15
11.1272 -4.21885e-15
11.1272 2.22045e-16
11.1272 -2.22045e-16
11.1272 2.22045e-16
11.1273 -2.28015e-09
11.1272 -2.22045e-16
11.1272 -2.22045e-16
11.1272 0
11.1272 0
11.1272 -2.3171e-10
11.1273 -2.28015e-09
11.2544 0.000147781
11.1273 1.12916e-09
11.1273 3.77476e-15
11.1273 -3.55271e-15
11.1273 0
11.1273 0
11.1273 -2.29643e-10
11.1273 -2.25948e-09
11.2544 0.000147823
11.1273 1.11861e-09
11.1273 3.77476e-15
11.1273 -3.77476e-15
11.1273 2.22045e-16
11.1273 -2.22045e-16
11.1273 2.22045e-16
11.1274 -2.23882e-09
11.1273 -2.22045e-16
11.1273 0
11.1273 0
11.1273 -2.27576e-10
11.1274 -2.23882e-09
11.2545 0.000147865
11.1274 1.10807e-09
11.1274 3.77476e-15
11.1274 -3.77476e-15
11.1274 2.22045e-16
11.1274 -4.44089e-16
11.1274 2.22045e-16
11.1274 -2.21817e-09
11.1274 -2.22045e-16
11.1274 0
11.1274 0
11.1274 -2.2551e-10
11.1274 -2.21817e-09
11.2545 0.000147908
11.1274 1.09753e-09
11.1274 3.33067e-15
11.1274 -2.88658e-15
11.1274 0
11.1274 0
11.1274 -2.23445e-10
11.1275 -2.19753e-09
11.2546 0.00014795
11.1275 1.08701e-09
11.1275 3.55271e-15
11.1275 -3.77476e-15
11.1275 -2.22045e-16
11.1275 4.44089e-16
11.1275 4.44089e-16
11.1276 -2.17689e-09
11.1275 0
11.1275 0
11.1275 -2.21381e-10
11.1276 -2.17689e-09
11.2547 0.000147992
11.1276 1.07649e-09
11.1276 3.33067e-15
11.1276 -3.33067e-15
11.1276 2.22045e-16
11.1276 -2.22045e-16
11.1276 2.22045e-16
11.1276 -2.15625e-09
11.1276 2.22045e-16
11.1276 -2.22045e-16
11.1276 -2.22045e-16
11.1276 -2.22045e-16
11.1276 0
11.1276 0
11.1276 -2.19317e-10
11.1276 -2.15625e-09
11.2547 0.000148034
11.1276 1.06599e-09
11.1276 3.33067e-15
11.1276 -3.33067e-15
11.1276 2.22045e-16
11.1276 -2.22045e-16
11.1276 2.22045e-16
11.1277 -2.13563e-09
11.1276 -2.22045e-16
11.1276 0
11.1276 0
11.1276 -2.17254e-10
11.1277 -2.13563e-09
11.2548 0.000148077
11.1277 1.05549e-09
11.1277 3.33067e-15
11.1277 -3.10862e-15
11.1277 2.22045e-16
11.1277 -2.22045e-16
11.1277 2.22045e-16
11.1277 -2.11501e-09
11.1277 -2.22045e-16
11.1277 0
11.1277 0
11.1277 -2.15192e-10
11.1277 -2.11501e-09
11.2548 0.000148119
11.1277 1.04501e-09
11.1277 3.33067e-15
11.1277 -3.55271e-15
11.1277 2.22045e-16
11.1277 -2.22045e-16
11.1277 2.22045e-16
11.1278 -2.0944e-09
11.1277 0
11.1277 0
11.1277 -2.1313e-10
11.1278 -2.0944e-09
11.2549 0.000148161
11.1278 1.03453e-09
11.1278 3.33067e-15
11.1278 -3.33067e-15
11.1278 0
11.1278 0
11.1278 -2.11069e-10
11.1278 -2.07379e-09
11.255 0.000148204
11.1278 1.02406e-09
11.1278 3.10862e-15
11.1278 -3.10862e-15
11.1278 2.22045e-16
11.1278 0
11.1278 0
11.1279 -2.09009e-10
11.1279 -2.05319e-09
11.255 0.000148246
11.1279 1.0136e-09
11.1279 3.33067e-15
11.1279 -3.33067e-15
11.1279 -2.22045e-16
11.1279 2.22045e-16
11.1279 2.22045e-16
11.128 -2.0326e-09
11.1279 2.22045e-16
11.1279 0
11.1279 0
11.1279 -2.0695e-10
11.128 -2.0326e-09
11.2551 0.000148288
11.128 1.00316e-09
11.128 3.10862e-15
11.128 -3.33067e-15
11.128 0
11.128 0
11.128 -2.04891e-10
11.128 -2.01202e-09
11.2551 0.00014833
11.128 9.92716e-10
11.128 2.88658e-15
11.128 -2.88658e-15
11.128 2.22045e-16
11.128 -2.22045e-16
11.128 2.22045e-16
11.1281 -1.99144e-09
11.128 -2.22045e-16
11.128 0
11.128 0
11.128 -2.02832e-10
11.1281 -1.99144e-09
11.2552 0.000148372
11.1281 9.82286e-10
11.1281 2.88658e-15
11.1281 -2.88658e-15
11.1281 0
11.1281 0
11.1281 -2.00775e-10
11.1281 -1.97087e-09
11.2553 0.000148415
11.1281 9.71865e-10
11.1281 2.66454e-15
11.1281 -2.66454e-15
11.1281 2.22045e-16
11.1281 -2.22045e-16
11.1281 2.22045e-16
11.1282 -1.95031e-09
11.1281 0
11.1281 0
11.1281 -1.98718e-10
11.1282 -1.95031e-09
11.2553 0.000148457
11.1282 9.61454e-10
11.1282 2.66454e-15
11.1282 -2.44249e-15
11.1282 0
11.1282 0
11.1282 -1.96662e-10
11.1283 -1.92975e-09
11.2554 0.000148499
11.1283 9.51052e-10
11.1283 2.66454e-15
11.1283 -2.44249e-15
11.1283 -2.22045e-16
11.1283 6.66134e-16
11.1283 6.66134e-16
11.1283 -1.9092e-09
11.1283 -2.22045e-16
11.1283 -2.22045e-16
11.1283 0
11.1283 0
11.1283 -1.94606e-10
11.1283 -1.9092e-09
11.2554 0.000148541
11.1283 9.40659e-10
11.1283 2.66454e-15
11.1283 -2.66454e-15
11.1283 2.22045e-16
11.1283 -2.22045e-16
11.1283 2.22045e-16
11.1284 -1.88866e-09
11.1283 0
11.1283 0
11.1283 -1.92552e-10
11.1284 -1.88866e-09
11.2555 0.000148583
11.1284 9.30276e-10
11.1284 2.66454e-15
11.1284 -2.44249e-15
11.1284 -2.22045e-16
11.1284 2.22045e-16
11.1284 2.22045e-16
11.1284 -1.86812e-09
11.1284 2.22045e-16
11.1284 0
11.1284 0
11.1284 -1.90498e-10
11.1284 -1.86812e-09
11.2555 0.000148625
11.1284 9.19902e-10
11.1284 2.44249e-15
11.1284 -2.22045e-15
11.1284 -2.22045e-16
11.1284 4.44089e-16
11.1284 4.44089e-16
11.1285 -1.84759e-09
11.1284 -2.22045e-16
11.1284 0
11.1284 0
11.1284 -1.88444e-10
11.1285 -1.84759e-09
11.2556 0.000148668
11.1285 9.09537e-10
11.1285 2.44249e-15
11.1285 -2.22045e-15
11.1285 2.22045e-16
11.1285 -2.22045e-16
11.1285 2.22045e-16
11.1286 -1.82707e-09
11.1285 -2.22045e-16
11.1285 0
11.1285 0
11.1285 -1.86391e-10
11.1286 -1.82707e-09
11.2557 0.00014871
11.1286 8.99181e-10
11.1286 2.44249e-15
11.1286 -2.44249e-15
11.1286 2.22045e-16
11.1286 -2.22045e-16
11.1286 2.22045e-16
11.1286 -1.80655e-09
11.1286 -2.22045e-16
11.1286 -2.22045e-16
11.1286 0
11.1286 0
11.1286 -1.84339e-10
11.1286 -1.80655e-09
11.2557 0.000148752
11.1286 8.88835e-10
11.1286 2.22045e-15
11.1286 -1.9984e-15
11.1286 0
11.1286 0
11.1286 -1.82288e-10
11.1287 -1.78604e-09
11.2558 0.000148794
11.1287 8.78498e-10
11.1287 2.22045e-15
11.1287 -2.22045e-15
11.1287 0
11.1287 0
11.1287 -1.80237e-10
11.1287 -1.76554e-09
11.2558 0.000148836
11.1287 8.68169e-10
11.1287 2.22045e-15
11.1287 -2.22045e-15
11.1287 2.22045e-16
11.1287 -2.22045e-16
11.1287 2.22045e-16
11.1288 -1.74505e-09
11.1287 -2.22045e-16
11.1287 -2.22045e-16
11.1287 2.22045e-16
11.1287 2.22045e-16
11.1287 0
11.1287 0
11.1287 -1.78187e-10
11.1288 -1.74505e-09
11.2559 0.000148878
11.1288 8.57851e-10
11.1288 2.44249e-15
11.1288 -2.66454e-15
11.1288 -2.22045e-16
11.1288 2.22045e-16
11.1288 2.22045e-16
11.1288 -1.72456e-09
11.1288 -2.22045e-16
11.1288 2.22045e-16
11.1288 0
11.1288 0
11.1288 -1.76138e-10
11.1288 -1.72456e-09
11.256 0.00014892
11.1288 8.47541e-10
11.1288 2.22045e-15
11.1288 -2.22045e-15
11.1288 2.22045e-16
11.1288 -2.22045e-16
11.1288 2.22045e-16
11.1289 -1.70408e-09
11.1288 -2.22045e-16
11.1288 -2.22045e-16
11.1288 0
11.1288 0
11.1289 -1.74089e-10
11.1289 -1.70408e-09
11.256 0.000148962
11.1289 8.37241e-10
11.1289 1.9984e-15
11.1289 -1.77636e-15
11.1289 0
11.1289 0
11.1289 -1.72041e-10
11.129 -1.6836e-09
11.2561 0.000149004
11.129 8.26949e-10
11.129 1.9984e-15
11.129 -1.9984e-15
11.129 -2.22045e-16
11.129 2.22045e-16
11.129 2.22045e-16
11.129 -1.66313e-09
11.129 0
11.129 0
11.129 -1.69994e-10
11.129 -1.66313e-09
11.2561 0.000149046
11.129 8.16667e-10
11.129 1.9984e-15
11.129 -2.22045e-15
11.129 0
11.129 0
11.129 -1.67947e-10
11.1291 -1.64267e-09
11.2562 0.000149088
11.1291 8.06395e-10
11.1291 1.9984e-15
11.1291 -1.9984e-15
11.1291 -2.22045e-16
11.1291 2.22045e-16
11.1291 2.22045e-16
11.1291 -1.62222e-09
11.1291 2.22045e-16
11.1291 -2.22045e-16
11.1291 0
11.1291 0
11.1291 -1.65901e-10
11.1291 -1.62222e-09
11.2563 0.00014913
11.1291 7.9613e-10
11.1291 1.9984e-15
11.1291 -1.9984e-15
11.1291 0
11.1291 0
11.1291 -1.63856e-10
11.1292 -1.60177e-09
11.2563 0.000149172
11.1292 7.85875e-10
11.1292 1.77636e-15
11.1292 -1.55431e-15
11.1292 -2.22045e-16
11.1292 2.22045e-16
11.1292 2.22045e-16
11.1293 -1.58133e-09
11.1292 2.22045e-16
11.1292 0
11.1292 0
11.1292 -1.61812e-10
11.1293 -1.58133e-09
11.2564 0.000149215
11.1293 7.7563e-10
11.1293 1.55431e-15
11.1293 -1.11022e-15
11.1293 0
11.1293 0
11.1293 -1.59768e-10
11.1293 -1.56089e-09
11.2564 0.000149257
11.1293 7.65394e-10
11.1293 1.55431e-15
11.1293 -1.55431e-15
11.1293 0
11.1293 0
11.1293 -1.57725e-10
11.1294 -1.54047e-09
11.2565 0.000149299
11.1294 7.55166e-10
11.1294 1.77636e-15
11.1294 -1.77636e-15
11.1294 -2.22045e-16
11.1294 2.22045e-16
11.1294 2.22045e-16
11.1294 -1.52005e-09
11.1294 2.22045e-16
11.1294 -2.22045e-16
11.1294 -2.22045e-16
11.1294 2.22045e-16
11.1294 0
11.1294 0
11.1294 -1.55682e-10
11.1294 -1.52005e-09
11.2565 0.00014934
11.1294 7.44948e-10
11.1294 1.55431e-15
11.1294 -1.55431e-15
11.1294 2.22045e-16
11.1294 -2.22045e-16
11.1294 2.22045e-16
11.1295 -1.49963e-09
11.1294 -2.22045e-16
11.1294 2.22045e-16
11.1294 -2.22045e-16
11.1294 -2.22045e-16
11.1294 2.22045e-16
11.1294 -2.22045e-16
11.1294 -2.22045e-16
11.1294 -2.22045e-16
11.1295 -1.49963e-09
11.2566 0.000149382
11.1295 7.34738e-10
11.1295 1.77636e-15
11.1295 -1.77636e-15
11.1295 0
11.1295 0
11.1295 -1.51599e-10
11.1295 -1.47922e-09
11.2567 0.000149424
11.1295 7.24538e-10
11.1295 1.55431e-15
11.1295 -1.55431e-15
11.1295 2.22045e-16
11.1295 -2.22045e-16
11.1295 2.22045e-16
11.1296 -1.45882e-09
11.1295 -2.22045e-16
11.1295 0
11.1295 0
11.1296 -1.49559e-10
11.1296 -1.45882e-09
11.2567 0.000149466
11.1296 7.14347e-10
11.1296 1.55431e-15
11.1296 -1.55431e-15
11.1296 -2.22045e-16
11.1296 2.22045e-16
11.1296 2.22045e-16
11.1297 -1.43843e-09
11.1296 2.22045e-16
11.1296 0
11.1296 0
11.1296 -1.47519e-10
11.1297 -1.43843e-09
11.2568 0.000149508
11.1297 7.04165e-10
11.1297 1.55431e-15
11.1297 -1.55431e-15
11.1297 0
11.1297 0
11.1297 -1.45479e-10
11.1297 -1.41804e-09
11.2568 0.00014955
11.1297 6.93992e-10
11.1297 1.55431e-15
11.1297 -1.55431e-15
11.1297 0
11.1297 0
11.1297 -1.43441e-10
11.1298 -1.39766e-09
11.2569 0.000149592
11.1298 6.83827e-10
11.1298 1.33227e-15
11.1298 -1.33227e-15
11.1298 0
11.1298 0
11.1298 -1.41403e-10
11.1298 -1.37729e-09
11.257 0.000149634
11.1298 6.73672e-10
11.1298 1.33227e-15
11.1298 -1.33227e-15
11.1298 0
11.1298 0
11.1298 -1.39366e-10
11.1299 -1.35692e-09
11.257 0.000149676
11.1299 6.63525e-10
11.1299 1.33227e-15
11.1299 -1.55431e-15
11.1299 0
11.1299 0
11.1299 -1.37329e-10
11.13 -1.33656e-09
11.2571 0.000149718
11.13 6.53388e-10
11.13 1.11022e-15
11.13 -1.11022e-15
11.13 0
11.13 0
11.13 -1.35294e-10
11.13 -1.31621e-09
11.2571 0.00014976
11.13 6.4326e-10
11.13 1.11022e-15
11.13 -8.88178e-16
11.13 2.22045e-16
11.13 -2.22045e-16
11.13 2.22045e-16
11.1301 -1.29586e-09
11.13 -2.22045e-16
11.13 2.22045e-16
11.13 0
11.13 0
11.13 -1.33259e-10
11.1301 -1.29586e-09
11.2572 0.000149802
11.1301 6.3314e-10
11.1301 1.33227e-15
11.1301 -1.33227e-15
11.1301 -2.22045e-16
11.1301 2.22045e-16
11.1301 2.22045e-16
11.1301 -1.27552e-09
11.1301 0
11.1301 0
11.1301 -1.31224e-10
11.1301 -1.27552e-09
11.2573 0.000149844
11.1301 6.2303e-10
11.1301 1.33227e-15
11.1301 -1.33227e-15
11.1301 -2.22045e-16
11.1301 2.22045e-16
11.1301 2.22045e-16
11.1302 -1.25519e-09
11.1301 0
11.1301 0
11.1301 -1.2919e-10
11.1302 -1.25519e-09
11.2573 0.000149885
11.1302 6.12928e-10
11.1302 1.11022e-15
11.1302 -1.11022e-15
11.1302 2.22045e-16
11.1302 0
11.1302 0
11.1302 -1.27158e-10
11.1302 -1.23486e-09
11.2574 0.000149927
11.1302 6.02836e-10
11.1302 8.88178e-16
11.1302 -8.88178e-16
11.1302 2.22045e-16
11.1302 -2.22045e-16
11.1302 2.22045e-16
11.1303 -1.21454e-09
11.1302 -2.22045e-16
11.1302 0
11.1302 0
11.1303 -1.25125e-10
11.1303 -1.21455e-09
11.2574 0.000149969
11.1303 5.92753e-10
11.1303 1.11022e-15
11.1303 -8.88178e-16
11.1303 -2.22045e-16
11.1303 2.22045e-16
11.1303 2.22045e-16
11.1304 -1.19423e-09
11.1303 0
11.1303 0
11.1303 -1.23093e-10
11.1304 -1.19423e-09
11.2575 0.000150011
11.1304 5.82678e-10
11.1304 1.11022e-15
11.1304 -1.33227e-15
11.1304 0
11.1304 0
11.1304 -1.21062e-10
11.1304 -1.17393e-09
11.2575 0.000150053
11.1304 5.72611e-10
11.1304 1.11022e-15
11.1304 -1.33227e-15
11.1304 0
11.1304 0
11.1304 -1.19032e-10
11.1305 -1.15363e-09
11.2576 0.000150095
11.1305 5.62554e-10
11.1305 8.88178e-16
11.1305 -6.66134e-16
11.1305 -2.22045e-16
11.1305 2.22045e-16
11.1305 2.22045e-16
11.1305 -1.13333e-09
11.1305 0
11.1305 0
11.1305 -1.17002e-10
11.1305 -1.13333e-09
11.2577 0.000150136
11.1305 5.52506e-10
11.1305 8.88178e-16
11.1305 -8.88178e-16
11.1305 0
11.1305 0
11.1305 -1.14973e-10
11.1306 -1.11305e-09
11.2577 0.000150178
11.1306 5.42467e-10
11.1306 8.88178e-16
11.1306 -8.88178e-16
11.1306 0
11.1306 0
11.1306 -1.12945e-10
11.1307 -1.09277e-09
11.2578 0.00015022
11.1307 5.32436e-10
11.1307 6.66134e-16
11.1307 -4.44089e-16
11.1307 0
11.1307 0
11.1307 -1.10917e-10
11.1307 -1.07249e-09
11.2578 0.000150262
11.1307 5.22414e-10
11.1307 6.66134e-16
11.1307 -6.66134e-16
11.1307 2.22045e-16
11.1307 0
11.1307 0
11.1307 -1.0889e-10
11.1308 -1.05223e-09
11.2579 0.000150304
11.1308 5.12401e-10
11.1308 8.88178e-16
11.1308 -1.11022e-15
11.1308 0
11.1308 0
11.1308 -1.06863e-10
11.1308 -1.03197e-09
11.258 0.000150345
11.1308 5.02397e-10
11.1308 8.88178e-16
11.1308 -8.88178e-16
11.1308 2.22045e-16
11.1308 -2.22045e-16
11.1308 2.22045e-16
11.1309 -1.01172e-09
11.1308 -4.44089e-16
11.1308 0
11.1308 0
11.1308 -1.04838e-10
11.1309 -1.01172e-09
11.258 0.000150387
11.1309 4.92402e-10
11.1309 6.66134e-16
11.1309 -6.66134e-16
11.1309 0
11.1309 0
11.1309 -1.02812e-10
11.1309 -9.91469e-10
11.2581 0.000150429
11.1309 4.82415e-10
11.1309 6.66134e-16
11.1309 -8.88178e-16
11.1309 0
11.1309 0
11.131 -1.00788e-10
11.131 -9.7123e-10
11.2581 0.000150471
11.131 4.72437e-10
11.131 6.66134e-16
11.131 -6.66134e-16
11.131 0
11.131 0
11.131 -9.87639e-11
11.1311 -9.50997e-10
11.2582 0.000150512
11.1311 4.62468e-10
11.1311 6.66134e-16
11.1311 -6.66134e-16
11.1311 -2.22045e-16
11.1311 2.22045e-16
11.1311 2.22045e-16
11.1311 -9.30771e-10
11.1311 0
11.1311 0
11.1311 -9.67411e-11
11.1311 -9.30771e-10
11.2583 0.000150554
11.1311 4.52508e-10
11.1311 4.44089e-16
11.1311 -4.44089e-16
11.1311 0
11.1311 0
11.1311 -9.47187e-11
11.1312 -9.10551e-10
11.2583 0.000150596
11.1312 4.42556e-10
11.1312 6.66134e-16
11.1312 -6.66134e-16
11.1312 -2.22045e-16
11.1312 2.22045e-16
11.1312 2.22045e-16
11.1312 -8.90338e-10
11.1312 -2.22045e-16
11.1312 2.22045e-16
11.1312 2.22045e-16
11.1312 0
11.1312 0
11.1312 -9.26972e-11
11.1312 -8.90338e-10
11.2584 0.000150637
11.1312 4.32613e-10
11.1312 8.88178e-16
11.1312 -8.88178e-16
11.1312 -2.22045e-16
11.1312 2.22045e-16
11.1312 2.22045e-16
11.1313 -8.70132e-10
11.1312 0
11.1312 0
11.1312 -9.06761e-11
11.1313 -8.70132e-10
11.2584 0.000150679
11.1313 4.22679e-10
11.1313 4.44089e-16
11.1313 -4.44089e-16
11.1313 -2.22045e-16
11.1313 4.44089e-16
11.1314 -8.49932e-10
11.1313 0
11.1313 0
11.1313 -8.86555e-11
11.1314 -8.49932e-10
11.2585 0.000150721
11.1314 4.12753e-10
11.1314 4.44089e-16
11.1314 -4.44089e-16
11.1314 -2.22045e-16
11.1314 4.44089e-16
11.1314 -8.29739e-10
11.1314 0
11.1314 0
11.1314 -8.66356e-11
11.1314 -8.29739e-10
11.2585 0.000150762
11.1314 4.02836e-10
11.1314 4.44089e-16
11.1314 -4.44089e-16
11.1314 -2.22045e-16
11.1314 4.44089e-16
11.1315 -8.09552e-10
11.1314 -2.22045e-16
11.1314 2.22045e-16
11.1314 2.22045e-16
11.1314 0
11.1314 0
11.1314 -8.46168e-11
11.1315 -8.09553e-10
11.2586 0.000150804
11.1315 3.92929e-10
11.1315 4.44089e-16
11.1315 -4.44089e-16
11.1315 -2.22045e-16
11.1315 4.44089e-16
11.1315 -7.89372e-10
11.1315 0
11.1315 0
11.1315 -8.25984e-11
11.1315 -7.89373e-10
11.2587 0.000150846
11.1315 3.83029e-10
11.1315 6.66134e-16
11.1315 -8.88178e-16
11.1315 -2.22045e-16
11.1315 0
11.1315 0
11.1315 -8.05804e-11
11.1316 -7.692e-10
11.2587 0.000150887
11.1316 3.73138e-10
11.1316 4.44089e-16
11.1316 -2.22045e-16
11.1316 -2.22045e-16
11.1316 2.22045e-16
11.1316 2.22045e-16
11.1316 -7.49033e-10
11.1316 0
11.1316 0
11.1316 -7.85634e-11
11.1316 -7.49033e-10
11.2588 0.000150929
11.1316 3.63256e-10
11.1316 2.22045e-16
11.1316 -2.22045e-16
11.1316 2.22045e-16
11.1317 -7.28873e-10
11.1316 0
11.1316 0
11.1316 -7.65465e-11
11.1317 -7.28873e-10
11.2588 0.000150971
11.1317 3.53382e-10
11.1317 2.22045e-16
11.1317 0
11.1317 0
11.1317 -7.45313e-11
11.1318 -7.0872e-10
11.2589 0.000151012
11.1318 3.43517e-10
11.1318 6.66134e-16
11.1318 -8.88178e-16
11.1318 0
11.1318 0
11.1318 -7.2516e-11
11.1318 -6.88573e-10
11.259 0.000151054
11.1318 3.33661e-10
11.1318 2.22045e-16
11.1318 -2.22045e-16
11.1318 2.22045e-16
11.1319 -6.68432e-10
11.1318 2.22045e-16
11.1318 -2.22045e-16
11.1318 -2.22045e-16
11.1318 2.22045e-16
11.1318 2.22045e-16
11.1318 0
11.1318 0
11.1318 -7.05016e-11
11.1319 -6.68432e-10
11.259 0.000151095
11.1319 3.23813e-10
11.1319 4.44089e-16
11.1319 -4.44089e-16
11.1319 0
11.1319 0
11.1319 -6.84877e-11
11.1319 -6.48299e-10
11.2591 0.000151137
11.1319 3.13974e-10
11.1319 2.22045e-16
11.1319 -2.22045e-16
11.1319 2.22045e-16
11.132 -6.28171e-10
11.1319 2.22045e-16
11.1319 -2.22045e-16
11.1319 -2.22045e-16
11.1319 0
11.1319 0
11.1319 -6.64744e-11
11.132 -6.28172e-10
11.2591 0.000151179
11.132 3.04143e-10
11.132 4.44089e-16
11.132 -6.66134e-16
11.132 2.22045e-16
11.132 -2.22045e-16
11.132 2.22045e-16
11.132 -6.08051e-10
11.132 -2.22045e-16
11.132 -2.22045e-16
11.132 -2.22045e-16
11.132 2.22045e-16
11.132 0
11.132 0
11.132 -6.4462e-11
11.132 -6.08051e-10
11.2592 0.00015122
11.132 2.94322e-10
11.132 0
11.132 0
11.1321 -6.24498e-11
11.1321 -5.87937e-10
11.2592 0.000151262
11.1321 2.84508e-10
11.1321 2.22045e-16
11.1321 -2.22045e-16
11.1321 2.22045e-16
11.1322 -5.6783e-10
11.1321 -2.22045e-16
11.1321 2.22045e-16
11.1321 0
11.1321 0
11.1321 -6.04388e-11
11.1322 -5.6783e-10
11.2593 0.000151303
11.1322 2.74703e-10
11.1322 2.22045e-16
11.1322 -2.22045e-16
11.1322 2.22045e-16
11.1322 -5.47729e-10
11.1322 2.22045e-16
11.1322 -2.22045e-16
11.1322 -2.22045e-16
11.1322 0
11.1322 0
11.1322 -5.84286e-11
11.1322 -5.47729e-10
11.2594 0.000151345
11.1322 2.64907e-10
11.1322 2.22045e-16
11.1322 -2.22045e-16
11.1322 2.22045e-16
11.1323 -5.27635e-10
11.1322 -2.22045e-16
11.1322 0
11.1322 0
11.1322 -5.64186e-11
11.1323 -5.27635e-10
11.2594 0.000151386
11.1323 2.55118e-10
11.1323 2.22045e-16
11.1323 -2.22045e-16
11.1323 2.22045e-16
11.1323 -5.07547e-10
11.1323 2.22045e-16
11.1323 -2.22045e-16
11.1323 -2.22045e-16
11.1323 -2.22045e-16
11.1323 0
11.1323 0
11.1323 -5.44094e-11
11.1323 -5.07547e-10
11.2595 0.000151428
11.1323 2.45339e-10
11.1323 2.22045e-16
11.1323 -2.22045e-16
11.1323 2.22045e-16
11.1324 -4.87466e-10
11.1323 2.22045e-16
11.1323 -2.22045e-16
11.1323 -2.22045e-16
11.1323 2.22045e-16
11.1323 0
11.1323 0
11.1323 -5.24005e-11
11.1324 -4.87466e-10
11.2595 0.000151469
11.1324 2.35568e-10
11.1324 2.22045e-16
11.1324 -2.22045e-16
11.1324 2.22045e-16
11.1324 -4.67391e-10
11.1324 -2.22045e-16
11.1324 0
11.1324 0
11.1324 -5.03928e-11
11.1324 -4.67391e-10
11.2596 0.000151511
11.1325 2.25806e-10
11.1325 2.22045e-16
11.1325 -2.22045e-16
11.1325 2.22045e-16
11.1325 -4.47323e-10
11.1325 -2.22045e-16
11.1325 0
11.1325 0
11.1325 -4.83855e-11
11.1325 -4.47324e-10
11.2596 0.000151552
11.1325 2.16052e-10
11.1325 2.22045e-16
11.1325 -2.22045e-16
11.1325 2.22045e-16
11.1326 -4.27262e-10
11.1325 2.22045e-16
11.1325 0
11.1325 0
11.1325 -4.63791e-11
11.1326 -4.27262e-10
11.2597 0.000151594
11.1326 2.06306e-10
11.1326 2.22045e-16
11.1326 -4.44089e-16
11.1326 2.22045e-16
11.1326 -4.07207e-10
11.1326 0
11.1326 0
11.1326 -4.43729e-11
11.1326 -4.07207e-10
11.2598 0.000151635
11.1326 1.96569e-10
11.1326 2.22045e-16
11.1326 -2.22045e-16
11.1326 2.22045e-16
11.1327 -3.87159e-10
11.1326 -2.22045e-16
11.1326 2.22045e-16
11.1326 0
11.1326 0
11.1326 -4.23677e-11
11.1327 -3.87159e-10
11.2598 0.000151677
11.1327 1.86841e-10
11.1327 2.22045e-16
11.1327 -4.44089e-16
11.1327 2.22045e-16
11.1327 -3.67117e-10
11.1327 -2.22045e-16
11.1327 2.22045e-16
11.1327 -2.22045e-16
11.1327 -2.22045e-16
11.1327 0
11.1327 0
11.1327 -4.0363e-11
11.1327 -3.67117e-10
11.2599 0.000151718
11.1327 1.77121e-10
11.1327 -2.22045e-16
11.1327 1.77121e-11
11.1327 1.77125e-12
11.1327 1.7697e-13
11.1327 1.75415e-14
11.1327 1.77636e-15
11.1327 0
11.1327 0
11.1327 -3.83589e-11
11.1328 -3.47081e-10
11.2599 0.00015176
11.1328 1.67409e-10
11.1328 2.22045e-16
11.1328 -4.44089e-16
11.1328 2.22045e-16
11.1329 -3.27053e-10
11.1328 0
11.1328 0
11.1328 -3.6356e-11
11.1329 -3.27053e-10
11.26 0.000151801
11.1329 1.57706e-10
11.1329 2.22045e-16
11.1329 -2.22045e-16
11.1329 2.22045e-16
11.1329 -3.0703e-10
11.1329 2.22045e-16
11.1329 -2.22045e-16
11.1329 -2.22045e-16
11.1329 -2.22045e-16
11.1329 0
11.1329 0
11.1329 -3.43532e-11
11.1329 -3.0703e-10
11.2601 0.000151842
11.1329 1.48011e-10
11.1329 2.22045e-16
11.1329 -2.22045e-16
11.1329 2.22045e-16
11.133 -2.87015e-10
11.1329 -2.22045e-16
11.1329 0
11.1329 0
11.1329 -3.2351e-11
11.133 -2.87014e-10
11.2601 0.000151884
11.133 1.38324e-10
11.133 -2.22045e-16
11.133 1.38325e-11
11.133 1.38312e-12
11.133 1.38334e-13
11.133 1.39888e-14
11.133 1.55431e-15
11.133 2.22045e-16
11.133 2.22045e-16
11.133 -2.67005e-10
11.133 2.22045e-16
11.133 -2.22045e-16
11.133 -2.22045e-16
11.133 0
11.133 0
11.133 -3.03497e-11
11.133 -2.67005e-10
11.2602 0.000151925
11.133 1.28646e-10
11.133 0
11.133 0
11.133 -2.83491e-11
11.1331 -2.47003e-10
11.2602 0.000151967
11.1331 1.18977e-10
11.1331 0
11.1331 0
11.1331 -2.63489e-11
11.1331 -2.27006e-10
11.2603 0.000152008
11.1331 1.09315e-10
11.1331 -2.22045e-16
11.1331 1.09315e-11
11.1331 1.09335e-12
11.1331 1.09468e-13
11.1331 1.08802e-14
11.1331 1.11022e-15
11.1331 2.22045e-16
11.1331 2.22045e-16
11.1332 -2.07016e-10
11.1331 2.22045e-16
11.1331 -2.22045e-16
11.1331 2.22045e-16
11.1331 -2.22045e-16
11.1331 0
11.1331 0
11.1331 -2.43494e-11
11.1332 -2.07017e-10
11.2603 0.000152049
11.1332 9.96623e-11
11.1332 2.22045e-16
11.1332 -4.44089e-16
11.1332 2.22045e-16
11.1333 -1.87033e-10
11.1332 -2.22045e-16
11.1332 0
11.1332 0
11.1332 -2.23508e-11
11.1333 -1.87033e-10
11.2604 0.000152091
11.1333 9.00178e-11
11.1333 2.22045e-16
11.1333 -4.44089e-16
11.1333 2.22045e-16
11.1333 -1.67057e-10
11.1333 -2.22045e-16
11.1333 0
11.1333 0
11.1333 -2.03528e-11
11.1333 -1.67057e-10
11.2605 0.000152132
11.1333 8.03815e-11
11.1333 2.22045e-16
11.1333 -4.44089e-16
11.1333 2.22045e-16
11.1334 -1.47086e-10
11.1333 -2.22045e-16
11.1333 0
11.1333 0
11.1333 -1.83553e-11
11.1334 -1.47087e-10
11.2605 0.000152173
11.1334 7.07534e-11
11.1334 0
11.1334 0
11.1334 -1.63582e-11
11.1334 -1.27123e-10
11.2606 0.000152215
11.1334 6.11338e-11
11.1334 -2.22045e-16
11.1334 6.11333e-12
11.1334 6.11289e-13
11.1334 6.10623e-14
11.1334 5.9952e-15
11.1334 6.66134e-16
11.1334 2.22045e-16
11.1334 2.22045e-16
11.1335 -1.07165e-10
11.1334 0
11.1334 0
11.1334 -1.43621e-11
11.1335 -1.07165e-10
11.2606 0.000152256
11.1335 5.15221e-11
11.1335 -2.22045e-16
11.1335 5.1521e-12
11.1335 5.15143e-13
11.1335 5.15143e-14
11.1335 5.10703e-15
11.1335 4.44089e-16
11.1335 0
11.1335 0
11.1335 -1.23663e-11
11.1335 -8.72145e-11
11.2607 0.000152297
11.1335 4.19196e-11
11.1335 0
11.1335 0
11.1335 -1.03719e-11
11.1336 -6.72704e-11
11.2607 0.000152339
11.1336 3.23248e-11
11.1336 -2.22045e-16
11.1336 3.23253e-12
11.1336 3.23297e-13
11.1336 3.21965e-14
11.1336 3.33067e-15
11.1336 2.22045e-16
11.1336 2.22045e-16
11.1337 -4.73321e-11
11.1336 2.22045e-16
11.1336 0
11.1336 0
11.1336 -8.37752e-12
11.1337 -4.73321e-11
11.2608 0.00015238
11.1337 2.27376e-11
11.1337 -2.22045e-16
11.1337 2.27396e-12
11.1337 2.27152e-13
11.1337 2.26485e-14
11.1337 2.44249e-15
11.1337 2.22045e-16
11.1337 2.22045e-16
11.1337 -2.74001e-11
11.1337 2.22045e-16
11.1337 0
11.1337 0
11.1337 -6.38356e-12
11.1337 -2.74001e-11
11.2609 0.000152421
11.1337 1.31588e-11
11.1337 0
11.1337 0
11.1337 -4.39093e-12
11.1338 -7.47513e-12
11.2609 0.000152463
11.1338 3.58891e-12
11.1338 -2.22045e-16
11.1338 3.58824e-13
11.1338 3.57492e-14
11.1338 3.33067e-15
11.1338 0
11.1338 0
11.1338 -2.3983e-12
11.1338 1.24432e-11
11.1338 4.0441e-12
11.1338 1.59717e-12
11.1338 6.98108e-13
11.1338 3.25295e-13
11.1338 1.56541e-13
11.1338 7.68274e-14
11.1338 3.79696e-14
11.1338 1.90958e-14
11.1338 9.54792e-15
11.1338 4.88498e-15
11.1338 2.22045e-15
11.1338 1.11022e-15
11.1338 8.88178e-16
11.1338 4.44089e-16
11.1338 2.22045e-16
11.1338 4.44089e-16
11.1338 2.22045e-16
11.1338 2.22045e-16
11.1338 2.22045e-16
11.1338 2.22045e-16
11.1338 1.24432e-11
11.261 0.000152504
11.1647 5.04793e-05
11.167 5.38853e-05
11.1673 5.43736e-05
11.1672 5.4149e-05
11.1672 5.4149e-05
11.1672 5.4149e-05
11.1672 5.4149e-05
11.1672 5.4149e-05
11.1672 5.41498e-05
11.1672 5.41572e-05
11.2946 0.000224425
11.2225 0.000145966
11.2239 0.000148043
11.224 0.000148152
11.224 0.000148099
11.224 0.000148099
11.224 0.000148104
11.224 0.0001481
11.224 0.000148099
11.224 0.000148099
11.224 0.000148099
11.224 0.000148099
11.224 0.000148099
11.224 0.000148099
11.224 0.000148099
11.224 0.000148099
11.224 0.00014812
11.3521 0.000349736
11.7224 0.0012982
11.4416 0.00058117
11.4421 0.000582282
11.4421 0.000582292
11.4421 0.000582287
11.4421 0.000582288
11.4421 0.000582287
11.4421 0.000582287
11.4421 0.000582287
11.4421 0.000582287
11.4421 0.000582287
11.4421 0.000582287
11.4421 0.000582287
11.4421 0.000582343
11.5713 0.00090024
11.9496 0.00217548
11.5905 0.000966435
11.5906 0.000966784
11.5906 0.000966788
11.5906 0.000966786
11.5906 0.000966786
11.5906 0.000966786
11.5906 0.000966786
11.5906 0.000966786
11.5906 0.000966786
11.5906 0.000966786
11.5906 0.000966786
11.5906 0.000966786
11.5907 0.00096685
11.7215 0.00136399
11.6741 0.00123718
11.6752 0.00124047
11.6752 0.00124056
11.6752 0.00124052
11.6752 0.00124052
11.6752 0.00124052
11.6752 0.00124052
11.6752 0.00124052
11.6752 0.00124052
11.6752 0.00124052
11.6752 0.00124052
11.6752 0.00124052
11.6752 0.00124052
11.6752 0.00124052
11.6752 0.00124058
11.8072 0.00168011
12 0.00249429
12.1954 0.00329863
12.1694 0.0031926
12.1695 0.00319326
12.1695 0.00319326
12.1695 0.00319326
12.1695 0.00319326
12.1695 0.00319328
12.1696 0.00319348
12.3032 0.00385227
12.1911 0.0033093
12.1931 0.00331997
12.1934 0.00332193
12.1933 0.00332105
12.1933 0.00332105
12.1933 0.00332105
12.1933 0.00332105
12.1933 0.00332105
12.1933 0.00332107
12.1933 0.00332128
12.327 0.00398765
12.2005 0.00336091
12.2009 0.00336265
12.2009 0.0033628
12.2009 0.00336273
12.2009 0.00336273
12.2009 0.00336273
12.2009 0.00336273
12.2009 0.00336273
12.2009 0.00336273
12.2009 0.00336295
12.3356 0.00403731
12.2284 0.00351258
12.2291 0.00351618
12.2291 0.00351636
12.2291 0.00351627
12.2291 0.00351627
12.2291 0.00351627
12.2291 0.0035163
12.2291 0.00351649
12.3669 0.00421818
12.2947 0.00386987
12.2967 0.00388005
12.2968 0.00388065
12.2968 0.00388036
12.2968 0.00388036
12.2968 0.00388039
12.2968 0.00388036
12.2968 0.00388036
12.2968 0.00388036
12.2968 0.00388036
12.2968 0.00388036
12.2968 0.00388036
12.2968 0.00388036
12.2968 0.00388036
12.2968 0.00388036
12.2968 0.00388057
12.435 0.00460695
12.3153 0.00398653
12.3157 0.00398928
12.3158 0.00398943
12.3158 0.00398936
12.3158 0.00398936
12.3158 0.00398936
12.3158 0.00398938
12.3158 0.00398957
12.4567 0.00473878
12.87 0.00722218
12.5155 0.00510131
12.5156 0.00510183
12.5156 0.00510183
12.5156 0.00510183
12.5156 0.00510183
12.5156 0.00510185
12.5156 0.00510201
12.653 0.00589816
12.5868 0.00553329
12.5883 0.00554198
12.5884 0.00554234
12.5883 0.00554216
12.5883 0.00554216
12.5883 0.00554218
12.5883 0.00554216
12.5883 0.00554216
12.5883 0.00554216
12.5883 0.00554216
12.5883 0.00554216
12.5883 0.00554216
12.5883 0.00554216
12.5883 0.00554216
12.5883 0.00554216
12.5884 0.00554233
12.7266 0.00636717
12.5953 0.00558702
12.595 0.0055855
12.595 0.0055855
12.595 0.0055855
12.595 0.0055855
12.595 0.0055855
12.595 0.0055855
12.595 0.0055855
12.595 0.0055855
12.595 0.0055855
12.595 0.0055855
12.595 0.00558546
12.5951 0.00558563
12.7324 0.00640611
12.6071 0.0056637
12.6084 0.00567167
12.6086 0.0056733
12.6085 0.00567258
12.6085 0.00567258
12.6085 0.00567258
12.6085 0.00567258
12.6085 0.00567258
12.6085 0.00567258
12.6085 0.00567274
12.7461 0.00649796
12.6642 0.00602463
12.6617 0.00600929
12.6615 0.00600839
12.6616 0.00600882
12.6616 0.00600882
12.6616 0.00600882
12.6616 0.00600882
12.6616 0.00600882
12.6616 0.00600897
12.7987 0.00684641
12.7222 0.00639704
12.7249 0.00641391
12.7251 0.00641538
12.725 0.00641468
12.725 0.00641468
12.725 0.00641468
12.725 0.00641468
12.725 0.00641468
12.725 0.00641468
12.7251 0.00641481
12.8622 0.00727162
13 0.00824112
12.9718 0.00804439
12.9723 0.0080476
12.9723 0.00804762
12.9723 0.00804761
12.9723 0.00804761
12.9723 0.00804761
12.9723 0.00804761
12.9723 0.00804764
13 0.00822261
13.0166 0.00832433
13.4498 0.0114674
13.0482 0.00856066
13.0486 0.00856337
13.0486 0.00856343
13.0486 0.0085634
13.0486 0.0085634
13.0486 0.0085634
13.0486 0.00856344
13.0487 0.00856379
13.1895 0.00954802
13.6187 0.0128066
13.2607 0.0101009
13.2644 0.0101294
13.2647 0.0101323
13.2646 0.0101309
13.2646 0.0101309
13.2646 0.0101309
13.2646 0.0101309
13.2646 0.0101313
13.4057 0.0111784
13.8388 0.0146449
13.6183 0.0129039
13.6232 0.0129427
13.6234 0.0129444
13.6233 0.0129436
13.6233 0.0129436
13.6233 0.0129437
13.6233 0.0129436
13.6233 0.0129436
13.6233 0.0129436
13.6233 0.0129436
13.6233 0.0129436
13.6233 0.0129436
13.6233 0.0129436
13.6233 0.0129436
13.6233 0.0129436
13.6233 0.0129438
13.7651 0.0140906
13.7159 0.013709
13.7214 0.0137523
13.722 0.0137567
13.7217 0.0137546
13.7217 0.0137546
13.7217 0.0137546
13.7217 0.0137546
13.7217 0.0137546
13.7217 0.0137546
13.7217 0.0137546
13.7217 0.0137546
13.7217 0.0137548
13.8632 0.0149234
13.7534 0.0140289
13.7584 0.0140713
13.7599 0.0140838
13.7593 0.0140786
13.7593 0.0140787
13.7593 0.0140787
13.7593 0.0140787
13.7593 0.0140787
13.7593 0.0140787
13.7593 0.0140788
13.9007 0.0152541
14 0.0161505
13.9506 0.0157061
13.9506 0.0157062
13.9506 0.0157062
13.9506 0.0157062
13.9506 0.0157062
13.9506 0.0157062
13.9506 0.0157063
14 0.0161204
14.0202 0.0162848
14.4732 0.0203884
14.4455 0.0201438
14.452 0.0202012
14.4522 0.0202025
14.4521 0.0202019
14.4521 0.0202019
14.4521 0.0202019
14.4521 0.0202019
14.4521 0.0202023
14.5973 0.0215757
15 0.0255592
14.6758 0.0223677
14.678 0.0223899
14.6781 0.0223911
14.678 0.0223905
14.678 0.0223905
14.678 0.0223905
14.678 0.0223905
14.6781 0.0223908
14.8237 0.0238072
14.6917 0.022529
14.6922 0.0225346
14.6923 0.0225351
14.6923 0.0225349
14.6923 0.0225349
14.6923 0.0225349
14.6923 0.0225349
14.6923 0.0225349
14.6923 0.0225349
14.6923 0.0225351
14.8396 0.0239714
14.7738 0.023347
14.777 0.0233775
14.7772 0.0233797
14.7771 0.0233786
14.7771 0.0233786
14.7771 0.0233786
14.7771 0.0233786
14.7771 0.0233786
14.7771 0.0233787
14.7771 0.0233788
14.9244 0.0248276
14.8552 0.0241633
14.8542 0.024154
14.8542 0.0241537
14.8542 0.0241538
14.8542 0.0241538
14.8542 0.0241538
14.8542 0.0241538
14.8542 0.0241538
14.8542 0.0241538
14.8542 0.0241538
14.8542 0.0241538
14.8542 0.0241538
14.8542 0.0241538
14.8542 0.0241538
14.8542 0.024154
14.9993 0.0255909
15 0.0255978
15.4638 0.0303503
15.1797 0.0274723
15.1812 0.0274876
15.1812 0.0274878
15.1812 0.0274877
15.1812 0.0274877
15.1812 0.0274877
15.1812 0.0274877
15.1812 0.0274877
15.1812 0.0274877
15.1812 0.0274877
15.1812 0.0274877
15.1812 0.0274877
15.1812 0.0274877
15.1812 0.0274877
15.1812 0.0274883
15.3285 0.0289911
15.7998 0.0339369
15.5996 0.0318737
15.6033 0.0319122
15.6034 0.0319132
15.6033 0.0319127
15.6033 0.0319127
15.6033 0.0319127
15.6033 0.0319127
15.6033 0.0319127
15.6033 0.0319127
15.6034 0.0319131
15.7503 0.0334578
16 0.036176
15.7605 0.0335707
15.7606 0.0335719
15.7606 0.0335719
15.7606 0.0335719
15.7606 0.0335719
15.7606 0.0335719
15.7606 0.0335719
15.7606 0.0335719
15.7606 0.0335719
15.7606 0.0335719
15.7606 0.0335719
15.7606 0.0335719
15.7607 0.0335721
15.9094 0.0351524
16 0.0361578
16.3922 0.040359
16.2495 0.0388583
16.2511 0.0388754
16.2511 0.0388756
16.2511 0.0388755
16.2511 0.0388755
16.2511 0.0388755
16.2511 0.0388755
16.2511 0.0388755
16.2512 0.0388761
16.3998 0.0404773
16.3918 0.0403947
16.392 0.0403968
16.392 0.0403968
16.392 0.0403968
16.392 0.0403968
16.392 0.0403968
16.392 0.0403968
16.392 0.0403968
16.392 0.0403968
16.392 0.0403968
16.392 0.0403968
16.3921 0.0403973
16.5435 0.0420344
16.534 0.0419359
16.5337 0.0419326
16.5337 0.0419324
16.5337 0.0419325
16.5337 0.0419325
16.5337 0.0419325
16.5337 0.0419326
16.5337 0.0419329
16.6838 0.0435559
17 0.047025
17.1788 0.0489011
17.094 0.0480189
17.0943 0.0480221
17.0943 0.0480221
17.0943 0.0480221
17.0943 0.0480221
17.0943 0.0480221
17.0943 0.0480221
17.0943 0.0480221
17.0943 0.0480221
17.0943 0.0480221
17.0943 0.0480221
17.0943 0.0480221
17.0944 0.0480228
17.2451 0.0496325
17.7495 0.0549431
17.4732 0.0521019
17.4777 0.0521503
17.4779 0.0521522
17.4778 0.0521513
17.4778 0.0521513
17.4778 0.0521513
17.4778 0.0521513
17.4778 0.0521513
17.4778 0.0521513
17.4778 0.0521513
17.4779 0.0521518
17.6301 0.053738
17.5175 0.0525763
17.5168 0.0525696
17.5168 0.0525695
17.5168 0.0525695
17.5168 0.0525695
17.5168 0.0525695
17.5168 0.0525695
17.5168 0.0525695
17.5168 0.0525695
17.5168 0.0525695
17.5168 0.0525695
17.5168 0.0525695
17.5168 0.0525695
17.5169 0.05257
17.6663 0.0541208
18 0.0575752
17.7414 0.0549206
17.7102 0.0545894
17.7061 0.0545464
17.7079 0.0545654
17.7079 0.0545653
17.7079 0.0545653
17.7079 0.0545653
17.7079 0.0545609
17.7079 0.054561
17.7079 0.0545612
17.8567 0.0560841
18 0.0575748
17.9113 0.0566579
17.9119 0.0566637
17.9119 0.0566638
17.9119 0.0566637
17.9119 0.0566637
17.9119 0.0566637
17.9119 0.0566637
17.9119 0.0566638
18 0.0575508
17.9582 0.0571355
17.9576 0.0571289
17.9576 0.0571287
17.9576 0.0571288
17.9576 0.0571288
17.9576 0.0571288
17.9576 0.0571288
17.9576 0.0571288
17.9576 0.0571288
18 0.0575515
18.0237 0.0577831
18.5328 0.0627724
18.0351 0.0579025
18.0364 0.057916
18.0367 0.0579191
18.0366 0.0579178
18.0366 0.0579178
18.0366 0.0579178
18.0366 0.0579178
18.0367 0.0579184
18.1889 0.0594323
18.0404 0.057957
18.0403 0.0579561
18.0403 0.0579561
18.0403 0.0579561
18.0403 0.0579561
18.0403 0.0579561
18.0403 0.0579561
18.0403 0.0579561
18.0403 0.0579561
18.0403 0.0579561
18.0403 0.0579561
18.0404 0.0579567
18.1913 0.0594567
18.053 0.0580864
18.0534 0.0580908
18.0534 0.0580911
18.0534 0.0580909
18.0534 0.0580909
18.0534 0.0580909
18.0534 0.058091
18.0535 0.0580916
18.2059 0.0596041
18.7148 0.0644804
18.2079 0.0596248
18.2078 0.0596237
18.2078 0.0596237
18.2078 0.0596237
18.2078 0.0596237
18.2078 0.0596237
18.2078 0.0596237
18.2078 0.0596237
18.2078 0.0596237
18.2078 0.0596237
18.2079 0.0596243
18.3597 0.0611073
18.2978 0.0605174
18.299 0.0605288
18.299 0.0605291
18.299 0.0605289
18.299 0.0605289
18.299 0.0605289
18.299 0.060529
18.2991 0.0605294
18.453 0.0620162
18.4047 0.0615629
18.4065 0.0615799
18.4065 0.0615805
18.4065 0.0615802
18.4065 0.0615802
18.4065 0.0615802
18.4065 0.0615802
18.4065 0.0615802
18.4065 0.0615802
18.4065 0.0615806
18.5615 0.0630563
19 0.0670972
18.6254 0.0636763
18.6714 0.0641161
18.7206 0.0645809
18.7263 0.0646338
18.7232 0.064605
18.7232 0.0646052
18.7232 0.0646052
18.7232 0.0646052
18.7232 0.0646052
18.7232 0.0646052
18.7232 0.0646052
18.7232 0.0646054
18.878 0.0660099
18.7859 0.0651891
18.785 0.0651811
18.785 0.0651809
18.785 0.065181
18.785 0.065181
18.785 0.065181
18.785 0.065181
18.785 0.065181
18.785 0.065181
18.785 0.065181
18.785 0.065181
18.785 0.065181
18.785 0.065181
18.785 0.065181
18.785 0.0651812
18.9385 0.06656
19 0.0671228
19.4564 0.0709822
19.4552 0.0709727
19.4551 0.0709722
19.4551 0.0709722
19.4551 0.0709722
19.4551 0.0709722
19.4551 0.0709722
19.4551 0.0709722
19.4551 0.0709722
19.4551 0.0709722
19.4551 0.0709722
19.4551 0.0709722
19.4551 0.0709722
19.4551 0.0709722
19.4552 0.0709725
19.6075 0.0721932
20 0.0752106
19.7075 0.0730028
19.7093 0.073017
19.7093 0.0730175
19.7093 0.0730172
19.7093 0.0730172
19.7093 0.0730172
19.7093 0.0730173
19.7093 0.0730174
19.863 0.0741814
19.7837 0.073596
19.7827 0.0735886
19.7827 0.0735884
19.7827 0.0735885
19.7827 0.0735885
19.7827 0.0735885
19.7827 0.0735885
19.7827 0.0735886
19.934 0.0747152
19.9174 0.0745968
19.917 0.0745939
19.9169 0.0745938
19.9169 0.0745938
19.9169 0.0745938
19.9169 0.0745938
19.9169 0.0745938
19.917 0.0745939
20 0.0751981
19.9763 0.0750292
19.9761 0.075028
19.9761 0.075028
19.9761 0.075028
19.9761 0.075028
19.9761 0.075028
19.9761 0.075028
19.9761 0.075028
19.9761 0.075028
19.9761 0.075028
19.9761 0.075028
19.9761 0.075028
19.9761 0.075028
20 0.0751976
20.0202 0.0753388
20.4612 0.0783508
20.2346 0.0768713
20.2383 0.0768968
20.2384 0.0768977
20.2384 0.0768972
20.2384 0.0768972
20.2384 0.0768972
20.2384 0.0768973
20.2384 0.0768976
20.3874 0.0778923
20.28 0.0771866
20.2819 0.0771996
20.2821 0.0772008
20.282 0.0772003
20.282 0.0772003
20.282 0.0772003
20.282 0.0772003
20.282 0.0772006
20.4315 0.0781868
20.2938 0.0772824
20.2944 0.0772862
20.2944 0.0772865
20.2944 0.0772864
20.2944 0.0772864
20.2944 0.0772864
20.2944 0.0772864
20.2944 0.0772867
20.4442 0.0782715
20.3262 0.077505
20.3277 0.0775152
20.3278 0.0775162
20.3277 0.0775157
20.3277 0.0775157
20.3277 0.0775157
20.3277 0.0775157
20.3277 0.0775157
20.3277 0.0775157
20.3277 0.0775157
20.3277 0.0775157
20.3277 0.0775157
20.3277 0.0775157
20.3277 0.0775157
20.3277 0.0775157
20.3278 0.0775161
20.4779 0.0784941
21 0.0816413
20.9472 0.0813572
20.9448 0.0813443
20.9446 0.0813431
20.9447 0.0813437
20.9447 0.0813437
20.9447 0.0813437
20.9447 0.0813437
20.9447 0.0813437
21 0.0816505
21.0285 0.0818024
21.5538 0.0844973
21.1537 0.0825139
21.1489 0.0824872
21.1487 0.0824863
21.1488 0.0824867
21.1488 0.0824867
21.1488 0.0824867
21.1488 0.0824867
21.1488 0.0824867
21.1488 0.0824867
21.1488 0.0824867
21.1488 0.082487
21.2959 0.0832434
21.1552 0.0825219
21.1553 0.0825228
21.1554 0.0825228
21.1554 0.0825228
21.1554 0.0825228
21.1554 0.0825228
21.1554 0.0825228
21.1554 0.0825228
21.1554 0.0825228
21.1554 0.0825228
21.1554 0.0825228
21.1554 0.0825228
21.1554 0.0825228
21.1554 0.0825231
21.3037 0.0832839
21.2888 0.0832127
21.2884 0.0832105
21.2883 0.0832103
21.2883 0.0832104
21.2883 0.0832104
21.2883 0.0832104
21.2883 0.0832104
21.2883 0.0832104
21.2883 0.0832104
21.2884 0.0832107
21.4355 0.0839367
21.9919 0.0864375
21.4812 0.0841725
21.472 0.0841255
21.4717 0.0841241
21.4719 0.0841248
21.4719 0.0841248
21.4719 0.0841248
21.4719 0.0841248
21.4719 0.0841248
21.4719 0.084125
21.6183 0.0848073
22 0.0865129
21.8555 0.0859111
21.8581 0.0859225
21.8582 0.0859227
21.8582 0.0859226
21.8582 0.0859226
21.8582 0.0859226
21.8582 0.0859226
21.8582 0.0859226
21.8582 0.0859226
21.8582 0.0859226
21.8582 0.0859226
21.8582 0.0859226
21.8582 0.0859226
21.8582 0.0859226
21.8582 0.0859227
22 0.0865023
22.0047 0.0865198
22.5654 0.0886085
22.1945 0.0873115
22.1969 0.0873208
22.1969 0.087321
22.1969 0.0873209
22.1969 0.0873209
22.1969 0.0873209
22.1969 0.0873209
22.1969 0.0873209
22.197 0.0873211
22.3488 0.0878719
22.9119 0.0897464
22.6203 0.0888648
22.6267 0.088886
22.627 0.088887
22.6268 0.0888865
22.6268 0.0888865
22.6268 0.0888866
22.6268 0.0888865
22.6268 0.0888865
22.6268 0.0888865
22.6268 0.0888865
22.6268 0.0888865
22.6268 0.0888865
22.6268 0.0888865
22.6268 0.0888865
22.6268 0.0888865
22.6269 0.0888866
22.7812 0.0893713
23 0.0900896
22.9366 0.0898919
22.9372 0.0898938
22.9372 0.0898938
22.9372 0.0898938
22.9372 0.0898938
22.9372 0.0898938
22.9372 0.0898938
22.9372 0.0898938
22.9372 0.0898938
22.9372 0.0898938
22.9372 0.0898938
22.9372 0.0898938
22.9372 0.0898938
22.9373 0.0898939
23 0.0900744
23.0315 0.0901581
23.5671 0.0916266
23.178 0.090617
23.1891 0.0906502
23.1908 0.0906551
23.19 0.0906529
23.19 0.0906529
23.19 0.0906529
23.19 0.0906529
23.19 0.0906529
23.19 0.0906529
23.1901 0.090653
23.345 0.0910639
23.2616 0.0908564
23.2623 0.0908584
23.2623 0.0908584
23.2623 0.0908584
23.2623 0.0908584
23.2623 0.0908584
23.2623 0.0908584
23.2623 0.0908584
23.2623 0.0908584
23.2623 0.0908584
23.2623 0.0908584
23.2623 0.0908584
23.2623 0.0908584
23.2623 0.0908584
23.2624 0.0908585
23.4207 0.0912717
23.2879 0.0909329
23.2883 0.090934
23.2883 0.0909341
23.2883 0.0909341
23.2883 0.0909341
23.2883 0.0909341
23.2883 0.0909341
23.2883 0.0909341
23.2883 0.0909341
23.2883 0.0909341
23.2883 0.0909341
23.2883 0.0909341
23.2883 0.0909341
23.2883 0.0909341
23.2883 0.0909342
23.4535 0.0913639
23.4043 0.0912491
23.406 0.0912532
23.4061 0.0912533
23.406 0.0912533
23.406 0.0912533
23.406 0.0912533
23.406 0.0912533
23.4061 0.0912534
23.5722 0.0916752
23.5107 0.0915339
23.5096 0.0915312
23.5096 0.0915311
23.5096 0.0915312
23.5096 0.0915312
23.5096 0.0915312
23.5096 0.0915312
23.5096 0.0915312
23.5096 0.0915312
23.5096 0.0915313
23.6734 0.0919381
23.5516 0.091647
23.5524 0.0916493
23.5524 0.0916494
23.5524 0.0916493
23.5524 0.0916493
23.5524 0.0916493
23.5524 0.0916493
23.5524 0.0916493
23.5524 0.0916494
23.7224 0.092069
23.6709 0.0919558
23.6719 0.091958
23.6719 0.091958
23.6719 0.091958
23.6719 0.091958
23.6719 0.091958
23.6719 0.091958
23.6719 0.091958
23.6719 0.0919581
23.8469 0.0923832
24 0.0928031
24.4272 0.0937807
24.0125 0.0928359
24.012 0.0928345
24.012 0.0928345
24.012 0.0928345
24.012 0.0928345
24.012 0.0928345
24.012 0.0928345
24.012 0.0928345
24.012 0.0928345
24.012 0.0928345
24.012 0.0928345
24.012 0.0928345
24.0121 0.0928346
24.187 0.0932401
24.0447 0.0929207
24.0428 0.0929157
24.0428 0.0929156
24.0428 0.0929157
24.0428 0.0929157
24.0428 0.0929157
24.0428 0.0929157
24.0429 0.0929158
24.2173 0.0933182
24.7964 0.0946943
24.3803 0.0937525
24.3786 0.0937483
24.3786 0.0937482
24.3786 0.0937482
24.3786 0.0937482
24.3786 0.0937482
24.3786 0.0937482
24.3787 0.0937483
24.5542 0.0941483
24.4836 0.0940035
24.4871 0.0940113
24.4873 0.0940118
24.4872 0.0940115
24.4872 0.0940115
24.4872 0.0940115
24.4872 0.0940115
24.4872 0.0940115
24.4872 0.0940115
24.4873 0.0940116
24.6636 0.094415
24.5743 0.0942276
24.5793 0.0942391
24.5799 0.0942403
24.5796 0.0942397
24.5796 0.0942397
24.5796 0.0942397
24.5796 0.0942397
24.5796 0.0942397
24.5796 0.0942398
24.5797 0.0942398
24.7566 0.0946465
25 0.095292
24.7571 0.0946478
24.7571 0.0946479
24.7571 0.0946479
24.7571 0.0946479
24.7571 0.0946479
24.7571 0.0946479
24.7571 0.0946479
24.7571 0.0946479
24.7571 0.0946479
24.7571 0.0946479
24.7571 0.0946479
24.7571 0.0946479
24.7571 0.0946479
24.7571 0.094648
24.935 0.0950685
25 0.0952553
25.5239 0.0965955
26 0.0979124
25.5411 0.0966418
25.5409 0.0966412
25.5409 0.0966412
25.5409 0.0966412
25.5409 0.0966412
25.5409 0.0966412
25.5409 0.0966412
25.5409 0.0966412
25.5409 0.0966412
25.5409 0.0966412
25.5409 0.0966412
25.541 0.0966413
25.7195 0.0971413
25.584 0.096774
25.5854 0.096778
25.5854 0.0967783
25.5854 0.0967781
25.5854 0.0967781
25.5854 0.0967781
25.5854 0.0967781
25.5854 0.0967781
25.5854 0.0967781
25.5854 0.0967782
25.7683 0.0972964
26 0.0980759
26.3652 0.0992217
26.2951 0.0990093
26.2919 0.0989996
26.2916 0.0989988
26.2917 0.0989992
26.2917 0.0989992
26.2917 0.0989991
26.2917 0.0989992
26.2917 0.0989992
26.2917 0.0989992
26.2917 0.0989992
26.2917 0.0989992
26.2917 0.0989992
26.2917 0.0989992
26.2917 0.0989992
26.2917 0.0989992
26.2918 0.0989993
26.4712 0.0996202
27 0.101738
26.6675 0.100423
26.6765 0.10046
26.6773 0.100463
26.6769 0.100462
26.6769 0.100462
26.6769 0.100462
26.6769 0.100462
26.6769 0.100462
26.6769 0.100462
26.677 0.100462
26.8604 0.101174
26.679 0.10047
26.6791 0.100471
26.6791 0.100471
26.6791 0.100471
26.6791 0.100471
26.6791 0.100471
26.6791 0.100471
26.6791 0.100471
26.8647 0.101193
27 0.101811
27.4585 0.103852
28 0.106617
27.7334 0.105216
27.7361 0.10523
27.7362 0.10523
27.7361 0.10523
27.7361 0.10523
27.7361 0.10523
27.7362 0.10523
27.7362 0.10523
27.9135 0.106202
27.85 0.105869
27.8492 0.105864
27.8492 0.105864
27.8492 0.105864
27.8492 0.105864
27.8492 0.105864
27.8492 0.105864
27.8492 0.105864
28 0.106719
27.9859 0.106643
27.9855 0.106641
27.9855 0.106641
27.9855 0.106641
27.9855 0.106641
27.9855 0.106641
27.9855 0.106641
27.9855 0.106641
27.9855 0.106641
27.9855 0.106641
27.9855 0.106641
27.9855 0.106641
27.9855 0.106641
27.9855 0.106641
27.9855 0.106641
28 0.106719
28.0185 0.106817
28.348 0.108763
28.6775 0.110849
28.594 0.110307
28.5945 0.110311
28.5945 0.110311
28.5945 0.110311
28.5945 0.110311
28.5945 0.110311
28.5945 0.110311
28.5945 0.110311
28.5945 0.110311
28.5945 0.110311
28.5945 0.110311
28.5945 0.110311
28.5945 0.110311
28.759 0.111458
29 0.113322
28.9883 0.113232
28.988 0.11323
28.988 0.11323
28.988 0.11323
28.988 0.11323
28.988 0.11323
28.988 0.11323
28.988 0.11323
28.988 0.11323
28.988 0.11323
28.988 0.11323
28.988 0.11323
28.988 0.11323
28.988 0.11323
29 0.113315
29.0169 0.113433
29.0036 0.11334
29.0036 0.11334
29.0036 0.11334
29.0036 0.11334
29.0036 0.11334
29.0036 0.11334
29.0037 0.113341
29.163 0.114545
29.734 0.11926
29.187 0.114745
29.1872 0.114747
29.1872 0.114747
29.1872 0.114747
29.1872 0.114747
29.1872 0.114747
29.1872 0.114747
29.3449 0.115987
29.9102 0.120817
29.5734 0.117953
29.5682 0.117908
29.568 0.117907
29.5681 0.117907
29.5681 0.117907
29.5681 0.117907
29.5681 0.117907
29.5681 0.117907
29.5681 0.117907
29.5681 0.117908
29.7222 0.119206
29.6913 0.118953
29.692 0.118958
29.692 0.118958
29.692 0.118958
29.692 0.118958
29.692 0.118958
29.692 0.118958
29.692 0.118959
29.8516 0.120338
29.8404 0.120245
29.8422 0.12026
29.8422 0.12026
29.8422 0.12026
29.8422 0.12026
29.8422 0.12026
29.8422 0.12026
29.8422 0.12026
30 0.121663
30.0006 0.121669
30.5594 0.126986
30.34 0.124916
30.3516 0.125026
30.3524 0.125033
30.352 0.12503
30.352 0.12503
30.352 0.12503
30.352 0.12503
30.352 0.12503
30.352 0.12503
30.3521 0.12503
30.51 0.126547
31 0.13154
30.6139 0.127617
30.5986 0.127461
30.5976 0.12745
30.5981 0.127455
30.5981 0.127455
30.5981 0.127455
30.5981 0.127455
30.5981 0.127455
30.5981 0.127455
30.5981 0.127455
30.5981 0.127456
30.7546 0.129008
31 0.131599
30.7642 0.12911
30.7637 0.129106
30.7637 0.129106
30.7637 0.129106
30.7637 0.129106
30.7637 0.129106
30.7637 0.129106
30.7637 0.129106
30.7637 0.129106
30.7637 0.129106
30.7637 0.129106
30.7638 0.129106
30.9187 0.130679
30.8611 0.130106
30.8596 0.130091
30.8595 0.130091
30.8596 0.130091
30.8596 0.130091
30.8596 0.130091
30.8596 0.130091
30.8596 0.130091
31 0.131537
31.013 0.131666
31.5615 0.137559
31.2201 0.133919
31.2227 0.133948
31.2228 0.133948
31.2228 0.133948
31.2228 0.133948
31.2228 0.133948
31.2228 0.133948
31.2228 0.133949
31.3781 0.135601
31.355 0.135362
31.3547 0.135359
31.3547 0.135358
31.3547 0.135359
31.3547 0.135359
31.3547 0.135359
31.3547 0.135359
31.3547 0.135359
31.3547 0.135359
31.3547 0.135359
31.3547 0.135359
31.3547 0.135359
31.3547 0.135359
31.3547 0.135359
31.5042 0.136968
31.5037 0.136963
31.5037 0.136963
31.5037 0.136963
31.5037 0.136963
31.5037 0.136963
31.5037 0.136963
31.5038 0.136964
31.6548 0.138614
31.6461 0.138523
31.646 0.138521
31.646 0.138521
31.646 0.138521
31.646 0.138521
31.646 0.138521
31.646 0.138521
31.646 0.138521
31.646 0.138521
31.646 0.138521
31.646 0.138521
31.646 0.138518
31.6461 0.138518
31.7917 0.140128
31.6479 0.13854
31.6479 0.138539
31.6479 0.138539
31.6479 0.138539
31.6479 0.138538
31.6479 0.138538
31.6479 0.138538
31.7931 0.140142
31.7877 0.140085
31.788 0.140088
31.788 0.140088
31.788 0.140088
31.788 0.140088
31.788 0.140088
31.788 0.140088
31.788 0.140088
31.788 0.140088
31.788 0.140088
31.788 0.140088
31.788 0.140088
31.9338 0.141718
32 0.142497
32.4834 0.148038
32.2581 0.14549
32.2589 0.145499
32.2589 0.145499
32.2589 0.145499
32.2589 0.145499
32.2589 0.145499
32.2589 0.145499
32.2589 0.145499
32.2589 0.145499
32.2589 0.145499
32.2589 0.145499
32.2589 0.145499
32.259 0.1455
32.4093 0.14722
32.957 0.153616
32.6246 0.149782
32.6119 0.149632
32.611 0.149622
32.6114 0.149627
32.6114 0.149627
32.6114 0.149627
32.6114 0.149627
32.6114 0.149627
32.6114 0.149627
32.6115 0.149627
32.7608 0.151354
33 0.154214
32.7873 0.151674
32.7883 0.151687
32.7884 0.151688
32.7884 0.151688
32.7884 0.151688
32.7884 0.151688
32.7884 0.151688
32.7884 0.151688
32.9374 0.15342
33 0.154179
33.482 0.159827
33.1416 0.155874
33.1604 0.156098
33.1651 0.156154
33.1631 0.15613
33.1631 0.15613
33.1631 0.15613
33.1631 0.15613
33.1631 0.15613
33.1631 0.15613
33.1631 0.15613
33.1631 0.15613
33.1631 0.15613
33.1632 0.156131
33.3116 0.15786
33.2013 0.156585
33.2018 0.156591
33.2019 0.156591
33.2019 0.156591
33.2019 0.156591
33.2019 0.156591
33.2019 0.156591
33.2019 0.156592
33.3581 0.158415
33.8942 0.1647
33.364 0.158486
33.364 0.158487
33.364 0.158487
33.364 0.158487
33.364 0.158487
33.364 0.158487
33.364 0.158487
33.364 0.158487
33.364 0.158487
33.364 0.158487
33.364 0.158487
33.364 0.158487
33.3641 0.158487
33.5236 0.160353
34 0.165965
33.6951 0.162418
33.6976 0.162448
33.6977 0.162449
33.6977 0.162448
33.6977 0.162448
33.6977 0.162448
33.6977 0.162448
33.6977 0.162449
33.8617 0.164358
33.8152 0.16383
33.8145 0.163822
33.8145 0.163822
33.8145 0.163822
33.8145 0.163822
33.8145 0.163822
33.8145 0.163822
33.8145 0.163822
33.8145 0.163822
33.9738 0.165671
33.9601 0.165518
33.9604 0.165521
33.9604 0.165521
33.9604 0.165521
33.9604 0.165521
33.9604 0.165521
33.9604 0.165521
33.9604 0.165521
33.9604 0.165521
33.9604 0.165521
33.9604 0.165521
33.9604 0.165521
34 0.165977
34.034 0.166362
34.5655 0.172506
34.1369 0.167594
34.1298 0.167509
34.1296 0.167507
34.1297 0.167508
34.1297 0.167508
34.1297 0.167508
34.1297 0.167508
34.1297 0.167508
34.1297 0.167508
34.1297 0.167508
34.1297 0.167508
34.1297 0.167508
34.1297 0.167508
34.1297 0.167508
34.1297 0.167508
34.1298 0.167509
34.2925 0.169385
34.8427 0.175675
34.477 0.17156
34.4805 0.1716
34.4806 0.171601
34.4805 0.171601
34.4805 0.171601
34.4805 0.171601
34.4805 0.171601
34.4806 0.171601
34.6481 0.173505
35 0.177522
34.7394 0.174571
34.7414 0.174595
34.7415 0.174596
34.7414 0.174595
34.7414 0.174595
34.7414 0.174595
34.7414 0.174595
34.7414 0.174595
34.7414 0.174595
34.7415 0.174595
34.9137 0.176528
34.7824 0.175068
34.781 0.175052
34.781 0.175051
34.781 0.175052
34.781 0.175052
34.781 0.175052
34.781 0.175052
34.781 0.175052
34.781 0.175052
34.781 0.175052
34.781 0.175052
34.781 0.175052
34.781 0.175052
34.781 0.175052
34.781 0.175052
34.952 0.176967
34.9158 0.176573
34.9172 0.176588
34.9172 0.176589
34.9172 0.176589
34.9172 0.176589
34.9172 0.176589
34.9172 0.176589
34.9172 0.176589
34.9172 0.176589
34.9172 0.176589
34.9172 0.176589
34.9172 0.176589
34.9172 0.176589
34.9172 0.176589
34.9172 0.176589
35 0.177512
35.0461 0.178012
35.0393 0.17794
35.0394 0.17794
35.0394 0.17794
35.0394 0.17794
35.0394 0.17794
35.0394 0.17794
35.0395 0.177941
35.2164 0.179899
35.1742 0.179445
35.173 0.179432
35.1729 0.179431
35.173 0.179432
35.173 0.179432
35.173 0.179432
35.173 0.179432
35.173 0.179433
35.3478 0.181348
35.9059 0.187317
35.4744 0.182761
35.4713 0.182727
35.4712 0.182727
35.4713 0.182727
35.4713 0.182727
35.4713 0.182727
35.4713 0.182727
35.4713 0.182717
35.4713 0.182717
35.6382 0.184503
35.5849 0.183948
35.584 0.183938
35.584 0.183938
35.584 0.183938
35.584 0.183938
35.584 0.183938
35.584 0.183938
35.584 0.183938
35.584 0.183938
35.584 0.183938
35.584 0.183938
35.584 0.183938
35.584 0.183938
35.584 0.183938
35.5841 0.183939
35.7488 0.185684
36 0.188363
36.3068 0.19144
36.028 0.188652
36.0292 0.188665
36.0293 0.188666
36.0293 0.188666
36.0293 0.188666
36.0293 0.188666
36.0293 0.188666
36.0293 0.188666
36.0293 0.188666
36.0293 0.188666
36.0293 0.188666
36.0293 0.188666
36.0293 0.188666
36.0293 0.188666
36.0294 0.188667
36.1957 0.190357
36.7603 0.195907
36.2517 0.19094
36.2517 0.19094
36.2517 0.19094
36.2517 0.19094
36.2517 0.19094
36.2517 0.19094
36.2517 0.190941
36.412 0.192531
36.9783 0.19796
36.732 0.195693
36.7383 0.195753
36.7386 0.195756
36.7385 0.195755
36.7385 0.195755
36.7385 0.195755
36.7385 0.195755
36.7385 0.195755
36.8993 0.19726
37 0.198223
37.4735 0.202412
37.1945 0.20001
37.2003 0.200062
37.2006 0.200065
37.2004 0.200064
37.2004 0.200064
37.2005 0.200064
37.2004 0.200064
37.2004 0.200064
37.2004 0.200064
37.2004 0.200064
37.2004 0.200064
37.2004 0.200064
37.2004 0.200064
37.2004 0.200064
37.2004 0.200064
37.2005 0.200065
37.3623 0.201482
37.2915 0.200878
37.2923 0.200885
37.2923 0.200885
37.2923 0.200885
37.2923 0.200885
37.2923 0.200885
37.2923 0.200885
37.2924 0.200886
37.4586 0.202323
38 0.206789
37.4673 0.2024
37.4667 0.202395
37.4667 0.202395
37.4667 0.202395
37.4667 0.202395
37.4667 0.202395
37.4667 0.202395
37.4667 0.202395
37.4667 0.202395
37.4667 0.202395
37.4667 0.202394
37.4668 0.202394
37.6312 0.203779
37.5492 0.203105
37.5514 0.203124
37.5515 0.203125
37.5514 0.203124
37.5514 0.203124
37.5514 0.203124
37.5514 0.203124
37.5514 0.203124
37.5514 0.203124
37.5514 0.203124
37.5514 0.203124
37.5514 0.203124
37.5514 0.203124
37.5514 0.203124
37.5515 0.203124
37.7167 0.204497
38 0.206829
37.7565 0.204837
37.7559 0.204832
37.7559 0.204832
37.7559 0.204832
37.7559 0.204832
37.7559 0.204832
37.7559 0.204832
37.7559 0.204832
37.7559 0.204832
37.7559 0.204832
37.7559 0.204832
37.7559 0.204832
37.756 0.204832
37.917 0.206124
37.8816 0.205851
37.883 0.205862
37.883 0.205862
37.883 0.205862
37.883 0.205862
37.883 0.205862
37.883 0.205862
37.883 0.205862
37.883 0.205862
37.883 0.205862
37.883 0.205862
37.883 0.205862
37.883 0.205862
37.883 0.205862
37.883 0.205862
38 0.206792
38.0443 0.207126
38.0296 0.207016
38.0297 0.207017
38.0297 0.207017
38.0297 0.207017
38.0297 0.207017
38.0297 0.207017
38.0297 0.207017
38.0297 0.207017
38.0297 0.207017
38.0297 0.207017
38.0297 0.207017
38.0298 0.207017
38.1934 0.208266
38.7957 0.212547
38.2668 0.208841
38.2634 0.208814
38.2633 0.208814
38.2633 0.208814
38.2633 0.208814
38.2633 0.208814
38.2633 0.208814
38.2633 0.208814
38.2634 0.208814
38.4252 0.20999
39 0.21388
38.9438 0.213539
38.9472 0.21356
38.9472 0.213561
38.9472 0.213561
38.9472 0.213561
38.9472 0.213561
38.9472 0.213561
38.9472 0.213561
38.9472 0.213561
39 0.21389
39.0417 0.214141
39.6151 0.21742
39.3594 0.216074
39.3562 0.216056
39.3561 0.216055
39.3562 0.216056
39.3562 0.216056
39.3562 0.216056
39.3562 0.216056
39.3562 0.216056
39.5147 0.216918
40 0.219356
39.5431 0.217079
39.5449 0.217089
39.5452 0.217091
39.5451 0.21709
39.5451 0.21709
39.5451 0.21709
39.5451 0.21709
39.5451 0.21709
39.5451 0.21709
39.5451 0.21709
39.5451 0.21709
39.5451 0.21709
39.5451 0.21709
39.5451 0.21709
39.5451 0.21709
39.5451 0.21709
39.7047 0.217907
40 0.219374
39.7273 0.218028
39.7273 0.218028
39.7273 0.218028
39.7273 0.218028
39.7273 0.218028
39.7273 0.218028
39.7273 0.218028
39.8853 0.218787
39.8164 0.218472
39.8179 0.218479
39.818 0.218479
39.818 0.218479
39.818 0.218479
39.818 0.218479
39.818 0.218479
39.818 0.218479
39.9768 0.219217
39.833 0.218555
39.8336 0.218558
39.8337 0.218558
39.8337 0.218558
39.8337 0.218558
39.8337 0.218558
39.8337 0.218558
39.8337 0.218558
39.9933 0.219294
40 0.219327
40.6045 0.221736
40.0704 0.219662
40.0704 0.219661
40.0704 0.219661
40.0704 0.219661
40.0704 0.219661
40.0704 0.219661
40.0704 0.219661
40.0704 0.219661
40.0704 0.219661
40.0704 0.219661
40.0704 0.219662
40.2286 0.220323
40.0986 0.219789
40.0997 0.219793
40.0997 0.219794
40.0997 0.219794
40.0997 0.219794
40.0997 0.219794
40.0997 0.219794
40.0997 0.219794
40.0997 0.219794
40.0997 0.219794
40.0997 0.219794
40.0997 0.219794
40.0997 0.219794
40.0997 0.219794
40.0998 0.219794
40.2583 0.220448
40.8692 0.222592
40.3673 0.22091
40.3646 0.220898
40.3645 0.220898
40.3645 0.220898
40.3645 0.220898
40.3645 0.220898
40.3645 0.220898
40.3646 0.220899
40.5227 0.221474
41 0.223007
40.9496 0.222876
40.9513 0.22288
40.9513 0.22288
40.9513 0.22288
40.9513 0.22288
40.9513 0.22288
40.9513 0.22288
40.9513 0.22288
40.9513 0.22288
40.9513 0.22288
40.9513 0.22288
40.9513 0.22288
40.9513 0.22288
40.9513 0.22288
41 0.223009
41.0414 0.223109
41.6276 0.224334
41.504 0.224158
41.5082 0.224165
41.5082 0.224165
41.5082 0.224165
41.5082 0.224165
41.5082 0.224165
41.5082 0.224165
41.5082 0.224165
41.5082 0.224165
41.6704 0.224417
41.5444 0.224233
41.5451 0.224234
41.5451 0.224234
41.5451 0.224234
41.5451 0.224234
41.5451 0.224234
41.5451 0.224234
41.5451 0.224234
41.5451 0.224234
41.5451 0.224234
41.5451 0.224234
41.5451 0.224234
41.5451 0.224234
41.5451 0.224234
41.5451 0.224234
41.7098 0.224479
41.6435 0.224397
41.6448 0.224399
41.6448 0.224399
41.6448 0.224399
41.6448 0.224399
41.6448 0.224399
41.6448 0.224399
41.6448 0.224399
41.8101 0.224615
42 0.224863
41.9676 0.224828
41.9678 0.224828
41.9678 0.224828
41.9678 0.224828
41.9678 0.224828
41.9678 0.224828
41.9678 0.224828
41.9678 0.224828
41.9678 0.224828
41.9678 0.224828
41.9678 0.224828
41.9679 0.224828
42 0.224852
42.0342 0.224872
42.6434 0.225065
42.5733 0.225095
42.5682 0.225097
42.5675 0.225097
42.5678 0.225097
42.5678 0.225097
42.5678 0.225097
42.5678 0.225097
42.5678 0.225097
42.5678 0.225074
42.5678 0.225074
42.7387 0.225028
43 0.224939
42.7401 0.225028
42.7402 0.225028
42.7402 0.225028
42.7402 0.225028
42.7402 0.225028
42.7402 0.225028
42.7402 0.225028
42.9149 0.224935
43 0.224904
43.5415 0.224251
43.181 0.224772
43.1789 0.224774
43.1789 0.224774
43.1789 0.224774
43.1789 0.224774
43.1789 0.224774
43.1789 0.224774
43.179 0.224774
43.3457 0.224564
43.9663 0.223482
43.4148 0.224493
43.419 0.224488
43.4195 0.224487
43.4192 0.224488
43.4192 0.224488
43.4193 0.224487
43.4192 0.224488
43.4192 0.224488
43.4192 0.224488
43.4192 0.224488
43.4192 0.224488
43.4192 0.224488
43.4192 0.224488
43.4192 0.224488
43.4192 0.224488
43.4193 0.224487
43.5869 0.224217
44 0.223469
43.8776 0.223735
43.8805 0.223729
43.8806 0.223729
43.8806 0.223729
43.8806 0.223729
43.8806 0.223729
43.8806 0.223729
43.8806 0.223729
44 0.223472
43.9808 0.223518
43.9829 0.223513
43.983 0.223513
43.9829 0.223513
43.9829 0.223513
43.9829 0.223513
43.9829 0.223513
43.9829 0.223513
43.9829 0.223513
43.9829 0.223513
43.9829 0.223513
43.9829 0.223513
43.9829 0.223513
43.9829 0.223513
43.9829 0.223513
44 0.223471
44.0247 0.223407
44.4422 0.222312
44.8597 0.220973
44.7273 0.221423
44.7289 0.221418
44.7289 0.221418
44.7289 0.221418
44.7289 0.221418
44.7289 0.221418
44.7289 0.221418
44.7289 0.221418
44.7289 0.221418
44.7289 0.221418
44.7289 0.221418
44.7289 0.221418
44.7289 0.221418
44.7289 0.221418
44.9084 0.220851
45 0.220586
45.555 0.21859
45.3268 0.219491
45.3267 0.219491
45.3267 0.219491
45.3267 0.219491
45.3267 0.219491
45.3267 0.219491
45.3268 0.219491
45.508 0.218808
46 0.216915
45.7599 0.217898
45.7632 0.217885
45.7633 0.217885
45.7633 0.217885
45.7633 0.217885
45.7633 0.217885
45.7633 0.217885
45.7633 0.217885
45.7633 0.217885
45.7633 0.217885
45.7633 0.217885
45.7633 0.217885
45.7633 0.217885
45.7633 0.217885
45.7633 0.217885
45.9462 0.217131
45.9349 0.217182
45.9352 0.21718
45.9352 0.21718
45.9352 0.21718
45.9352 0.21718
45.9352 0.21718
45.9352 0.21718
45.9352 0.21718
45.9352 0.21718
45.9352 0.21718
45.9352 0.21718
45.9352 0.21718
46 0.216909
46.05 0.216687
46.6884 0.213933
46.5205 0.214728
46.5282 0.214693
46.5285 0.214692
46.5284 0.214692
46.5284 0.214692
46.5284 0.214692
46.5284 0.214692
46.5284 0.214692
46.5284 0.214692
46.5284 0.214692
46.5284 0.214692
46.5284 0.214692
46.5284 0.214692
46.5284 0.214692
46.5284 0.214692
46.5284 0.214692
46.7177 0.213839
47 0.212635
46.7941 0.213525
46.7926 0.213532
46.7926 0.213532
46.7926 0.213532
46.7926 0.213532
46.7926 0.213532
46.7926 0.213532
46.7926 0.213532
46.7926 0.213532
46.7926 0.213532
46.7926 0.213532
46.7926 0.213532
46.7926 0.213532
46.7926 0.213532
46.9794 0.212673
47 0.212588
47.6325 0.209677
47.1125 0.212112
47.1161 0.212097
47.1163 0.212096
47.1162 0.212097
47.1162 0.212097
47.1162 0.212097
47.1162 0.212097
47.1162 0.212097
47.1162 0.212097
47.1163 0.212096
47.3068 0.211207
47.96 0.2082
47.86 0.208696
47.8527 0.208732
47.8517 0.208737
47.8522 0.208735
47.8522 0.208735
47.8522 0.208735
47.8522 0.208735
47.8522 0.208735
47.8522 0.208735
47.8522 0.208735
48 0.208058
48.0375 0.207872
48.6887 0.204955
48.0423 0.207853
48.0423 0.207853
48.0423 0.207853
48.0423 0.207853
48.0423 0.207853
48.0423 0.207853
48.0424 0.207852
48.2349 0.206968
48.8946 0.204064
48.4007 0.206281
48.4043 0.206266
48.4045 0.206265
48.4044 0.206265
48.4044 0.206265
48.4044 0.206265
48.4044 0.206265
48.4045 0.206265
48.604 0.205367
49 0.203722
49.2616 0.202558
49.9192 0.19985
49.7468 0.200547
49.7434 0.20056
49.7433 0.200561
49.7433 0.200561
49.7433 0.200561
49.7433 0.200561
49.7433 0.200561
49.7433 0.200561
49.7433 0.200544
49.7433 0.200543
49.9223 0.199876
50 0.19963
50.5786 0.197676
50.435 0.198179
50.4368 0.198173
50.4368 0.198173
50.4368 0.198173
50.4368 0.198173
50.4368 0.198173
50.4368 0.198173
50.4368 0.198173
50.4368 0.198173
50.4368 0.198173
50.4368 0.198173
50.4368 0.198173
50.4368 0.198173
50.4369 0.198173
50.6209 0.197579
51 0.196542
50.6946 0.197383
50.6962 0.197379
50.6963 0.197378
50.6963 0.197378
50.6963 0.197378
50.6963 0.197378
50.6963 0.197378
50.6963 0.197378
50.6963 0.197378
50.8851 0.196811
51 0.19653
51.5399 0.195135
51.538 0.19514
51.5382 0.19514
51.5382 0.19514
51.5382 0.19514
51.5382 0.19514
51.5382 0.19514
51.5382 0.19514
51.5382 0.19514
51.5382 0.19514
51.5382 0.19514
51.5383 0.19514
51.7285 0.194721
52 0.194266
51.8643 0.194497
51.8658 0.194494
51.8658 0.194494
51.8658 0.194494
51.8658 0.194494
51.8658 0.194494
51.8658 0.194494
51.8658 0.194494
51.8658 0.194494
52 0.194252
52.0618 0.194124
52.7183 0.193187
52.5895 0.193378
52.5865 0.193382
52.5864 0.193382
52.5864 0.193382
52.5864 0.193382
52.5864 0.193382
52.5864 0.193382
52.5864 0.193382
52.5864 0.193382
52.5864 0.193382
52.5864 0.193382
52.5864 0.193382
52.5864 0.193382
52.5864 0.193382
52.5865 0.193382
52.7838 0.193148
53 0.193001
53.4506 0.192668
53.2014 0.192856
53.1922 0.192863
53.1916 0.192863
53.1919 0.192863
53.1919 0.192863
53.1919 0.192863
53.1919 0.192863
53.1919 0.192855
53.192 0.192855
53.388 0.192732
53.3643 0.192752
53.3637 0.192753
53.3636 0.192753
53.3636 0.192753
53.3636 0.192753
53.3636 0.192753
53.3636 0.192753
53.3636 0.192753
53.3637 0.192753
53.5575 0.192664
54 0.192659
53.7171 0.192666
53.7199 0.192666
53.72 0.192666
53.72 0.192666
53.72 0.192666
53.72 0.192666
53.72 0.192666
53.72 0.192666
53.9197 0.19264
53.8992 0.192647
53.8988 0.192647
53.8988 0.192647
53.8988 0.192647
53.8988 0.192647
53.8988 0.192647
53.8988 0.192647
53.8988 0.192647
54 0.192652
54.0658 0.192643
54.7195 0.192912
54.6578 0.192889
54.6564 0.192888
54.6563 0.192888
54.6564 0.192888
54.6564 0.192888
54.6564 0.192888
54.6564 0.192888
54.6564 0.192888
54.6564 0.192888
54.6564 0.192888
54.6564 0.192888
54.6564 0.192888
54.6564 0.192888
54.6564 0.192888
54.6564 0.192888
54.8447 0.193016
55 0.193185
55.5153 0.193717
56 0.194354
55.6018 0.193822
55.6033 0.193824
55.6034 0.193824
55.6034 0.193824
55.6034 0.193824
55.6034 0.193824
55.6034 0.193824
55.6034 0.193824
55.7946 0.194091
55.7859 0.19408
55.786 0.194081
55.786 0.194081
55.786 0.194081
55.786 0.194081
55.786 0.194081
55.7861 0.194081
55.987 0.194388
56 0.194413
56.686 0.19566
56.2082 0.194802
56.2 0.194787
56.1997 0.194787
56.1999 0.194787
56.1999 0.194787
56.1999 0.194787
56.1999 0.194787
56.1999 0.194787
56.1999 0.194787
56.1999 0.194787
56.1999 0.194787
56.1999 0.194787
56.1999 0.194787
56.1999 0.194787
56.1999 0.194787
56.2 0.194787
56.3993 0.195135
56.3007 0.194972
56.2997 0.19497
56.2997 0.19497
56.2997 0.19497
56.2997 0.19497
56.2997 0.19497
56.2997 0.19497
56.2997 0.19497
56.2997 0.19497
56.2997 0.19497
56.2997 0.19497
56.2997 0.19497
56.2997 0.19497
56.2998 0.19497
56.4946 0.195319
57 0.196373
56.7614 0.195882
56.7641 0.195888
56.7641 0.195888
56.7641 0.195888
56.7641 0.195888
56.7641 0.195888
56.7641 0.195888
56.7641 0.195888
56.9591 0.196281
57 0.196377
57.659 0.197869
57.5224 0.197567
57.5221 0.197566
57.5221 0.197566
57.5221 0.197566
57.5221 0.197566
57.5221 0.197566
57.5222 0.197566
57.7246 0.198047
58 0.198776
58.4504 0.19993
59 0.201432
58.6208 0.200388
58.621 0.200388
58.621 0.200388
58.621 0.200388
58.621 0.200388
58.621 0.200388
58.621 0.200388
58.621 0.200388
58.621 0.200388
58.621 0.200388
58.621 0.200388
58.6211 0.200389
58.8285 0.200974
59 0.201503
59.5964 0.203277
60 0.204525
60.3642 0.205677
61 0.207796
61.1321 0.208253
61.9 0.211021
61.6565 0.210122
61.6721 0.210179
61.673 0.210182
61.6726 0.21018
61.6726 0.21018
61.6726 0.21018
61.6726 0.21018
61.6726 0.21018
61.6726 0.210181
61.8763 0.210958
62 0.211461
62.7222 0.21431
62.03 0.211582
62.031 0.211586
62.031 0.211586
62.031 0.211586
62.031 0.211586
62.031 0.211586
62.031 0.211586
62.0311 0.211587
62.2388 0.212389
63 0.215463
62.4728 0.213349
62.4769 0.213366
62.4771 0.213366
62.477 0.213366
62.477 0.213366
62.477 0.213366
62.477 0.213366
62.477 0.213366
62.477 0.213366
62.4771 0.213366
62.6866 0.214191
63 0.215499
63.5017 0.217551
63.1524 0.216128
63.1552 0.216139
63.1553 0.21614
63.1553 0.21614
63.1553 0.21614
63.1553 0.21614
63.1553 0.21614
63.1553 0.21614
63.1554 0.21614
63.3607 0.216981
64 0.219741
63.6264 0.218136
63.6304 0.218154
63.6305 0.218155
63.6305 0.218154
63.6305 0.218154
63.6305 0.218154
63.6305 0.218154
63.6305 0.218154
63.6305 0.218154
63.6305 0.218154
63.8349 0.219018
64 0.21976
63.8855 0.219246
63.8855 0.219246
63.8855 0.219246
63.8855 0.219246
63.8855 0.219246
63.8855 0.219246
63.8855 0.219246
64 0.219744
63.9857 0.219683
63.9859 0.219683
63.9859 0.219683
63.9859 0.219683
63.9859 0.219683
63.9859 0.219683
63.9859 0.219683
63.9859 0.219683
63.9859 0.219683
63.9859 0.219683
63.9859 0.219683
63.9859 0.219683
64 0.219743
64.0257 0.21985
64.4238 0.221588
64.8219 0.223368
64.5072 0.221957
64.5077 0.22196
64.5077 0.22196
64.5077 0.22196
64.5077 0.22196
64.5077 0.22196
64.5077 0.22196
64.5077 0.22196
64.5077 0.22196
64.5077 0.22196
64.5077 0.22196
64.5077 0.22196
64.5078 0.22196
64.7379 0.223015
65 0.22428
65.581 0.227039
66 0.229091
65.9118 0.228656
65.9116 0.228656
65.9116 0.228656
65.9116 0.228656
65.9116 0.228656
65.9116 0.228656
65.9116 0.228656
65.9116 0.228656
65.9116 0.228656
65.9116 0.228656
65.9117 0.228656
66 0.229101
66.0702 0.229448
66.0303 0.229251
66.0304 0.229252
66.0304 0.229252
66.0304 0.229252
66.0304 0.229252
66.0304 0.229252
66.0304 0.229252
66.0304 0.229252
66.0304 0.229252
66.0304 0.229252
66.0304 0.229252
66.0305 0.229252
66.2748 0.230488
67 0.234274
67.1214 0.234896
67.0672 0.234618
67.0668 0.234616
67.0668 0.234616
67.0668 0.234616
67.0668 0.234616
67.0668 0.234616
67.0668 0.234616
67.0668 0.234616
67.0668 0.234616
67.0668 0.234616
67.0668 0.234616
67.0668 0.234616
67.0668 0.234616
67.0669 0.234617
67.307 0.235884
68 0.239625
68.1306 0.240315
68.9542 0.244762
68.2193 0.240793
68.218 0.240786
68.218 0.240786
68.218 0.240786
68.218 0.240786
68.218 0.240786
68.218 0.240786
68.218 0.240786
68.218 0.240786
68.218 0.240786
68.218 0.240786
68.218 0.240786
68.2181 0.240787
68.4415 0.242004
69 0.245095
69.2592 0.246491
70 0.250496
69.2947 0.246684
69.295 0.246686
69.295 0.246686
69.295 0.246686
69.295 0.246686
69.295 0.246686
69.295 0.246686
69.295 0.246686
69.295 0.246686
69.295 0.246686
69.295 0.246686
69.295 0.246686
69.2951 0.246686
69.5211 0.247922
69.3253 0.246855
69.3249 0.246852
69.3249 0.246852
69.3249 0.246852
69.3249 0.246852
69.3249 0.246852
69.3249 0.246852
69.3249 0.246852
69.3249 0.246852
69.3249 0.246852
69.3249 0.246852
69.3249 0.246853
69.5457 0.248058
70 0.25056
69.8122 0.249537
69.813 0.249541
69.813 0.249541
69.813 0.249541
69.813 0.249541
69.813 0.249541
69.813 0.249541
69.813 0.249541
69.813 0.249541
69.813 0.249541
69.813 0.249541
69.813 0.249541
69.813 0.249541
70 0.250556
70.0471 0.250805
70.8565 0.255127
70.7752 0.254706
70.776 0.254711
70.776 0.254711
70.776 0.254711
70.776 0.254711
70.776 0.254711
70.776 0.254711
70.776 0.254711
70.776 0.254711
70.776 0.254711
70.776 0.254711
70.7761 0.254711
71 0.25589
71.0245 0.256015
71.8484 0.260232
71.788 0.259935
71.7945 0.259967
71.7946 0.259968
71.7946 0.259967
71.7946 0.259967
71.7946 0.259967
71.7946 0.259967
71.7946 0.259967
71.7946 0.259967
71.7946 0.259967
71.7946 0.259967
71.7946 0.259967
71.7946 0.259967
71.7946 0.259967
71.7946 0.259967
72 0.260994
72.0479 0.261226
72.8871 0.265234
73 0.265749
73.7264 0.268933
73.4239 0.267634
73.425 0.267639
73.425 0.267639
73.425 0.267639
73.425 0.267639
73.425 0.267639
73.425 0.267639
73.425 0.267639
73.425 0.267639
73.425 0.267639
73.425 0.267639
73.425 0.267639
73.425 0.267639
73.6885 0.268786
74 0.270111
74.5747 0.272383
75 0.273959
75.4609 0.275563
76 0.277303
76.347 0.278352
76.2759 0.278141
76.2761 0.278142
76.2761 0.278142
76.2761 0.278142
76.2761 0.278142
76.2761 0.278142
76.2761 0.278142
76.2761 0.278142
76.2761 0.278142
76.2761 0.278142
76.2761 0.278142
76.2762 0.278142
76.5108 0.278831
77 0.280172
77.4414 0.281245
77.1743 0.280611
77.1744 0.280611
77.1744 0.280611
77.1744 0.280611
77.1744 0.280611
77.1744 0.280611
77.1744 0.280611
77.1744 0.280611
77.1744 0.280611
77.1744 0.280611
77.1745 0.280611
77.4208 0.2812
78 0.282471
78.3249 0.283096
79 0.284253
78.5146 0.283442
78.5144 0.283442
78.5144 0.283442
78.5144 0.283442
78.5144 0.283442
78.5144 0.283442
78.5144 0.283442
78.5144 0.283442
78.5144 0.283442
78.5144 0.283442
78.5145 0.283442
78.7806 0.283902
78.7039 0.283775
78.7049 0.283776
78.705 0.283776
78.7049 0.283776
78.7049 0.283776
78.7049 0.283776
78.705 0.283776
78.705 0.283776
78.9794 0.284225
79 0.284258
79.9208 0.285509
80 0.2856
80.8623 0.286442
80.3123 0.285936
80.3086 0.285932
80.3085 0.285932
80.3085 0.285932
80.3085 0.285932
80.3085 0.285932
80.3085 0.285932
80.3086 0.285932
80.6074 0.286224
81 0.286567
81.6066 0.286968
82 0.287175
81.8942 0.287124
81.8925 0.287123
81.8924 0.287123
81.8925 0.287123
81.8925 0.287123
81.8925 0.2871
81.8925 0.2871
81.8925 0.2871
82 0.287154
82.0864 0.287192
83 0.287507
82.8244 0.287469
82.8158 0.287467
82.815 0.287466
82.8154 0.287466
82.8154 0.287466
82.8154 0.287466
82.8154 0.287466
82.8154 0.287466
82.8154 0.287466
82.8154 0.287466
82.8154 0.287466
82.8154 0.287466
82.8154 0.287466
82.8154 0.287466
82.8154 0.287458
82.8154 0.287458
83 0.287505
83.1072 0.287524
83.0102 0.287507
83.0101 0.287507
83.0101 0.287507
83.0101 0.287507
83.0101 0.287507
83.0101 0.287507
83.0101 0.287507
83.0101 0.287507
83.0101 0.287507
83.0101 0.287507
83.0102 0.287507
83.3104 0.287561
84 0.287642
84.3109 0.287637
85 0.287616
84.4545 0.287637
84.4492 0.287637
84.4491 0.287637
84.4492 0.287637
84.4492 0.287637
84.4492 0.287613
84.4492 0.287613
84.4492 0.287613
84.737 0.287606
84.6813 0.28761
84.6725 0.287611
84.6699 0.287611
84.671 0.287611
84.671 0.287611
84.671 0.287611
84.671 0.287611
84.671 0.287611
84.671 0.287611
84.671 0.287611
84.9615 0.287604
85 0.287605
85.9665 0.287541
85.5097 0.287593
85.5031 0.287594
85.503 0.287594
85.5031 0.287594
85.5031 0.287594
85.503 0.287594
85.5031 0.287594
85.5031 0.287594
85.5031 0.287594
85.5031 0.287594
85.5031 0.287594
85.5031 0.287594
85.5031 0.287594
85.5031 0.287594
85.5031 0.287594
85.7897 0.287564
85.5581 0.287591
85.5577 0.287591
85.5577 0.287591
85.5577 0.287591
85.5577 0.287591
85.5577 0.287591
85.5578 0.287591
85.836 0.287561
86 0.287556
86.8234 0.28748
86.3885 0.28753
86.4791 0.287521
86.5099 0.287518
86.4984 0.287519
86.4985 0.287519
86.4985 0.287519
86.4985 0.287519
86.4985 0.287519
86.4985 0.287519
86.4985 0.287519
86.4985 0.287519
86.4985 0.287519
86.4985 0.287519
86.4985 0.287519
86.4985 0.287519
86.4986 0.287519
86.7892 0.287493
87 0.287495
87.7833 0.287484
88 0.2875
88.7775 0.287622
88.2723 0.287531
88.2731 0.287531
88.2731 0.287531
88.2731 0.287531
88.2731 0.287531
88.2731 0.287531
88.2731 0.287531
88.2731 0.287531
88.2731 0.287531
88.2731 0.287531
88.2731 0.287531
88.2731 0.287531
88.2731 0.287531
88.562 0.287589
88.3531 0.28755
88.3522 0.28755
88.3522 0.28755
88.3522 0.28755
88.3522 0.28755
88.3522 0.28755
88.3522 0.28755
88.3522 0.28755
88.3522 0.28755
88.3522 0.28755
88.3522 0.28755
88.3522 0.28755
88.3523 0.28755
88.6345 0.287609
89 0.287748
89.6605 0.288021
89.2519 0.287849
89.2504 0.287848
89.2503 0.287848
89.2503 0.287848
89.2503 0.287848
89.2503 0.287848
89.2503 0.287848
89.2503 0.287848
89.2503 0.287848
89.2503 0.287848
89.2503 0.287848
89.2503 0.287848
89.2504 0.287848
89.5258 0.287966
90 0.28827
90.5122 0.288633
91 0.289094
91.4986 0.289659
91.0199 0.289115
91.02 0.289115
91.02 0.289115
91.02 0.289115
91.02 0.289115
91.02 0.289115
91.02 0.289115
91.02 0.289115
91.02 0.289115
91.02 0.289115
91.02 0.289114
91.0201 0.289114
91.3016 0.289439
92 0.290446
91.3408 0.289493
91.344 0.289497
91.3446 0.289498
91.3443 0.289498
91.3443 0.289498
91.3443 0.289498
91.3443 0.289498
91.3443 0.289498
91.3443 0.289498
91.3443 0.289498
91.3443 0.289498
91.3443 0.289498
91.3443 0.289498
91.3443 0.289498
91.3443 0.289498
91.3444 0.289498
91.6322 0.289873
91.4639 0.289657
91.463 0.289656
91.463 0.289656
91.463 0.289656
91.463 0.289656
91.463 0.289651
91.4631 0.289651
91.7484 0.290038
92 0.290441
92.7268 0.291687
92.0862 0.290583
92.0846 0.29058
92.0846 0.29058
92.0846 0.29058
92.0846 0.29058
92.0846 0.29058
92.0846 0.29058
92.0846 0.29058
92.0846 0.29058
92.0846 0.29058
92.0846 0.29058
92.0846 0.29058
92.0847 0.29058
92.3675 0.291045
93 0.292274
93.3178 0.292928
94 0.294544
94.2681 0.295237
95 0.297336
94.8645 0.296927
94.8661 0.296932
94.8661 0.296932
94.8661 0.296932
94.8661 0.296932
94.8661 0.296932
94.8661 0.296932
94.8661 0.296932
94.8661 0.296932
94.8661 0.296932
94.8661 0.296932
94.8661 0.296932
94.8661 0.296932
95 0.297352
95.1033 0.297672
96 0.30071
95.6241 0.299424
95.6209 0.299413
95.6209 0.299413
95.6209 0.299413
95.6209 0.299413
95.6209 0.299413
95.6209 0.299413
95.6209 0.299413
95.8855 0.300318
96 0.300731
96.8101 0.303693
96.6753 0.303196
96.6724 0.303185
96.6722 0.303185
96.6723 0.303185
96.6723 0.303185
96.6723 0.303185
96.6723 0.303185
96.6723 0.303185
96.6724 0.303185
96.9276 0.304149
97 0.304434
97.8374 0.307734
97.0353 0.304573
97.0348 0.304572
97.0348 0.304572
97.0348 0.304572
97.0348 0.304572
97.0349 0.304572
97.0349 0.304572
97.2843 0.305537
98 0.308408
97.4404 0.306165
97.4406 0.306166
97.4406 0.306166
97.4406 0.306166
97.4406 0.306166
97.4406 0.306166
97.4407 0.306166
97.6732 0.307084
97.5181 0.306475
97.5174 0.306472
97.5174 0.306472
97.5174 0.306472
97.5174 0.306472
97.5174 0.306472
97.5174 0.306472
97.5174 0.306472
97.5174 0.306472
97.5174 0.306472
97.5174 0.306472
97.5174 0.306467
97.5175 0.306468
97.7492 0.307386
98 0.308413
98.6434 0.311022
98.0384 0.308569
98.0382 0.308569
98.0382 0.308569
98.0382 0.308569
98.0382 0.308569
98.0382 0.308569
98.0383 0.308569
98.2674 0.309493
99 0.312503
98.3717 0.309926
98.3695 0.309917
98.3695 0.309917
98.3695 0.309917
98.3695 0.309917
98.3695 0.309917
98.3695 0.309917
98.3695 0.309917
98.3695 0.309917
98.3695 0.309917
98.3695 0.309917
98.3695 0.309917
98.3695 0.309906
98.3696 0.309906
98.5951 0.310824
98.4241 0.31013
98.4252 0.310135
98.4252 0.310135
98.4252 0.310135
98.4252 0.310135
98.4252 0.310135
98.4252 0.310135
98.4252 0.310135
98.4253 0.310135
98.6532 0.311064
99 0.312504
99.5457 0.314724
99.2185 0.3134
99.2181 0.313398
99.2181 0.313398
99.2181 0.313398
99.2181 0.313398
99.2181 0.313398
99.2182 0.313399
99.4361 0.314285
99.297 0.313722
99.2967 0.313721
99.2967 0.313721
99.2967 0.313721
99.2967 0.313721
99.2967 0.313721
99.2967 0.313721
99.2967 0.313721
99.2967 0.313721
99.2967 0.313721
99.2967 0.313721
99.2968 0.313721
99.5109 0.314591
99.4808 0.314471
99.4806 0.31447
99.4806 0.31447
99.4806 0.31447
99.4806 0.31447
99.4806 0.31447
99.4806 0.31447
99.4806 0.31447
99.4806 0.31447
99.4806 0.31447
99.4806 0.31447
99.4807 0.31447
99.6906 0.315321
100 0.316585
100.584 0.318887
100.169 0.317263
100.175 0.317288
100.176 0.31729
100.176 0.317289
100.176 0.317289
100.176 0.317289
100.176 0.317289
100.176 0.317289
100.176 0.317289
100.176 0.317289
100.176 0.317289
100.176 0.317289
100.176 0.317289
100.176 0.317289
100.176 0.31729
100.392 0.31814
101 0.320498
101.285 0.321552
102 0.324084
101.466 0.322212
101.466 0.322209
101.466 0.322209
101.466 0.322209
101.466 0.322209
101.466 0.322209
101.466 0.322209
101.466 0.322209
101.466 0.322209
101.466 0.322209
101.466 0.322209
101.466 0.322209
101.684 0.322994
102 0.324101
102.616 0.326102
102.185 0.324723
102.183 0.324718
102.183 0.324718
102.183 0.324718
102.183 0.324718
102.183 0.324718
102.183 0.324718
102.183 0.324718
102.183 0.324718
102.183 0.324718
102.183 0.324718
102.183 0.324718
102.183 0.324718
102.4 0.325421
103 0.32726
103.318 0.328146
104 0.329858
104.237 0.330387
105 0.331847
105.155 0.332098
105.037 0.331908
105.036 0.331908
105.036 0.331908
105.036 0.331908
105.036 0.331908
105.036 0.331908
105.037 0.331908
105.265 0.332266
105.813 0.332964
106 0.333149
106.361 0.333432
106.327 0.333409
106.326 0.333409
106.326 0.333409
106.326 0.333409
106.326 0.333409
106.326 0.333409
106.326 0.333409
106.326 0.333409
106.542 0.333537
107 0.333691
106.713 0.333616
106.714 0.333616
106.715 0.333616
106.714 0.333616
106.714 0.333616
106.714 0.333616
106.714 0.333616
106.714 0.333616
106.714 0.333616
106.714 0.333616
106.714 0.333616
106.714 0.333616
106.714 0.333616
106.715 0.333616
106.939 0.333675
106.851 0.333658
106.852 0.333658
106.852 0.333658
106.852 0.333658
106.852 0.333658
106.852 0.333658
106.852 0.333658
106.852 0.333658
106.852 0.333658
106.852 0.333658
106.852 0.333658
106.852 0.333658
107 0.333685
107.091 0.333692
108 0.333398
107.679 0.333588
107.681 0.333587
107.681 0.333587
107.681 0.333587
107.681 0.333587
107.681 0.333587
107.681 0.333587
107.681 0.333587
107.681 0.333587
107.681 0.333587
107.681 0.333587
107.681 0.333587
107.681 0.333587
107.94 0.333439
107.733 0.333562
107.736 0.333561
107.736 0.333561
107.736 0.333561
107.736 0.333561
107.736 0.333561
107.736 0.333561
107.736 0.333561
107.736 0.333561
107.736 0.333561
107.736 0.333561
107.736 0.333561
107.736 0.333561
107.736 0.333561
107.736 0.333561
107.997 0.333401
108 0.333398
108.912 0.332394
108.504 0.33294
108.484 0.332963
108.482 0.332965
108.483 0.332964
108.483 0.332964
108.483 0.332964
108.483 0.332964
108.483 0.332961
108.483 0.332961
108.483 0.332961
108.748 0.332628
109 0.332264
109.638 0.331064
110 0.330223
110.528 0.328763
111 0.327229
111.418 0.325671
111.34 0.325975
111.331 0.326009
111.33 0.326016
111.33 0.326013
111.33 0.326013
111.33 0.326013
111.33 0.326013
111.33 0.326013
111.33 0.326013
111.33 0.326012
111.588 0.324992
112 0.323224
111.661 0.324696
111.663 0.324689
111.663 0.324688
111.663 0.324689
111.663 0.324689
111.663 0.324689
111.663 0.324689
111.663 0.324688
111.938 0.323486
112 0.323209
112.806 0.319097
112.147 0.322528
112.145 0.322537
112.145 0.322537
112.145 0.322537
112.145 0.322537
112.145 0.322537
112.145 0.322537
112.145 0.322537
112.145 0.322537
112.145 0.322537
112.145 0.322537
112.145 0.322537
112.145 0.322537
112.412 0.321209
112.403 0.321259
112.403 0.32126
112.403 0.32126
112.403 0.32126
112.403 0.32126
112.403 0.32126
112.403 0.32126
112.403 0.32126
112.403 0.32126
112.403 0.32126
112.403 0.32126
112.403 0.32126
112.403 0.32126
112.653 0.31994
113 0.31801
113.463 0.315151
114 0.311524
113.573 0.31444
113.575 0.314424
113.575 0.314423
113.575 0.314423
113.575 0.314423
113.575 0.314423
113.575 0.314423
113.575 0.314423
113.575 0.314423
113.575 0.314423
113.575 0.314423
113.575 0.314423
113.575 0.314423
113.575 0.314423
113.575 0.314423
113.819 0.312789
114 0.311553
114.597 0.307117
114.363 0.308923
114.367 0.308887
114.368 0.308887
114.367 0.308887
114.367 0.308887
114.367 0.308887
114.367 0.308887
114.368 0.308886
114.593 0.307162
115 0.303951
114.752 0.305938
114.749 0.305957
114.749 0.305958
114.749 0.305957
114.749 0.305957
114.749 0.305957
114.749 0.305957
114.749 0.305957
114.968 0.30419
114.851 0.305148
114.86 0.305076
114.862 0.305064
114.861 0.305069
114.861 0.305069
114.861 0.305069
114.861 0.305069
114.861 0.305069
114.861 0.305069
114.861 0.305069
114.861 0.305069
115 0.303947
115.078 0.303294
115.801 0.297098
116 0.29531
115.826 0.29687
115.827 0.296867
115.827 0.296867
115.827 0.296867
115.827 0.296867
115.827 0.296867
115.827 0.296867
115.827 0.296867
115.827 0.296867
115.827 0.296867
115.827 0.296867
115.827 0.296867
115.827 0.296867
116 0.295317
116.036 0.294988
116.753 0.288389
116.702 0.288873
116.702 0.28887
116.702 0.28887
116.702 0.28887
116.702 0.28887
116.702 0.28887
116.702 0.28887
116.702 0.28887
116.702 0.28887
116.702 0.28887
116.702 0.28887
116.893 0.287073
117 0.286096
117.593 0.280494
117.136 0.284841
117.139 0.284806
117.139 0.284804
117.139 0.284805
117.139 0.284805
117.139 0.284805
117.139 0.284805
117.139 0.284805
117.139 0.284805
117.139 0.284805
117.139 0.284805
117.139 0.284805
117.139 0.284805
117.139 0.284805
117.139 0.284804
117.341 0.28289
118 0.276731
117.722 0.279362
117.723 0.279355
117.723 0.279355
117.723 0.279355
117.723 0.279355
117.723 0.279355
117.723 0.279355
117.723 0.279355
117.723 0.279355
117.723 0.279355
117.723 0.279355
117.723 0.279355
117.917 0.277528
117.776 0.278863
117.777 0.278859
117.777 0.278859
117.777 0.278859
117.777 0.278859
117.777 0.278859
117.777 0.278859
117.777 0.278859
117.777 0.278859
117.777 0.278859
117.777 0.278859
117.777 0.278859
117.777 0.278859
117.975 0.276997
117.841 0.278266
117.842 0.278255
117.842 0.278255
117.842 0.278255
117.842 0.278255
117.842 0.278255
117.842 0.278255
117.842 0.278255
118 0.276782
118.044 0.276363
118.019 0.276604
118.019 0.276603
118.019 0.276603
118.019 0.276603
118.019 0.276603
118.019 0.276603
118.019 0.276603
118.019 0.276603
118.019 0.276603
118.019 0.276603
118.019 0.276602
118.225 0.274689
118.934 0.26836
118.723 0.270258
118.729 0.270204
118.729 0.270203
118.729 0.270204
118.729 0.270204
118.729 0.270204
118.729 0.270204
118.729 0.270204
118.729 0.270204
118.729 0.270204
118.729 0.270204
118.729 0.270204
118.729 0.270204
118.729 0.270204
118.729 0.270203
118.938 0.268366
118.93 0.268438
118.93 0.26844
118.93 0.26844
118.93 0.26844
118.93 0.26844
118.93 0.26844
118.93 0.26844
118.93 0.26844
118.93 0.26844
118.93 0.26844
118.93 0.26844
118.93 0.26843
118.93 0.26843
119 0.267826
119.084 0.267086
119.786 0.2614
119.708 0.262031
119.706 0.262044
119.706 0.262044
119.706 0.262044
119.706 0.262044
119.706 0.262044
119.706 0.262044
119.706 0.262044
119.706 0.262044
119.706 0.262044
119.706 0.262044
119.706 0.262044
119.706 0.262044
119.706 0.262044
119.706 0.262044
119.908 0.260486
120 0.259833
120.623 0.255462
120.26 0.257996
120.271 0.25792
120.272 0.257914
120.272 0.257917
120.272 0.257917
120.272 0.257917
120.272 0.257917
120.272 0.257916
120.474 0.256508
121 0.253222
120.648 0.255409
120.649 0.255405
120.649 0.255405
120.649 0.255405
120.649 0.255405
120.649 0.255405
120.649 0.255405
120.649 0.255405
120.649 0.255405
120.649 0.255405
120.649 0.255405
120.649 0.255405
120.845 0.254144
121 0.25325
121.547 0.250165
121.061 0.252904
121.063 0.252893
121.063 0.252892
121.063 0.252892
121.063 0.252892
121.063 0.252892
121.063 0.252892
121.063 0.252892
121.063 0.252892
121.063 0.252892
121.261 0.251737
121.963 0.248216
121.9 0.248523
121.904 0.248507
121.904 0.248507
121.904 0.248507
121.904 0.248507
121.904 0.248507
121.904 0.248507
121.904 0.248507
122 0.248084
121.908 0.24849
121.908 0.24849
121.908 0.24849
121.908 0.24849
121.908 0.24849
121.908 0.24849
121.908 0.24849
121.908 0.24849
121.908 0.24849
121.908 0.24849
121.908 0.24849
121.908 0.248489
122 0.248086
122.099 0.247632
122.794 0.245038
123 0.244377
123.49 0.24297
123.073 0.244153
123.057 0.2442
123.057 0.244203
123.057 0.244202
123.057 0.244202
123.057 0.244202
123.057 0.244202
123.057 0.244202
123.057 0.244202
123.057 0.244201
123.24 0.243692
123.174 0.243887
123.175 0.243884
123.175 0.243884
123.175 0.243884
123.175 0.243884
123.175 0.243884
123.175 0.243884
123.175 0.243884
123.359 0.243399
123.299 0.243568
123.302 0.24356
123.302 0.243559
123.302 0.243559
123.302 0.243559
123.302 0.243559
123.302 0.243559
123.302 0.243559
123.302 0.243559
123.302 0.243559
123.302 0.243559
123.302 0.243559
123.302 0.243559
123.302 0.243559
123.302 0.243559
123.484 0.243108
123.392 0.243348
123.393 0.243345
123.393 0.243345
123.393 0.243345
123.393 0.243345
123.393 0.243345
123.393 0.243345
123.393 0.243345
123.393 0.243345
123.393 0.243345
123.393 0.243345
123.393 0.243345
123.393 0.243345
123.393 0.243345
123.585 0.242896
124 0.242203
124.287 0.241696
124.037 0.24214
124.037 0.24214
124.037 0.24214
124.037 0.24214
124.037 0.242138
124.037 0.242138
124.037 0.242137
124.213 0.241847
124.891 0.24112
124.317 0.241748
124.316 0.241748
124.316 0.241748
124.316 0.241748
124.316 0.241748
124.316 0.241748
124.316 0.241748
124.316 0.241748
124.316 0.241748
124.316 0.24174
124.316 0.241739
124.489 0.241505
125 0.24111
124.972 0.241136
124.973 0.241135
124.973 0.241135
124.973 0.241135
124.973 0.241135
124.973 0.241135
124.973 0.241135
124.973 0.241135
124.973 0.241135
124.973 0.241135
124.973 0.241135
124.973 0.241135
125 0.241111
125.05 0.24106
125.692 0.240853
125.113 0.241051
125.133 0.241048
125.145 0.241046
125.142 0.241046
125.142 0.241046
125.142 0.241046
125.142 0.241046
125.142 0.241046
125.142 0.241046
125.142 0.241046
125.142 0.241046
125.142 0.241046
125.142 0.241046
125.142 0.241046
125.32 0.240948
125.993 0.240912
125.591 0.24097
125.596 0.24097
125.597 0.24097
125.597 0.24097
125.597 0.24097
125.597 0.24097
125.597 0.24097
125.597 0.24097
125.597 0.24097
125.597 0.24097
125.597 0.24097
125.597 0.24097
125.597 0.24097
125.597 0.24097
125.597 0.24097
125.785 0.240942
126 0.241049
125.947 0.241026
125.946 0.241025
125.946 0.241025
125.946 0.241025
125.946 0.241025
125.946 0.241025
125.946 0.241025
125.946 0.241025
125.946 0.241025
125.946 0.241025
125.946 0.241025
125.946 0.241015
125.946 0.241015
126 0.241022
126.074 0.241012
126.729 0.241368
126.332 0.24119
126.339 0.241194
126.339 0.241194
126.339 0.241194
126.339 0.241194
126.339 0.241194
126.339 0.241194
126.339 0.241194
126.339 0.241194
126.339 0.241194
126.339 0.241194
126.339 0.241194
126.339 0.241194
126.339 0.241194
126.339 0.241194
126.527 0.241279
127 0.241757
126.685 0.241457
126.682 0.241454
126.682 0.241454
126.682 0.241454
126.682 0.241454
126.682 0.241454
126.682 0.241454
126.682 0.241454
126.682 0.241454
126.682 0.241454
126.682 0.241454
126.682 0.241454
126.682 0.241454
126.682 0.241454
126.682 0.241454
126.865 0.241588
126.753 0.241522
126.755 0.241524
126.755 0.241524
126.755 0.241524
126.755 0.241524
126.755 0.241524
126.755 0.241524
126.755 0.241524
126.755 0.241524
126.755 0.241524
126.755 0.241524
126.755 0.241524
126.755 0.241524
126.755 0.241524
126.755 0.241524
126.941 0.241673
127 0.241761
127.6 0.242528
127.49 0.242407
127.485 0.242402
127.485 0.242401
127.485 0.242401
127.485 0.242401
127.485 0.242401
127.485 0.242401
127.485 0.242401
127.485 0.242401
127.485 0.242401
127.485 0.242401
127.485 0.242401
127.485 0.242401
127.485 0.242401
127.485 0.242402
127.67 0.242677
127.488 0.242407
127.488 0.242407
127.488 0.242407
127.488 0.242407
127.488 0.242407
127.488 0.242407
127.488 0.242407
127.488 0.242407
127.488 0.242407
127.488 0.242407
127.663 0.242664
128 0.243381
128.308 0.243973
128.205 0.243781
128.206 0.243783
128.206 0.243783
128.206 0.243783
128.206 0.243783
128.206 0.243783
128.206 0.243783
128.206 0.243783
128.206 0.243783
128.206 0.243783
128.206 0.243783
128.206 0.243783
128.386 0.244193
129 0.245973
128.41 0.244266
128.41 0.244266
128.41 0.244266
128.41 0.244266
128.41 0.244266
128.41 0.244266
128.592 0.244728
129 0.246048
128.706 0.245105
128.707 0.245107
128.707 0.245107
128.707 0.245107
128.707 0.245107
128.707 0.245107
128.707 0.245107
128.707 0.245107
128.707 0.245107
128.707 0.245107
128.707 0.245107
128.707 0.245107
128.707 0.245107
128.891 0.245644
129 0.246048
129.544 0.248
129.067 0.246292
129.066 0.246288
129.066 0.246288
129.066 0.246288
129.066 0.246288
129.066 0.246288
129.066 0.246288
129.066 0.246288
129.066 0.246288
129.066 0.246288
129.066 0.246288
129.066 0.246288
129.066 0.246288
129.241 0.246878
129.884 0.249519
129.462 0.247799
129.459 0.247786
129.459 0.247785
129.459 0.247785
129.459 0.247785
129.459 0.247785
129.459 0.247785
129.459 0.247785
129.459 0.247785
129.459 0.247785
129.459 0.247785
129.459 0.247785
129.459 0.247785
129.459 0.247786
129.63 0.248456
130 0.250207
129.85 0.249501
129.85 0.249498
129.85 0.249498
129.85 0.249498
129.85 0.249498
129.85 0.249498
129.85 0.249498
129.85 0.249498
129.85 0.249498
129.85 0.249498
129.85 0.249498
129.85 0.249498
130 0.250196
130.029 0.250322
130.025 0.250305
130.025 0.250305
130.025 0.250305
130.025 0.250305
130.025 0.250305
130.025 0.250305
130.025 0.250305
130.025 0.250305
130.025 0.250305
130.025 0.250291
130.025 0.250291
130.205 0.25117
130.842 0.25483
130.519 0.252973
130.508 0.25291
130.507 0.252906
130.508 0.252908
130.508 0.252908
130.508 0.252908
130.508 0.252908
130.508 0.252908
130.508 0.252908
130.508 0.252908
130.508 0.252908
130.508 0.252908
130.508 0.252908
130.508 0.252908
130.508 0.252908
130.508 0.252909
130.685 0.25393
130.532 0.253051
130.53 0.253043
130.53 0.253043
130.53 0.253043
130.53 0.253043
130.53 0.253043
130.53 0.253043
130.53 0.253043
130.53 0.253043
130.53 0.253043
130.53 0.253043
130.53 0.253043
130.53 0.253043
130.53 0.253043
130.707 0.254069
131 0.256012
130.794 0.254643
130.793 0.254636
130.793 0.254636
130.793 0.254636
130.793 0.254636
130.793 0.254636
130.793 0.254636
130.793 0.254636
130.969 0.255741
130.866 0.255108
130.867 0.255114
130.867 0.255114
130.867 0.255114
130.867 0.255114
130.867 0.255114
130.867 0.255114
130.867 0.255114
131 0.255987
131.054 0.256325
131.684 0.260952
131.312 0.258205
131.318 0.258251
131.318 0.258253
131.318 0.258252
131.318 0.258252
131.318 0.258252
131.318 0.258252
131.318 0.258252
131.318 0.258252
131.318 0.258252
131.318 0.258252
131.318 0.258252
131.318 0.258252
131.318 0.258252
131.318 0.258253
131.515 0.259703
132 0.263693
132.142 0.264872
132.768 0.270678
132.594 0.269004
132.596 0.269022
132.596 0.269023
132.596 0.269023
132.596 0.269023
132.596 0.269023
132.596 0.269023
132.804 0.271135
133 0.273274
133.443 0.27815
133.22 0.275693
133.239 0.2759
133.242 0.275932
133.24 0.275917
133.24 0.275917
133.24 0.275917
133.24 0.275917
133.24 0.275917
133.24 0.275917
133.241 0.275918
133.448 0.278275
134 0.284999
134.076 0.285931
134.705 0.294129
134.683 0.293838
134.684 0.29385
134.684 0.29385
134.684 0.29385
134.684 0.29385
134.684 0.29385
134.684 0.29385
134.684 0.29385
134.684 0.29385
134.684 0.29385
134.684 0.29385
134.684 0.293851
134.871 0.296477
134.863 0.29637
134.864 0.296374
134.864 0.296374
134.864 0.296374
134.864 0.296374
134.864 0.296374
134.864 0.296374
134.864 0.296374
134.864 0.296374
134.864 0.296374
134.864 0.296374
134.864 0.296374
135 0.298331
135.051 0.299047
135.681 0.308421
135.488 0.305565
135.488 0.305561
135.488 0.305561
135.488 0.305561
135.488 0.305561
135.488 0.305561
135.488 0.305561
135.488 0.305561
135.488 0.305561
135.488 0.305561
135.488 0.305561
135.488 0.305562
135.66 0.308146
136 0.313463
135.761 0.309727
135.761 0.309732
135.761 0.309732
135.761 0.309732
135.761 0.309732
135.761 0.309732
135.761 0.309732
135.761 0.309732
135.761 0.309732
135.761 0.309732
135.761 0.309732
135.761 0.309733
135.926 0.312256
135.791 0.310205
135.79 0.310178
135.789 0.310177
135.79 0.310177
135.79 0.310177
135.79 0.310177
135.79 0.310177
135.79 0.310177
135.79 0.310178
135.954 0.312699
136 0.313435
136.564 0.322343
136.349 0.318975
136.343 0.318891
136.343 0.318887
136.343 0.318889
136.343 0.318889
136.343 0.318889
136.343 0.318889
136.343 0.318889
136.343 0.318889
136.343 0.318889
136.343 0.318889
136.343 0.318889
136.343 0.318889
136.343 0.31888
136.343 0.318881
136.504 0.321418
137 0.329507
136.55 0.322184
136.551 0.322198
136.551 0.322198
136.551 0.322198
136.551 0.322198
136.551 0.322198
136.551 0.322198
136.551 0.322199
136.714 0.324811
137 0.329543
137.32 0.334741
137.161 0.332165
137.166 0.332244
137.166 0.332249
137.166 0.332246
137.166 0.332246
137.166 0.332247
137.166 0.332246
137.166 0.332246
137.166 0.332246
137.166 0.332246
137.166 0.332246
137.166 0.332246
137.166 0.332246
137.166 0.332246
137.166 0.332248
137.326 0.334881
137.31 0.334617
137.31 0.334619
137.31 0.334619
137.31 0.334619
137.31 0.334619
137.31 0.334619
137.31 0.334621
137.487 0.337533
138 0.346129
138.101 0.347772
138.715 0.357879
138.28 0.350743
138.284 0.350801
138.284 0.350803
138.284 0.350802
138.284 0.350802
138.284 0.350802
138.284 0.350802
138.284 0.350802
138.284 0.350804
138.453 0.353617
139 0.362755
138.689 0.357632
138.716 0.358083
138.721 0.358175
138.719 0.358135
138.719 0.358135
138.719 0.358135
138.719 0.358135
138.719 0.358135
138.719 0.358135
138.719 0.358135
138.719 0.358135
138.719 0.358135
138.887 0.360909
139 0.362819
139.484 0.370702
139.109 0.364646
139.112 0.364691
139.112 0.364693
139.112 0.364692
139.112 0.364692
139.112 0.364692
139.112 0.364692
139.112 0.364692
139.112 0.364694
139.284 0.367493
139.88 0.377088
140 0.378961
140.477 0.386213
140.246 0.382751
140.247 0.382766
140.247 0.382766
140.247 0.382766
140.247 0.382766
140.247 0.382766
140.247 0.382766
140.247 0.382766
140.247 0.382766
140.247 0.382766
140.247 0.382766
140.247 0.382766
140.247 0.382767
140.409 0.385245
140.323 0.383951
140.324 0.383971
140.324 0.383972
140.324 0.383972
140.324 0.383972
140.324 0.383972
140.324 0.383972
140.324 0.383972
140.325 0.383973
140.487 0.386452
140.475 0.386276
140.475 0.386271
140.475 0.386271
140.475 0.386271
140.475 0.386271
140.475 0.386271
140.475 0.386271
140.475 0.386272
140.636 0.388695
141 0.394119
140.763 0.390629
140.762 0.390611
140.762 0.39061
140.762 0.390611
140.762 0.390611
140.762 0.390602
140.762 0.390602
140.914 0.392827
141 0.394105
141.489 0.400935
141.167 0.396526
141.164 0.396486
141.164 0.396486
141.164 0.396486
141.164 0.396486
141.164 0.396486
141.164 0.396486
141.164 0.396486
141.164 0.396486
141.164 0.396486
141.164 0.396486
141.164 0.396486
141.164 0.396486
141.164 0.396487
141.313 0.398556
141.28 0.3981
141.28 0.398104
141.28 0.398104
141.28 0.398104
141.28 0.398104
141.28 0.398104
141.28 0.398104
141.28 0.398104
141.28 0.398104
141.28 0.398104
141.28 0.398104
141.28 0.398106
141.441 0.400315
141.363 0.399269
141.362 0.399258
141.362 0.399258
141.362 0.399258
141.362 0.399258
141.362 0.399258
141.362 0.399258
141.362 0.399259
141.521 0.401419
142 0.407707
141.991 0.407602
141.991 0.407593
141.991 0.407591
141.991 0.407592
141.991 0.407592
141.991 0.407592
141.991 0.407592
141.991 0.407592
141.991 0.407592
141.991 0.407592
141.991 0.407592
141.991 0.407592
141.991 0.407592
141.991 0.407592
141.991 0.407592
142 0.407707
142.026 0.408029
142.383 0.412333
142.74 0.416333
143 0.419084
143.096 0.420067
143.676 0.425542
144 0.428284
144.255 0.430277
144.174 0.42966
144.174 0.429661
144.174 0.429661
144.174 0.429661
144.174 0.429661
144.174 0.429661
144.174 0.429661
144.174 0.429661
144.174 0.429661
144.174 0.429661
144.174 0.429662
144.328 0.43086
144.227 0.430089
144.227 0.430092
144.227 0.430092
144.227 0.430092
144.227 0.430092
144.227 0.430092
144.227 0.430092
144.227 0.430092
144.227 0.430092
144.227 0.430092
144.227 0.430092
144.228 0.430093
144.396 0.431388
144.279 0.430503
144.278 0.430499
144.278 0.430499
144.278 0.430499
144.278 0.430499
144.278 0.430499
144.278 0.430499
144.278 0.430499
144.278 0.430499
144.278 0.430499
144.278 0.430488
144.278 0.430489
144.439 0.431696
145 0.435471
144.942 0.435132
144.943 0.435136
144.943 0.435136
144.943 0.435136
144.943 0.435136
144.943 0.435136
144.943 0.435136
144.943 0.435136
144.943 0.435136
144.943 0.435136
144.943 0.435136
144.943 0.435136
145 0.435489
145.082 0.435962
145.654 0.438936
145.302 0.437234
145.308 0.437264
145.308 0.437265
145.308 0.437264
145.308 0.437264
145.308 0.437264
145.308 0.437264
145.308 0.437264
145.308 0.437264
145.308 0.437264
145.308 0.437264
145.308 0.437264
145.308 0.437264
145.308 0.437264
145.308 0.437265
145.48 0.438142
146 0.440441
145.625 0.438868
145.629 0.438887
145.629 0.438889
145.629 0.438888
145.629 0.438888
145.629 0.438888
145.629 0.438888
145.629 0.438888
145.629 0.438888
145.629 0.438888
145.629 0.438888
145.629 0.438888
145.629 0.438888
145.629 0.438888
145.629 0.438888
145.81 0.439681
145.682 0.439137
145.684 0.439145
145.684 0.439146
145.684 0.439146
145.684 0.439146
145.684 0.439146
145.684 0.439146
145.684 0.439146
145.684 0.439146
145.684 0.439146
145.684 0.439146
145.684 0.439146
145.684 0.439146
145.684 0.439146
145.684 0.439146
145.867 0.439929
146 0.440491
146.439 0.441969
146.127 0.440978
146.112 0.440922
146.11 0.440917
146.111 0.440919
146.111 0.440919
146.111 0.440919
146.111 0.440919
146.111 0.440919
146.111 0.440919
146.111 0.440918
146.111 0.440918
146.295 0.441547
146.863 0.443131
146.398 0.441902
146.406 0.44193
146.408 0.441934
146.407 0.441932
146.407 0.441932
146.407 0.441932
146.407 0.441932
146.407 0.441932
146.407 0.441932
146.407 0.441932
146.591 0.442463
147 0.443493
146.66 0.442669
146.662 0.442674
146.662 0.442675
146.662 0.442675
146.662 0.442675
146.662 0.442675
146.662 0.442675
146.662 0.442675
146.662 0.442675
146.855 0.443148
146.674 0.442709
146.674 0.442708
146.674 0.442708
146.674 0.442708
146.674 0.442708
146.674 0.442708
146.674 0.442708
146.674 0.442708
146.674 0.442708
146.674 0.442708
146.674 0.442708
146.674 0.442708
146.856 0.443152
147 0.443506
146.931 0.443343
146.931 0.443344
146.931 0.443344
146.931 0.443344
146.931 0.443344
146.931 0.443344
146.931 0.443344
147 0.443497
147.092 0.443666
147.652 0.444549
147.106 0.443698
147.104 0.443694
147.104 0.443694
147.104 0.443694
147.104 0.443694
147.104 0.443694
147.104 0.443694
147.104 0.443694
147.104 0.443694
147.104 0.443694
147.104 0.443694
147.104 0.443694
147.104 0.443694
147.104 0.443694
147.284 0.444014
147.107 0.4437
147.107 0.4437
147.107 0.4437
147.107 0.4437
147.107 0.4437
147.107 0.4437
147.107 0.4437
147.107 0.4437
147.107 0.4437
147.107 0.443692
147.107 0.443692
147.283 0.444005
147.849 0.444763
147.533 0.444436
147.543 0.444449
147.543 0.44445
147.543 0.444449
147.543 0.444449
147.543 0.444449
147.543 0.444449
147.543 0.444449
147.543 0.444449
147.543 0.444449
147.543 0.444449
147.543 0.444449
147.543 0.444449
147.543 0.444449
147.543 0.444449
147.721 0.444662
148 0.444986
148.29 0.445142
148.096 0.445058
148.094 0.445057
148.094 0.445057
148.094 0.445057
148.094 0.445057
148.094 0.445057
148.094 0.445057
148.094 0.445057
148.094 0.445057
148.267 0.445163
148.831 0.445387
148.562 0.445357
148.579 0.445363
148.581 0.445364
148.58 0.445364
148.58 0.445364
148.58 0.445364
148.58 0.445364
148.58 0.445364
148.58 0.445364
148.58 0.445364
148.755 0.445407
149 0.445508
149.314 0.445487
149.001 0.445508
149.001 0.445508
149.001 0.445508
149.001 0.445508
149.001 0.445508
149.001 0.445508
149.001 0.445508
149.001 0.445508
149.001 0.445508
149.001 0.445508
149.001 0.445508
149.001 0.445508
149.001 0.445508
149.001 0.445508
149.175 0.445516
149.728 0.445537
149.309 0.445564
149.296 0.44556
149.295 0.44556
149.295 0.44556
149.295 0.44556
149.295 0.44556
149.295 0.44556
149.295 0.44556
149.295 0.44556
149.295 0.44556
149.466 0.445557
149.314 0.445566
149.315 0.445566
149.315 0.445566
149.315 0.445566
149.315 0.445566
149.315 0.445566
149.315 0.445566
149.315 0.445566
149.49 0.445563
149.411 0.445581
149.414 0.445581
149.415 0.445581
149.415 0.445581
149.415 0.445581
149.415 0.445581
149.415 0.445581
149.415 0.445581
149.415 0.445581
149.415 0.445581
149.415 0.445581
149.415 0.445581
149.415 0.445581
149.415 0.445581
149.415 0.445581
149.59 0.445575
149.45 0.44559
149.449 0.44559
149.449 0.44559
149.449 0.44559
149.449 0.44559
149.449 0.44559
149.449 0.44559
149.449 0.44559
149.449 0.44559
149.449 0.44559
149.449 0.44559
149.449 0.44559
149.449 0.44559
149.449 0.44559
149.622 0.445583
150 0.445652
150.181 0.445618
150.145 0.445628
150.146 0.445628
150.146 0.445628
150.146 0.445628
150.146 0.445628
150.146 0.445628
150.146 0.445628
150.146 0.445628
150.146 0.445628
150.146 0.445628
150.146 0.445628
150.146 0.445628
150.318 0.445646
150.876 0.445834
150.471 0.445731
150.464 0.445728
150.463 0.445728
150.463 0.445728
150.463 0.445728
150.463 0.445728
150.463 0.445728
150.463 0.445728
150.463 0.445702
150.464 0.445702
150.63 0.445739
150.478 0.44571
150.478 0.44571
150.478 0.44571
150.478 0.44571
150.478 0.44571
150.478 0.44571
150.478 0.44571
150.478 0.44571
150.478 0.44571
150.478 0.44571
150.478 0.44571
150.478 0.44571
150.642 0.445746
150.585 0.445746
150.587 0.445747
150.587 0.445747
150.587 0.445747
150.587 0.445747
150.587 0.445747
150.587 0.445747
150.587 0.445747
150.587 0.445747
150.755 0.445795
151 0.445972
150.781 0.445816
150.78 0.445816
150.78 0.445816
150.78 0.445816
150.78 0.445816
150.78 0.445816
150.781 0.445816
150.939 0.445879
150.818 0.445841
150.816 0.44584
150.816 0.44584
150.816 0.44584
150.816 0.44584
150.816 0.44584
150.816 0.44584
150.816 0.44584
150.975 0.445905
150.89 0.445883
150.888 0.445883
150.888 0.445882
150.888 0.445882
150.888 0.445882
150.888 0.445882
150.888 0.445882
150.888 0.445882
150.888 0.445882
150.888 0.445882
150.888 0.445882
150.888 0.445882
150.888 0.445882
150.888 0.44587
150.888 0.44587
151 0.445931
150.897 0.445876
150.895 0.445875
150.895 0.445875
150.895 0.445875
150.895 0.445875
150.895 0.445875
150.895 0.445875
150.895 0.445875
150.895 0.445875
150.895 0.445875
150.895 0.445875
150.895 0.445875
150.895 0.445875
150.895 0.445875
151 0.445934
151.052 0.445947
151.572 0.446355
151.168 0.446059
151.173 0.446063
151.174 0.446064
151.173 0.446064
151.173 0.446064
151.173 0.446064
151.173 0.446064
151.173 0.446064
151.173 0.446064
151.173 0.446064
151.173 0.446064
151.173 0.446064
151.173 0.446064
151.173 0.446064
151.174 0.446064
151.335 0.446172
151.854 0.446693
151.516 0.446379
151.533 0.446398
151.536 0.446401
151.535 0.446399
151.535 0.446399
151.535 0.446399
151.535 0.446399
151.535 0.446399
151.535 0.446399
151.535 0.446399
151.535 0.446399
151.698 0.446554
151.537 0.446402
151.537 0.446402
151.537 0.446402
151.537 0.446402
151.537 0.446402
151.537 0.446402
151.537 0.446402
151.537 0.446402
151.537 0.446402
151.537 0.446402
151.537 0.446402
151.537 0.446402
151.703 0.446562
151.676 0.446544
151.662 0.446533
151.65 0.446524
151.652 0.446525
151.652 0.446525
151.652 0.446525
151.652 0.446525
151.652 0.446525
151.652 0.446525
151.652 0.446525
151.652 0.446525
151.818 0.446702
152 0.446982
152.331 0.44742
152.843 0.448265
153 0.448567
153.355 0.449311
153.867 0.450529
153.74 0.450212
153.735 0.4502
153.734 0.450199
153.735 0.4502
153.735 0.4502
153.735 0.4502
153.735 0.4502
153.735 0.4502
153.735 0.4502
153.735 0.4502
153.735 0.4502
153.735 0.4502
153.735 0.4502
153.735 0.4502
153.735 0.4502
153.897 0.450659
154 0.450989
154.427 0.45217
154.957 0.453511
154.487 0.45233
154.488 0.452334
154.488 0.452334
154.488 0.452334
154.488 0.452334
154.488 0.45229
154.488 0.452291
154.488 0.452291
154.647 0.452727
154.574 0.45254
154.57 0.45253
154.57 0.45253
154.57 0.45253
154.57 0.45253
154.57 0.45253
154.57 0.452504
154.57 0.452504
154.728 0.452932
155 0.453692
154.962 0.453594
154.961 0.453591
154.961 0.453591
154.961 0.453591
154.961 0.453591
154.961 0.45359
154.961 0.45359
154.961 0.45359
155 0.45369
155.068 0.453846
155.561 0.454981
155.184 0.454159
155.186 0.454163
155.186 0.454164
155.186 0.454163
155.186 0.454163
155.186 0.454155
155.186 0.454155
155.186 0.454155
155.34 0.45451
155.2 0.454192
155.201 0.454195
155.201 0.454195
155.201 0.454195
155.201 0.454195
155.201 0.454195
155.201 0.454195
155.201 0.454195
155.201 0.454195
155.201 0.454195
155.201 0.454195
155.201 0.454195
155.201 0.454195
155.201 0.454195
155.201 0.454195
155.355 0.454548
155.851 0.455562
155.521 0.454946
155.524 0.454953
155.524 0.454953
155.524 0.454953
155.524 0.454953
155.524 0.454953
155.524 0.454953
155.524 0.454953
155.524 0.454953
155.678 0.455262
155.566 0.455049
155.566 0.455049
155.566 0.455049
155.566 0.455049
155.566 0.455049
155.566 0.455049
155.566 0.455049
155.566 0.455049
155.566 0.455049
155.566 0.455049
155.566 0.455049
155.566 0.455049
155.708 0.455324
156 0.455874
155.75 0.455415
155.746 0.455406
155.745 0.455406
155.745 0.455406
155.745 0.455406
155.745 0.455406
155.745 0.455406
155.745 0.455406
155.745 0.455406
155.745 0.455406
155.745 0.455406
155.745 0.455406
155.745 0.455406
155.745 0.455406
155.746 0.455406
155.888 0.455659
156 0.45587
155.901 0.455685
155.901 0.455685
155.901 0.455685
155.901 0.455685
155.901 0.455685
155.901 0.455685
155.901 0.455685
156 0.455856
156.044 0.455917
156.544 0.456552
156.104 0.456025
156.104 0.456025
156.104 0.456025
156.104 0.456025
156.104 0.456025
156.104 0.456025
156.104 0.456025
156.104 0.456025
156.104 0.456025
156.104 0.456025
156.104 0.456025
156.252 0.456229
156.225 0.4562
156.225 0.456199
156.224 0.456199
156.224 0.456199
156.224 0.456199
156.224 0.456199
156.224 0.456199
156.224 0.456199
156.224 0.456199
156.224 0.456199
156.224 0.456199
156.224 0.456199
156.224 0.456199
156.225 0.456199
156.369 0.456378
156.323 0.456331
156.323 0.456332
156.323 0.456332
156.323 0.456332
156.323 0.456332
156.323 0.456332
156.323 0.456332
156.323 0.456332
156.323 0.456332
156.323 0.456308
156.323 0.456308
156.469 0.456471
156.977 0.456822
156.666 0.456684
156.668 0.456686
156.668 0.456686
156.668 0.456686
156.668 0.456686
156.668 0.456686
156.668 0.456686
156.668 0.456686
156.668 0.456686
156.668 0.456686
156.668 0.456686
156.668 0.456686
156.668 0.456686
156.668 0.456686
156.818 0.456778
156.695 0.45671
156.696 0.456711
156.696 0.456711
156.696 0.456711
156.696 0.456711
156.696 0.456711
156.696 0.456711
156.696 0.456711
156.696 0.456711
156.696 0.456711
156.696 0.456711
156.696 0.456711
156.696 0.456711
156.696 0.456711
156.696 0.456711
156.846 0.456796
156.765 0.456764
156.767 0.456765
156.767 0.456765
156.767 0.456765
156.767 0.456765
156.767 0.456765
156.767 0.456765
156.767 0.456765
156.767 0.456765
156.767 0.456765
156.767 0.456765
156.767 0.456765
156.767 0.456765
156.767 0.456765
156.767 0.456765
156.919 0.456834
157 0.456877
157.436 0.456818
157.021 0.456886
157.022 0.456886
157.022 0.456886
157.022 0.456886
157.022 0.456886
157.022 0.456886
157.022 0.456886
157.022 0.456886
157.022 0.456886
157.022 0.456886
157.022 0.456886
157.022 0.456886
157.022 0.456886
157.022 0.456886
157.183 0.456896
157.122 0.456906
157.121 0.456906
157.121 0.456906
157.121 0.456906
157.121 0.456906
157.121 0.456906
157.121 0.456906
157.121 0.456906
157.282 0.45689
157.803 0.456555
157.664 0.456713
157.661 0.456716
157.66 0.456716
157.661 0.456716
157.661 0.456716
157.661 0.456716
157.661 0.456716
157.661 0.456716
157.661 0.456716
157.661 0.456716
157.661 0.456716
157.661 0.456716
157.661 0.456716
157.661 0.456699
157.661 0.456699
157.813 0.456545
158 0.456335
158.332 0.455736
158.06 0.456248
158.064 0.456241
158.065 0.45624
158.065 0.456241
158.065 0.456241
158.065 0.456241
158.065 0.456241
158.065 0.45624
158.223 0.455969
158.749 0.454759
158.482 0.455461
158.478 0.45547
158.478 0.45547
158.478 0.45547
158.478 0.45547
158.478 0.45547
158.478 0.45547
158.478 0.45547
158.478 0.45547
158.478 0.45547
158.478 0.45547
158.478 0.45547
158.478 0.45547
158.478 0.45547
158.478 0.45547
158.633 0.455089
159 0.454047
158.66 0.455023
158.659 0.455026
158.659 0.455026
158.659 0.455026
158.659 0.455026
158.659 0.455026
158.659 0.455026
158.659 0.455026
158.659 0.455026
158.659 0.455026
158.659 0.455015
158.659 0.455014
158.814 0.454583
159 0.454041
159.349 0.452789
159.088 0.453753
159.086 0.45376
159.086 0.45376
159.086 0.45376
159.086 0.45376
159.086 0.45376
159.086 0.45376
159.086 0.45376
159.244 0.4532
159.785 0.450967
159.488 0.452281
159.486 0.45229
159.486 0.45229
159.486 0.45229
159.486 0.45229
159.486 0.45229
159.486 0.45229
159.486 0.452289
159.653 0.451575
160 0.449975
160.208 0.448878
160.763 0.445626
160.614 0.446554
160.613 0.446558
160.613 0.446558
160.613 0.446558
160.613 0.446558
160.613 0.446558
160.613 0.446558
160.613 0.446558
160.613 0.446558
160.613 0.446558
160.613 0.446554
160.613 0.446553
160.785 0.445508
161 0.444151
160.982 0.444265
160.983 0.444264
160.983 0.444264
160.983 0.444264
160.983 0.444264
160.983 0.444264
160.983 0.444264
160.983 0.444264
160.983 0.444264
160.983 0.444264
160.983 0.444264
161 0.444148
161.041 0.44387
161.626 0.439679
161.25 0.442456
161.248 0.442472
161.248 0.442472
161.248 0.442472
161.248 0.442472
161.248 0.442472
161.248 0.442472
161.248 0.442472
161.248 0.442472
161.248 0.442472
161.248 0.442472
161.248 0.442472
161.248 0.442472
161.248 0.442472
161.417 0.441252
162 0.436705
161.785 0.438469
161.773 0.438563
161.772 0.438573
161.772 0.438569
161.772 0.438569
161.772 0.438569
161.772 0.438569
161.772 0.438569
161.772 0.438569
161.772 0.438568
161.939 0.437218
162 0.436726
162.548 0.431927
163 0.427576
162.919 0.42838
162.92 0.428371
162.92 0.428371
162.92 0.428371
162.92 0.428371
162.92 0.428371
162.92 0.428371
162.92 0.428371
162.92 0.428371
162.92 0.428371
162.92 0.428371
162.92 0.42837
163 0.427588
163.087 0.426717
163.719 0.420033
163.226 0.425323
163.23 0.425276
163.231 0.425273
163.231 0.425274
163.231 0.425274
163.231 0.425274
163.231 0.425274
163.231 0.425274
163.231 0.425274
163.231 0.425274
163.231 0.425274
163.231 0.425274
163.231 0.425274
163.231 0.425274
163.231 0.425273
163.399 0.423508
164 0.416861
163.411 0.423388
163.41 0.423398
163.41 0.423398
163.41 0.423398
163.41 0.423398
163.41 0.423398
163.41 0.423398
163.41 0.423398
163.41 0.423398
163.41 0.423398
163.41 0.423366
163.41 0.423365
163.576 0.421579
164 0.416849
163.62 0.421109
163.621 0.4211
163.621 0.421099
163.621 0.421099
163.621 0.421099
163.621 0.421099
163.621 0.421099
163.621 0.421099
163.798 0.419136
164 0.416851
163.801 0.419094
163.801 0.419094
163.801 0.419094
163.801 0.419094
163.801 0.419094
163.801 0.419094
163.801 0.419094
163.801 0.419094
163.801 0.419083
163.801 0.419082
163.974 0.417117
163.827 0.418793
163.828 0.418788
163.828 0.418788
163.828 0.418788
163.828 0.418788
163.828 0.418788
163.828 0.418788
163.828 0.418788
164 0.416817
163.897 0.418005
163.897 0.41801
163.897 0.41801
163.897 0.41801
163.897 0.41801
163.897 0.41801
163.897 0.41801
163.897 0.41801
163.897 0.41801
163.897 0.41801
163.897 0.41801
163.897 0.41801
164 0.416826
164.065 0.416058
164.697 0.408351
164.456 0.411399
164.469 0.411237
164.469 0.411227
164.469 0.411232
164.469 0.411232
164.469 0.411232
164.469 0.411232
164.469 0.411231
164.64 0.409092
164.581 0.40984
164.58 0.409846
164.58 0.409846
164.58 0.409846
164.58 0.409846
164.58 0.409846
164.58 0.409846
164.58 0.409846
164.58 0.409846
164.58 0.409846
164.58 0.409827
164.58 0.409826
164.747 0.407707
164.696 0.40837
164.696 0.408361
164.696 0.408361
164.696 0.408361
164.696 0.408361
164.696 0.408361
164.696 0.40836
164.875 0.40605
165 0.404433
165.519 0.397336
165.025 0.404103
165.024 0.404116
165.024 0.404116
165.024 0.404116
165.024 0.404116
165.024 0.404116
165.024 0.404116
165.024 0.404116
165.024 0.404116
165.024 0.404116
165.024 0.404116
165.024 0.404115
165.203 0.401709
165.85 0.392615
165.353 0.399676
165.353 0.399677
165.353 0.399677
165.353 0.399677
165.353 0.399677
165.353 0.399677
165.353 0.399677
165.353 0.399677
165.353 0.399677
165.353 0.399677
165.419 0.398748
165.412 0.398851
165.412 0.39885
165.412 0.39885
165.412 0.39885
165.412 0.39885
165.412 0.39885
165.412 0.39885
165.412 0.39885
165.412 0.39885
165.412 0.39885
165.412 0.39885
165.555 0.396842
165.534 0.397141
165.534 0.397135
165.534 0.397135
165.534 0.397135
165.534 0.397135
165.534 0.397135
165.534 0.397135
165.534 0.397135
165.534 0.397135
165.534 0.397135
165.534 0.397135
165.534 0.397135
165.686 0.394963
166 0.390387
165.905 0.391789
165.899 0.391877
165.899 0.391887
165.899 0.391882
165.899 0.391882
165.899 0.391882
165.899 0.391882
165.899 0.391803
165.899 0.391803
165.899 0.391803
166 0.390319
166.067 0.389323
166.563 0.381764
166.177 0.387681
166.177 0.387691
166.177 0.387691
166.177 0.387691
166.177 0.387691
166.177 0.387691
166.177 0.387691
166.177 0.387691
166.177 0.387691
166.177 0.387691
166.177 0.387691
166.177 0.38769
166.347 0.385113
166.889 0.376654
166.541 0.382153
166.537 0.382216
166.536 0.382218
166.537 0.382217
166.537 0.382217
166.537 0.382217
166.537 0.382217
166.537 0.382217
166.537 0.382216
166.712 0.379469
166.611 0.381066
166.61 0.381085
166.61 0.381085
166.61 0.381085
166.61 0.381085
166.61 0.381085
166.61 0.381085
166.61 0.381085
166.61 0.381085
166.61 0.381085
166.61 0.381085
166.61 0.381085
166.61 0.381085
166.61 0.381084
166.785 0.378329
167 0.374943
166.809 0.377962
166.808 0.377973
166.808 0.377973
166.808 0.377973
166.808 0.377973
166.808 0.377973
166.808 0.377973
166.808 0.377973
166.808 0.377973
166.808 0.377973
166.808 0.377973
166.808 0.377972
166.986 0.375145
167 0.374917
167.604 0.365057
167.554 0.365892
167.552 0.36593
167.552 0.365934
167.552 0.365932
167.552 0.365932
167.552 0.365932
167.552 0.365932
167.552 0.365931
167.737 0.36286
168 0.358483
168.401 0.351627
169 0.341222
168.476 0.350337
168.487 0.350152
168.49 0.3501
168.488 0.350122
168.488 0.350122
168.488 0.350122
168.488 0.350122
168.488 0.350122
168.488 0.350122
168.488 0.350122
168.488 0.35012
168.677 0.346874
169 0.341349
169.367 0.334929
169.015 0.341081
169.016 0.341072
169.016 0.341072
169.016 0.341072
169.016 0.341072
169.016 0.341072
169.016 0.341072
169.016 0.341071
169.208 0.337725
169.042 0.34063
169.044 0.340599
169.044 0.340595
169.044 0.340597
169.044 0.340597
169.044 0.340597
169.044 0.340597
169.044 0.340597
169.044 0.340597
169.044 0.340597
169.044 0.340597
169.044 0.340597
169.044 0.340597
169.044 0.340597
169.044 0.340596
169.236 0.337249
169.173 0.338357
169.16 0.338583
169.172 0.338379
169.173 0.338359
169.173 0.338357
169.173 0.338357
169.173 0.338357
169.173 0.338357
169.173 0.338357
169.173 0.338357
169.173 0.338357
169.173 0.338357
169.173 0.338593
169.173 0.338593
169.284 0.336637
169.918 0.325525
170 0.324076
170.551 0.314371
170.452 0.316112
170.452 0.316125
170.452 0.316126
170.452 0.316125
170.452 0.316125
170.452 0.316125
170.452 0.316125
170.452 0.316125
170.452 0.316125
170.452 0.316125
170.452 0.316125
170.452 0.316125
170.452 0.316124
170.654 0.312613
171 0.306725
171.365 0.300422
171.297 0.301598
171.3 0.301555
171.3 0.301554
171.3 0.301555
171.3 0.301555
171.3 0.301555
171.3 0.301554
171.3 0.301553
171.504 0.298073
172 0.289729
171.87 0.291932
171.867 0.291971
171.867 0.291972
171.867 0.291971
171.867 0.291971
171.867 0.291968
171.867 0.291968
171.867 0.291968
172 0.289738
172.067 0.288597
172.763 0.27697
172.072 0.288508
172.072 0.288512
172.072 0.288512
172.072 0.288512
172.072 0.288512
172.072 0.288512
172.072 0.288512
172.072 0.288512
172.072 0.288512
172.072 0.288512
172.072 0.28851
172.27 0.285174
172.973 0.27348
173 0.273037
173.676 0.261798
174 0.256436
173.694 0.261506
173.694 0.261505
173.694 0.261505
173.694 0.261505
173.694 0.261505
173.694 0.261505
173.694 0.261505
173.694 0.261505
173.694 0.261505
173.694 0.261505
173.694 0.261504
173.897 0.258189
173.735 0.260841
173.736 0.260825
173.736 0.260824
173.736 0.260825
173.736 0.260825
173.736 0.260825
173.736 0.260825
173.736 0.260825
173.736 0.260824
173.943 0.257439
174 0.256529
173.961 0.257162
173.961 0.257161
173.961 0.257161
173.961 0.257161
173.961 0.257161
173.961 0.257161
173.961 0.257161
173.961 0.257161
173.961 0.257161
173.961 0.257161
174 0.256518
174.071 0.255351
174.783 0.243695
175 0.240102
175.495 0.231822
176 0.223283
175.602 0.230033
175.601 0.23004
175.601 0.23004
175.601 0.23004
175.601 0.23004
175.601 0.23004
175.601 0.230039
175.82 0.226384
176 0.223389
175.919 0.224739
175.919 0.22475
175.919 0.22475
175.919 0.22475
175.919 0.22475
175.919 0.22475
175.919 0.22475
175.919 0.224749
176 0.223381
176.109 0.221521
176.87 0.208411
176.453 0.215683
176.46 0.21558
176.46 0.215577
176.46 0.215578
176.46 0.215578
176.46 0.215578
176.46 0.215578
176.46 0.215577
176.68 0.211766
177 0.206188
176.693 0.211538
176.693 0.211531
176.693 0.21153
176.693 0.211531
176.693 0.211531
176.693 0.211531
176.693 0.211531
176.693 0.21153
176.913 0.207691
176.835 0.20907
176.837 0.209031
176.837 0.20903
176.837 0.20903
176.837 0.20903
176.837 0.20903
176.837 0.20903
176.837 0.20903
176.837 0.20903
176.837 0.20903
176.837 0.20903
176.837 0.20903
176.837 0.20903
176.837 0.20903
177 0.206166
177.056 0.205158
177.817 0.191437
177.312 0.200635
177.318 0.20054
177.318 0.200536
177.318 0.200538
177.318 0.200538
177.318 0.200538
177.318 0.200538
177.318 0.200537
177.545 0.196435
177.348 0.200004
177.347 0.200012
177.347 0.200012
177.347 0.200012
177.347 0.200012
177.347 0.200012
177.347 0.200012
177.347 0.200012
177.347 0.200012
177.347 0.200012
177.347 0.199994
177.347 0.199992
177.561 0.196122
178 0.188088
178.31 0.182229
179 0.168874
178.827 0.172278
178.829 0.172241
178.829 0.172241
178.829 0.172241
178.829 0.172241
178.829 0.172241
178.829 0.172241
178.829 0.172241
178.829 0.172241
178.829 0.172241
178.829 0.172241
178.829 0.172241
178.829 0.172241
179 0.168901
178.937 0.170141
178.936 0.170156
178.936 0.170156
178.936 0.170156
178.936 0.170156
178.936 0.170156
178.936 0.170156
178.936 0.170155
179 0.168907
179.096 0.167016
179.054 0.167837
179.054 0.167834
179.054 0.167834
179.054 0.167834
179.054 0.167834
179.054 0.167834
179.054 0.167834
179.054 0.167834
179.054 0.167834
179.054 0.167834
179.055 0.167832
179.276 0.163448
180 0.148737
179.319 0.162589
179.321 0.16255
179.321 0.162546
179.321 0.162548
179.321 0.162548
179.321 0.162548
179.321 0.162548
179.321 0.162548
179.321 0.162548
179.321 0.162546
179.545 0.158054
180 0.148772
179.713 0.154664
179.711 0.154709
179.711 0.15471
179.711 0.154709
179.711 0.154709
179.711 0.154702
179.711 0.154702
179.711 0.154701
179.931 0.150168
179.874 0.151349
179.872 0.151404
179.871 0.151409
179.871 0.151407
179.871 0.151407
179.871 0.151407
179.871 0.151407
179.871 0.151407
179.871 0.151407
179.871 0.151407
179.871 0.151407
179.871 0.151407
179.871 0.151407
179.871 0.151379
179.872 0.151379
180 0.148728
180.091 0.146833
180.856 0.130554
180.83 0.131138
180.829 0.131151
180.829 0.131152
180.829 0.131152
180.829 0.131152
180.829 0.131152
180.829 0.131151
180.829 0.131151
181 0.127437
181.039 0.126574
181.805 0.109574
182 0.105135
182.57 0.0919668
183 0.081886
182.847 0.0854925
182.848 0.085464
182.848 0.0854637
182.848 0.0854639
182.848 0.0854638
182.848 0.0854639
182.848 0.0854639
182.848 0.0854639
182.848 0.0854639
182.848 0.0854639
182.848 0.0854639
182.848 0.0854639
182.848 0.0854631
183 0.0819241
182.86 0.0851843
182.86 0.0851794
182.86 0.0851792
182.86 0.0851793
182.86 0.0851793
182.86 0.0851793
182.86 0.0851793
182.86 0.0851793
182.86 0.0851793
182.86 0.0851793
182.86 0.0851793
182.86 0.0851786
183 0.0819315
183.084 0.0799502
183.888 0.0609465
183.828 0.0623928
183.825 0.062474
183.824 0.062483
183.824 0.0624787
183.824 0.0624787
183.824 0.0624792
183.824 0.0624788
183.824 0.0624787
183.824 0.0624787
183.824 0.0624787
183.824 0.0624787
183.824 0.0624787
183.824 0.0624787
183.824 0.0624787
183.824 0.0624779
184 0.0582831
184.042 0.0572709
184.034 0.0574469
184.035 0.0574462
184.035 0.0574462
184.035 0.0574462
184.035 0.0574462
184.035 0.0574462
184.035 0.0574462
184.035 0.0574462
184.035 0.0574462
184.035 0.0574433
184.261 0.052014
184.117 0.0554754
184.119 0.0554251
184.12 0.0554226
184.12 0.0554238
184.12 0.0554238
184.12 0.0554238
184.12 0.0554235
184.12 0.055421
184.348 0.049926
185 0.0342345
184.471 0.0469985
184.469 0.047047
184.469 0.0470474
184.469 0.0470472
184.469 0.0470472
184.469 0.0470472
184.469 0.0470472
184.469 0.0470472
184.469 0.0470472
184.469 0.0470472
184.469 0.0470472
184.469 0.0470472
184.469 0.0470453
184.688 0.0417672
185 0.0342878
185.446 0.0233895
186 0.00984295
186.205 0.00480523
186.963 -0.0137619
186.401 1.40646e-06
186.401 6.38273e-10
186.401 -6.37693e-10
186.401 -4.44089e-16
186.401 6.38272e-11
186.401 6.38267e-12
186.401 6.386e-13
186.401 6.37268e-14
186.401 -4.44089e-16
186.401 -2.12945e-06
186.637 -0.00571177
187 -0.0143327
187.409 -0.0242641
188 -0.0385075
187.411 -0.0243109
187.411 -0.0243116
187.411 -0.0243116
187.411 -0.0243116
187.411 -0.0243116
187.411 -0.0243116
187.411 -0.0243116
187.411 -0.0243116
187.411 -0.0243116
187.411 -0.0243116
187.411 -0.0243137
187.635 -0.0296985
188 -0.038283
187.835 -0.0343752
187.835 -0.0343837
187.835 -0.0343837
187.835 -0.0343837
187.835 -0.0343837
187.835 -0.0343838
187.835 -0.0343845
188 -0.0383071
188.05 -0.039529
188.754 -0.0561481
188.445 -0.0487861
188.47 -0.0493765
188.473 -0.0494464
188.472 -0.0494138
188.472 -0.0494139
188.472 -0.0494139
188.472 -0.0494139
188.472 -0.0494139
188.472 -0.0494141
188.472 -0.0494158
188.682 -0.0543824
189 -0.0617091
189.367 -0.070325
189.366 -0.0702807
189.366 -0.070281
189.366 -0.070281
189.366 -0.070281
189.366 -0.070281
189.366 -0.0702812
189.366 -0.0702831
189.551 -0.0745593
189.417 -0.0714439
189.416 -0.0714257
189.416 -0.0714255
189.416 -0.0714256
189.416 -0.0714256
189.416 -0.0714256
189.416 -0.0714256
189.416 -0.0714256
189.416 -0.0714256
189.416 -0.0714256
189.416 -0.0714256
189.416 -0.0714256
189.416 -0.0714256
189.416 -0.0714276
189.597 -0.0755792
189.44 -0.071972
189.44 -0.0719658
189.44 -0.0719658
189.44 -0.0719658
189.44 -0.0719658
189.44 -0.0719658
189.44 -0.0719658
189.44 -0.0719658
189.44 -0.0719658
189.44 -0.0719658
189.44 -0.0719658
189.44 -0.0719678
189.616 -0.0760208
190 -0.0845444
189.842 -0.0810235
189.86 -0.0814084
189.862 -0.08146
189.861 -0.0814363
189.861 -0.0814363
189.861 -0.0814363
189.861 -0.0814363
189.861 -0.0814363
189.861 -0.0814363
189.861 -0.0814363
189.861 -0.081437
190 -0.0845464
189.976 -0.0840063
189.976 -0.0839932
189.976 -0.0839926
189.976 -0.0839929
189.976 -0.0839929
189.976 -0.0839928
189.976 -0.0839929
189.976 -0.0839929
189.976 -0.0839929
189.976 -0.0839929
189.976 -0.0839929
189.976 -0.0839929
189.976 -0.0840123
189.976 -0.0840125
190 -0.0845617
189.982 -0.0841601
189.982 -0.0841604
189.982 -0.0841604
189.982 -0.0841604
189.982 -0.0841604
189.982 -0.0841604
189.982 -0.0841604
189.982 -0.0841604
189.982 -0.0841604
189.982 -0.0841605
190 -0.0845631
190.044 -0.0855729
190.645 -0.0987103
190.1 -0.0867695
190.104 -0.0868674
190.105 -0.0868832
190.105 -0.086876
190.105 -0.086876
190.105 -0.086876
190.105 -0.086876
190.105 -0.0868774
190.275 -0.0906541
190.934 -0.104802
190.695 -0.099628
190.704 -0.0998197
190.705 -0.0998276
190.704 -0.0998237
190.704 -0.0998237
190.704 -0.0998241
190.704 -0.0998238
190.704 -0.0998238
190.704 -0.0998237
190.704 -0.0998237
190.704 -0.0998237
190.704 -0.0998237
190.704 -0.0998237
190.704 -0.0998237
190.704 -0.0998249
190.876 -0.103493
191 -0.106023
190.946 -0.10492
190.946 -0.104926
190.946 -0.104926
190.946 -0.104926
190.946 -0.104926
190.946 -0.104926
190.946 -0.104926
190.946 -0.104926
190.946 -0.104926
190.946 -0.104926
190.946 -0.104926
190.946 -0.104927
191 -0.106051
191.089 -0.107942
191.059 -0.107305
191.059 -0.107303
191.059 -0.107303
191.059 -0.107303
191.059 -0.107303
191.059 -0.107303
191.059 -0.107303
191.059 -0.107303
191.059 -0.107303
191.059 -0.107303
191.059 -0.107306
191.229 -0.110846
191.872 -0.12361
192 -0.126071
192.515 -0.135717
192.223 -0.130307
192.226 -0.130354
192.226 -0.130355
192.226 -0.130354
192.226 -0.130354
192.226 -0.130354
192.226 -0.130354
192.226 -0.130356
192.391 -0.133362
192.301 -0.131696
192.301 -0.131714
192.302 -0.131714
192.302 -0.131714
192.302 -0.131714
192.302 -0.131714
192.302 -0.131714
192.302 -0.131716
192.473 -0.134803
193 -0.143619
192.565 -0.136333
192.566 -0.136356
192.566 -0.136357
192.566 -0.136356
192.566 -0.136356
192.566 -0.136356
192.566 -0.136356
192.566 -0.136357
192.744 -0.139435
192.574 -0.136489
192.574 -0.136487
192.574 -0.136487
192.574 -0.136487
192.574 -0.136487
192.574 -0.136487
192.574 -0.136488
192.747 -0.139486
192.721 -0.139015
192.721 -0.139024
192.721 -0.139024
192.721 -0.139024
192.721 -0.139024
192.721 -0.139024
192.721 -0.139024
192.721 -0.139024
192.721 -0.139024
192.721 -0.139024
192.721 -0.139024
192.721 -0.139025
192.898 -0.142
193 -0.143592
192.932 -0.142535
192.933 -0.14254
192.933 -0.14254
192.933 -0.14254
192.933 -0.14254
192.933 -0.14254
192.933 -0.14254
192.933 -0.14254
192.933 -0.14254
192.933 -0.14254
192.933 -0.14254
192.933 -0.14254
193 -0.143619
193.102 -0.145296
193.071 -0.144778
193.071 -0.144785
193.071 -0.144785
193.071 -0.144785
193.071 -0.144785
193.071 -0.144785
193.071 -0.144785
193.071 -0.144785
193.071 -0.144785
193.071 -0.144785
193.071 -0.144785
193.071 -0.144787
193.258 -0.147733
193.896 -0.15691
193.505 -0.151315
193.514 -0.151441
193.515 -0.15145
193.515 -0.151446
193.515 -0.151446
193.515 -0.151446
193.515 -0.151446
193.515 -0.151446
193.515 -0.151446
193.515 -0.151446
193.515 -0.151446
193.515 -0.151446
193.515 -0.151446
193.515 -0.151446
193.515 -0.151447
193.706 -0.154202
194 -0.158067
194.338 -0.162428
194.97 -0.169578
195 -0.169887
195.602 -0.175351
195.367 -0.173378
195.362 -0.173336
195.362 -0.173335
195.362 -0.173335
195.362 -0.173335
195.362 -0.173335
195.362 -0.173336
195.362 -0.173336
195.565 -0.17491
196 -0.177744
195.584 -0.17504
195.584 -0.175036
195.584 -0.175036
195.584 -0.175036
195.584 -0.175036
195.584 -0.175036
195.584 -0.175036
195.584 -0.175036
195.584 -0.175036
195.584 -0.175036
195.584 -0.17505
195.584 -0.17505
195.78 -0.176435
196 -0.177758
195.786 -0.176475
195.786 -0.176475
195.786 -0.176475
195.786 -0.176475
195.786 -0.176475
195.786 -0.176475
195.786 -0.176475
195.786 -0.176475
195.786 -0.176475
195.786 -0.176475
195.992 -0.177791
196 -0.177836
196.644 -0.181128
197 -0.182548
197.296 -0.183483
197.237 -0.183315
197.236 -0.183312
197.236 -0.183311
197.236 -0.183311
197.236 -0.183311
197.236 -0.183311
197.236 -0.183311
197.236 -0.183312
197.462 -0.183772
198 -0.184366
197.545 -0.183873
197.54 -0.183867
197.54 -0.183867
197.54 -0.183867
197.54 -0.183867
197.54 -0.183867
197.54 -0.183867
197.54 -0.183868
197.764 -0.184178
198 -0.184315
198.446 -0.184506
199 -0.184293
199.128 -0.184176
199.811 -0.183175
199.539 -0.183659
199.53 -0.183674
199.529 -0.183674
199.529 -0.183674
199.529 -0.183674
199.529 -0.183674
199.529 -0.183674
199.529 -0.183674
199.529 -0.183674
199.529 -0.183674
199.529 -0.183674
199.529 -0.183674
199.529 -0.183674
199.529 -0.183695
199.529 -0.183695
199.749 -0.183232
200 -0.182706
199.905 -0.182904
199.903 -0.182907
199.903 -0.182907
199.903 -0.182907
199.903 -0.182907
199.903 -0.182907
199.903 -0.182907
199.903 -0.182907
200 -0.182693
199.914 -0.182881
199.914 -0.182881
199.914 -0.182881
199.914 -0.182881
199.914 -0.182903
199.914 -0.182903
199.914 -0.182903
200 -0.182715
199.946 -0.18283
199.946 -0.182831
199.946 -0.182831
199.946 -0.182831
199.946 -0.182831
199.946 -0.182831
199.946 -0.182831
200 -0.182716
